slug,team,abbr,year,pick,round,actual_name,actual_pid,actual_org,actual_war,actual_seasons_scored,actual_model_rank,actual_on_board,actual_join,model_name,model_pid,model_org,model_war,model_seasons_scored,model_rank,model_score,model_actual_pick,model_drafted_by,hindsight_name,hindsight_war,hindsight_actual_pick,hindsight_drafted_by,delta_war,verdict,war_note,drafting_team_note
atlanta-hawks,Atlanta Hawks,ATL,2019,8,1,Jaxson Hayes,Ped6b9a1a7c,Texas,2.015,5,3,True,nba_id,Goga Bitadze,P5277c76d51,KK Mega Leks (Serbia),3.728,5,2,0.982759,18,IND,Cameron Johnson,17.195,11,MIN,1.713,model,,team that made the selection on draft night; draft-night trades are not reflected
atlanta-hawks,Atlanta Hawks,ATL,2019,10,1,Cam Reddish,P2f61c21e93,Duke,-0.913,5,50,True,nba_id,Goga Bitadze,P5277c76d51,KK Mega Leks (Serbia),3.728,5,2,0.982759,18,IND,Cameron Johnson,17.195,11,MIN,4.641,model,,team that made the selection on draft night; draft-night trades are not reflected
atlanta-hawks,Atlanta Hawks,ATL,2019,35,2,Didi Louzada,P2bdd03741b,Sesi Franca (Brazil),-0.8,2,29,True,nba_id,Bol Bol,P273938bb97,Oregon,1.891,5,5,0.931034,44,MIA,Daniel Gafford,13.092,38,CHI,2.691,model,,team that made the selection on draft night; draft-night trades are not reflected
atlanta-hawks,Atlanta Hawks,ATL,2020,6,1,Onyeka Okongwu,P6232d5a44f,Southern California,14.466,5,1,True,nba_id,Tyrese Haliburton,P1388f2fd26,Iowa State,38.497,5,2,0.982759,12,SAC,Tyrese Haliburton,38.497,12,SAC,24.031,model,,team that made the selection on draft night; draft-night trades are not reflected
atlanta-hawks,Atlanta Hawks,ATL,2020,50,2,Skylar Mays,P2ca61183dc,Louisiana State,0.575,4,40,True,nba_id,Paul Reed,P170284fab5,DePaul,6.718,5,8,0.87931,58,PHI,Paul Reed,6.718,58,PHI,6.142,model,,team that made the selection on draft night; draft-night trades are not reflected
atlanta-hawks,Atlanta Hawks,ATL,2021,20,1,Jalen Johnson,P392363bcf2,Duke,16.99,5,17,True,nba_id,Neemias Queta,P90932c4b0a,Utah State,7.794,5,8,0.875,39,SAC,Herbert Jones,15.06,35,NOP,-9.196,team,,team that made the selection on draft night; draft-night trades are not reflected
atlanta-hawks,Atlanta Hawks,ATL,2021,48,2,Sharife Cooper,P1e1b55c58c,Auburn,-1.001,2,46,True,nba_id,Charles Bassey,P0326e23b0d,Western Kentucky,1.798,5,20,0.660714,53,PHI,Aaron Wiggins,7.587,55,OKC,2.799,model,,team that made the selection on draft night; draft-night trades are not reflected
atlanta-hawks,Atlanta Hawks,ATL,2022,16,1,AJ Griffin,Pa95793f720,Duke,0.7,2,29,True,nba_id,Walker Kessler,Pa5128e8532,Auburn,12.86,4,4,0.942308,22,MEM,Walker Kessler,12.86,22,MEM,12.16,model,,team that made the selection on draft night; draft-night trades are not reflected
atlanta-hawks,Atlanta Hawks,ATL,2022,44,2,Ryan Rollins,Pafb050f1ad,Toledo,3.82,4,27,True,nba_id,Josh Minott,P76f8234113,Memphis,3.25,4,17,0.692308,45,CHA,Josh Minott,3.25,45,CHA,-0.57,team,,team that made the selection on draft night; draft-night trades are not reflected
atlanta-hawks,Atlanta Hawks,ATL,2023,15,1,Kobe Bufkin,P6b4a74f110,Michigan,-0.62,3,13,True,nba_id,Brandin Podziemski,P0db0d3c576,Santa Clara,9.07,3,4,0.946429,19,GSW,Brandin Podziemski,9.07,19,GSW,9.69,model,,team that made the selection on draft night; draft-night trades are not reflected
atlanta-hawks,Atlanta Hawks,ATL,2023,46,2,Seth Lundy,Pc074e62881,Penn State,-0.18,1,35,True,nba_id,Trayce Jackson-Davis,P396ba96b58,Indiana,4.65,3,12,0.803571,57,WAS,Toumani Camara,6.82,52,PHX,4.83,model,,team that made the selection on draft night; draft-night trades are not reflected
atlanta-hawks,Atlanta Hawks,ATL,2024,1,1,Zaccharie Risacher,P23152d31e2,JL Bourg (France),-0.75,2,21,True,nba_id,Reed Sheppard,P473649a3ff,Kentucky,5.94,2,1,1.0,3,HOU,Donovan Clingan,8.59,7,POR,6.69,model,,team that made the selection on draft night; draft-night trades are not reflected
atlanta-hawks,Atlanta Hawks,ATL,2025,13,1,Derik Queen,P15b8c13058,Maryland,2.29,1,13,True,nba_id,Thomas Sorber,P3f654a33fe,Georgetown,0.0,0,6,0.912281,15,OKC,Ryan Kalkbrenner,3.33,34,CHA,-2.29,team,,team that made the selection on draft night; draft-night trades are not reflected
atlanta-hawks,Atlanta Hawks,ATL,2025,22,1,Drake Powell,P9b4a07a3b9,North Carolina,-2.45,1,30,True,nba_id,Jase Richardson,P679974836f,Michigan State,0.13,1,7,0.894737,25,ORL,Ryan Kalkbrenner,3.33,34,CHA,2.58,model,,team that made the selection on draft night; draft-night trades are not reflected
boston-celtics,Boston Celtics,BOS,2019,14,1,Romeo Langford,P714602a9aa,Indiana,0.896,4,41,True,nba_id,Goga Bitadze,P5277c76d51,KK Mega Leks (Serbia),3.728,5,2,0.982759,18,IND,Nic Claxton,16.337,31,BKN,2.832,model,,team that made the selection on draft night; draft-night trades are not reflected
boston-celtics,Boston Celtics,BOS,2019,20,1,Matisse Thybulle,P4832cf3ea3,Washington,15.618,5,19,True,nba_id,Bol Bol,P273938bb97,Oregon,1.891,5,5,0.931034,44,MIA,Nic Claxton,16.337,31,BKN,-13.727,team,,team that made the selection on draft night; draft-night trades are not reflected
boston-celtics,Boston Celtics,BOS,2019,22,1,Grant Williams,P023bbe5ec1,Tennessee,7.156,5,7,True,nba_id,Bol Bol,P273938bb97,Oregon,1.891,5,5,0.931034,44,MIA,Nic Claxton,16.337,31,BKN,-5.265,team,,team that made the selection on draft night; draft-night trades are not reflected
boston-celtics,Boston Celtics,BOS,2019,51,2,Tremont Waters,Pf6db5ed983,Louisiana State,-0.31,3,24,True,nba_id,Kyle Guy,Pb69fbd28c6,Virginia,-0.338,3,33,0.448276,55,NYK,Jalen McDaniels,0.345,52,CHA,-0.028,tie,,team that made the selection on draft night; draft-night trades are not reflected
boston-celtics,Boston Celtics,BOS,2020,14,1,Aaron Nesmith,Pe6c9de6d86,Vanderbilt,5.573,5,27,True,nba_id,Xavier Tillman,P1f88525e9f,Michigan State,5.26,5,4,0.948276,35,SAC,Desmond Bane,26.923,30,BOS,-0.313,team,,team that made the selection on draft night; draft-night trades are not reflected
boston-celtics,Boston Celtics,BOS,2020,26,1,Payton Pritchard,Pf46613d969,Oregon,14.706,5,16,True,nba_id,Xavier Tillman,P1f88525e9f,Michigan State,5.26,5,4,0.948276,35,SAC,Desmond Bane,26.923,30,BOS,-9.447,team,,team that made the selection on draft night; draft-night trades are not reflected
boston-celtics,Boston Celtics,BOS,2020,30,1,Desmond Bane,P5be180758a,Texas Christian,26.923,5,14,True,nba_id,Xavier Tillman,P1f88525e9f,Michigan State,5.26,5,4,0.948276,35,SAC,Isaiah Joe,10.928,49,PHI,-21.663,team,,team that made the selection on draft night; draft-night trades are not reflected
boston-celtics,Boston Celtics,BOS,2020,47,2,Yam Madar,,Hapoel Galil Elyon (Israel),0.0,0,,False,none,Paul Reed,P170284fab5,DePaul,6.718,5,8,0.87931,58,PHI,Isaiah Joe,10.928,49,PHI,6.718,model,actual pick has no pre-draft/outcome record; WAR imputed 0,team that made the selection on draft night; draft-night trades are not reflected
boston-celtics,Boston Celtics,BOS,2021,45,2,Juhann Begarin,,Paris (France),0.0,0,,False,none,Charles Bassey,P0326e23b0d,Western Kentucky,1.798,5,20,0.660714,53,PHI,Aaron Wiggins,7.587,55,OKC,1.798,model,actual pick has no pre-draft/outcome record; WAR imputed 0,team that made the selection on draft night; draft-night trades are not reflected
boston-celtics,Boston Celtics,BOS,2022,53,2,JD Davison,Pa067c50f94,Alabama,0.06,4,47,True,nba_id,Luke Travers,Pd4287ba490,Perth Wildcats (Australia),-0.26,2,25,0.538462,56,CLE,Gui Santos,2.36,55,GSW,-0.32,team,,team that made the selection on draft night; draft-night trades are not reflected
boston-celtics,Boston Celtics,BOS,2023,35,2,Julian Phillips,P89e5a35bc7,Tennessee,-0.38,3,32,True,nba_id,Trayce Jackson-Davis,P396ba96b58,Indiana,4.65,3,12,0.803571,57,WAS,Toumani Camara,6.82,52,PHX,5.03,model,,team that made the selection on draft night; draft-night trades are not reflected
boston-celtics,Boston Celtics,BOS,2024,30,1,Baylor Scheierman,Pfd3b474513,Creighton,3.19,2,27,True,nba_id,Adem Bona,P84e9dcbb3e,California-Los Angeles,-0.06,2,3,0.963636,41,PHI,Cam Spencer,4.88,53,DET,-3.25,team,,team that made the selection on draft night; draft-night trades are not reflected
boston-celtics,Boston Celtics,BOS,2024,54,2,Anton Watson,P414be319a7,Gonzaga,-0.08,1,23,True,nba_id,Kevin McCullar Jr.,Pd62847824a,Kansas,-0.06,2,28,0.509091,56,PHX,Kevin McCullar Jr.,-0.06,56,PHX,0.02,tie,,team that made the selection on draft night; draft-night trades are not reflected
boston-celtics,Boston Celtics,BOS,2025,28,1,Hugo González,P6ddd309f80,Real Madrid Baloncesto (Spain),0.56,1,15,True,nba_id,Johni Broome,Pad9c27fcb6,Auburn,-0.27,1,10,0.842105,35,PHI,Ryan Kalkbrenner,3.33,34,CHA,-0.83,team,,team that made the selection on draft night; draft-night trades are not reflected
boston-celtics,Boston Celtics,BOS,2025,32,2,Noah Penda,Pdec9ef7c46,Le Mans Sarthe Basket (France),0.61,1,41,True,nba_id,Johni Broome,Pad9c27fcb6,Auburn,-0.27,1,10,0.842105,35,PHI,Ryan Kalkbrenner,3.33,34,CHA,-0.88,team,,team that made the selection on draft night; draft-night trades are not reflected
brooklyn-nets,Brooklyn Nets,BKN,2019,17,1,Nickeil Alexander-Walker,P6f1d3c64d2,Virginia Tech,4.794,5,17,True,nba_id,Goga Bitadze,P5277c76d51,KK Mega Leks (Serbia),3.728,5,2,0.982759,18,IND,Nic Claxton,16.337,31,BKN,-1.066,team,,team that made the selection on draft night; draft-night trades are not reflected
brooklyn-nets,Brooklyn Nets,BKN,2019,27,1,Mfiondu Kabengele,P8209ad6040,Florida State,-0.089,3,42,True,nba_id,Bol Bol,P273938bb97,Oregon,1.891,5,5,0.931034,44,MIA,Nic Claxton,16.337,31,BKN,1.98,model,,team that made the selection on draft night; draft-night trades are not reflected
brooklyn-nets,Brooklyn Nets,BKN,2019,31,2,Nic Claxton,Pe661d7acde,Georgia,16.337,5,27,True,nba_id,Bol Bol,P273938bb97,Oregon,1.891,5,5,0.931034,44,MIA,Daniel Gafford,13.092,38,CHI,-14.445,team,,team that made the selection on draft night; draft-night trades are not reflected
brooklyn-nets,Brooklyn Nets,BKN,2020,19,1,Saddiq Bey,P04526b8576,Villanova,7.148,5,25,True,nba_id,Xavier Tillman,P1f88525e9f,Michigan State,5.26,5,4,0.948276,35,SAC,Desmond Bane,26.923,30,BOS,-1.889,team,,team that made the selection on draft night; draft-night trades are not reflected
brooklyn-nets,Brooklyn Nets,BKN,2020,55,2,Jay Scrubb,Pee12c1b431,John A. Logan,-0.46,3,53,True,nba_id,Paul Reed,P170284fab5,DePaul,6.718,5,8,0.87931,58,PHI,Paul Reed,6.718,58,PHI,7.178,model,,team that made the selection on draft night; draft-night trades are not reflected
brooklyn-nets,Brooklyn Nets,BKN,2021,27,1,Cam Thomas,Pe28113186c,Louisiana State,0.683,5,56,True,nba_id,Neemias Queta,P90932c4b0a,Utah State,7.794,5,8,0.875,39,SAC,Herbert Jones,15.06,35,NOP,7.111,model,,team that made the selection on draft night; draft-night trades are not reflected
brooklyn-nets,Brooklyn Nets,BKN,2021,44,2,Kessler Edwards,P3364db28a5,Pepperdine,-0.239,4,44,True,nba_id,Charles Bassey,P0326e23b0d,Western Kentucky,1.798,5,20,0.660714,53,PHI,Aaron Wiggins,7.587,55,OKC,2.038,model,,team that made the selection on draft night; draft-night trades are not reflected
brooklyn-nets,Brooklyn Nets,BKN,2021,49,2,Marcus Zegarowski,P6bb68789bc,Creighton,0.0,0,,False,name,Charles Bassey,P0326e23b0d,Western Kentucky,1.798,5,20,0.660714,53,PHI,Aaron Wiggins,7.587,55,OKC,1.798,model,,team that made the selection on draft night; draft-night trades are not reflected
brooklyn-nets,Brooklyn Nets,BKN,2021,59,2,RaiQuan Gray,P2b13664da5,Florida State,0.21,2,28,True,nba_id,Georgios Kalaitzakis,Pa09bdf4e64,BC Nevezis (Greece),-1.12,1,47,0.178571,60,IND,Georgios Kalaitzakis,-1.12,60,IND,-1.33,team,,team that made the selection on draft night; draft-night trades are not reflected
brooklyn-nets,Brooklyn Nets,BKN,2023,21,1,Noah Clowney,P9a144a10c5,Alabama,-1.1,3,25,True,nba_id,Trayce Jackson-Davis,P396ba96b58,Indiana,4.65,3,12,0.803571,57,WAS,Toumani Camara,6.82,52,PHX,5.75,model,,team that made the selection on draft night; draft-night trades are not reflected
brooklyn-nets,Brooklyn Nets,BKN,2023,22,1,Dariq Whitehead,Pd742da0a27,Duke,-0.85,3,51,True,nba_id,Trayce Jackson-Davis,P396ba96b58,Indiana,4.65,3,12,0.803571,57,WAS,Toumani Camara,6.82,52,PHX,5.5,model,,team that made the selection on draft night; draft-night trades are not reflected
brooklyn-nets,Brooklyn Nets,BKN,2023,51,2,Jalen Wilson,P18c14dbf8f,Kansas,-3.15,3,55,True,nba_id,Trayce Jackson-Davis,P396ba96b58,Indiana,4.65,3,12,0.803571,57,WAS,Toumani Camara,6.82,52,PHX,7.8,model,,team that made the selection on draft night; draft-night trades are not reflected
brooklyn-nets,Brooklyn Nets,BKN,2025,8,1,Egor Dëmin,P1a135db58f,Brigham Young,0.81,1,55,True,nba_id,Collin Murray-Boyles,P5699f03b57,South Carolina,2.73,1,2,0.982456,9,TOR,Ryan Kalkbrenner,3.33,34,CHA,1.92,model,,team that made the selection on draft night; draft-night trades are not reflected
brooklyn-nets,Brooklyn Nets,BKN,2025,19,1,Nolan Traore,Pd8f68848a0,Saint-Quentin BB (France),-3.06,1,48,True,nba_id,Jase Richardson,P679974836f,Michigan State,0.13,1,7,0.894737,25,ORL,Ryan Kalkbrenner,3.33,34,CHA,3.19,model,,team that made the selection on draft night; draft-night trades are not reflected
brooklyn-nets,Brooklyn Nets,BKN,2025,26,1,Ben Saraf,Pec8256037d,Ratiopharm Ulm (Germany),-2.55,1,24,True,nba_id,Johni Broome,Pad9c27fcb6,Auburn,-0.27,1,10,0.842105,35,PHI,Ryan Kalkbrenner,3.33,34,CHA,2.28,model,,team that made the selection on draft night; draft-night trades are not reflected
brooklyn-nets,Brooklyn Nets,BKN,2025,27,1,Danny Wolf,P307cead4af,Michigan,-0.13,1,19,True,nba_id,Johni Broome,Pad9c27fcb6,Auburn,-0.27,1,10,0.842105,35,PHI,Ryan Kalkbrenner,3.33,34,CHA,-0.14,team,,team that made the selection on draft night; draft-night trades are not reflected
brooklyn-nets,Brooklyn Nets,BKN,2025,36,2,Adou Thiero,P259fbebd69,Arkansas,-0.17,1,23,True,nba_id,Bogoljub Marković,P3651ab0a99,KK Mega Leks (Serbia),0.0,0,17,0.719298,47,MIL,Javon Small,1.34,48,MEM,0.17,model,,team that made the selection on draft night; draft-night trades are not reflected
charlotte-hornets,Charlotte Hornets,CHA,2019,12,1,P.J. Washington,P4a79c6caeb,Kentucky,6.978,5,20,True,nba_id,Goga Bitadze,P5277c76d51,KK Mega Leks (Serbia),3.728,5,2,0.982759,18,IND,Nic Claxton,16.337,31,BKN,-3.25,team,,team that made the selection on draft night; draft-night trades are not reflected
charlotte-hornets,Charlotte Hornets,CHA,2019,36,2,Cody Martin,P1ddfe32e8c,North Carolina State,7.396,5,34,True,nba_id,Bol Bol,P273938bb97,Oregon,1.891,5,5,0.931034,44,MIA,Daniel Gafford,13.092,38,CHI,-5.505,team,,team that made the selection on draft night; draft-night trades are not reflected
charlotte-hornets,Charlotte Hornets,CHA,2019,52,2,Jalen McDaniels,P338a42b9d0,San Diego,0.345,5,36,True,nba_id,Kyle Guy,Pb69fbd28c6,Virginia,-0.338,3,33,0.448276,55,NYK,Dewan Hernandez,0.05,59,TOR,-0.683,team,,team that made the selection on draft night; draft-night trades are not reflected
charlotte-hornets,Charlotte Hornets,CHA,2020,3,1,LaMelo Ball,P3ff36ffdc1,Illawarra (Australia),18.143,5,34,True,nba_id,Onyeka Okongwu,P6232d5a44f,Southern California,14.466,5,1,1.0,6,ATL,Tyrese Haliburton,38.497,12,SAC,-3.677,team,,team that made the selection on draft night; draft-night trades are not reflected
charlotte-hornets,Charlotte Hornets,CHA,2020,32,2,Vernon Carey Jr.,Pad0b972baf,Duke,-0.114,3,33,True,nba_id,Xavier Tillman,P1f88525e9f,Michigan State,5.26,5,4,0.948276,35,SAC,Isaiah Joe,10.928,49,PHI,5.374,model,,team that made the selection on draft night; draft-night trades are not reflected
charlotte-hornets,Charlotte Hornets,CHA,2020,56,2,Grant Riller,Pdc49b6ecb0,College of Charleston,0.022,1,36,True,nba_id,Paul Reed,P170284fab5,DePaul,6.718,5,8,0.87931,58,PHI,Paul Reed,6.718,58,PHI,6.695,model,,team that made the selection on draft night; draft-night trades are not reflected
charlotte-hornets,Charlotte Hornets,CHA,2021,11,1,James Bouknight,Pa090759337,Connecticut,-1.446,3,52,True,nba_id,Alperen Sengun,Pb3cfb2c388,Besiktas (Turkey),29.488,5,6,0.910714,16,OKC,Alperen Sengun,29.488,16,OKC,30.934,model,,team that made the selection on draft night; draft-night trades are not reflected
charlotte-hornets,Charlotte Hornets,CHA,2021,56,2,Scottie Lewis,Pd1118f9ab3,Florida,0.019,1,37,True,nba_id,RaiQuan Gray,P2b13664da5,Florida State,0.21,2,28,0.517857,59,BKN,Jericho Sims,0.938,58,NYK,0.191,model,,team that made the selection on draft night; draft-night trades are not reflected
charlotte-hornets,Charlotte Hornets,CHA,2021,57,2,Balsa Koprivica,P8b8dcb5659,Florida State,0.0,0,,False,name,RaiQuan Gray,P2b13664da5,Florida State,0.21,2,28,0.517857,59,BKN,Jericho Sims,0.938,58,NYK,0.21,model,,team that made the selection on draft night; draft-night trades are not reflected
charlotte-hornets,Charlotte Hornets,CHA,2022,13,1,Jalen Duren,P3a3a5bbbef,Memphis,17.07,4,12,True,nba_id,Walker Kessler,Pa5128e8532,Auburn,12.86,4,4,0.942308,22,MEM,Walker Kessler,12.86,22,MEM,-4.21,team,,team that made the selection on draft night; draft-night trades are not reflected
charlotte-hornets,Charlotte Hornets,CHA,2022,15,1,Mark Williams,P3a5b76349f,Duke,8.42,4,7,True,nba_id,Walker Kessler,Pa5128e8532,Auburn,12.86,4,4,0.942308,22,MEM,Walker Kessler,12.86,22,MEM,4.44,model,,team that made the selection on draft night; draft-night trades are not reflected
charlotte-hornets,Charlotte Hornets,CHA,2022,45,2,Josh Minott,P76f8234113,Memphis,3.25,4,17,True,nba_id,Vince Williams Jr.,P6876f611cb,Virginia Commonwealth,2.46,4,21,0.615385,47,MEM,Vince Williams Jr.,2.46,47,MEM,-0.79,team,,team that made the selection on draft night; draft-night trades are not reflected
charlotte-hornets,Charlotte Hornets,CHA,2023,2,1,Brandon Miller,P664a2ede66,Alabama,6.04,3,5,True,nba_id,Anthony Black,Pa813594724,Arkansas,4.17,3,1,1.0,6,ORL,Amen Thompson,20.43,4,HOU,-1.87,team,,team that made the selection on draft night; draft-night trades are not reflected
charlotte-hornets,Charlotte Hornets,CHA,2023,27,1,Nick Smith Jr.,Pb4a7c38947,Arkansas,-4.44,3,48,True,nba_id,Trayce Jackson-Davis,P396ba96b58,Indiana,4.65,3,12,0.803571,57,WAS,Toumani Camara,6.82,52,PHX,9.09,model,,team that made the selection on draft night; draft-night trades are not reflected
charlotte-hornets,Charlotte Hornets,CHA,2023,34,2,Colby Jones,P9b886526e3,Xavier,-0.2,3,23,True,nba_id,Trayce Jackson-Davis,P396ba96b58,Indiana,4.65,3,12,0.803571,57,WAS,Toumani Camara,6.82,52,PHX,4.85,model,,team that made the selection on draft night; draft-night trades are not reflected
charlotte-hornets,Charlotte Hornets,CHA,2023,39,2,Mouhamed Gueye,P0fe65d2eb8,Washington State,1.54,3,37,True,nba_id,Trayce Jackson-Davis,P396ba96b58,Indiana,4.65,3,12,0.803571,57,WAS,Toumani Camara,6.82,52,PHX,3.11,model,,team that made the selection on draft night; draft-night trades are not reflected
charlotte-hornets,Charlotte Hornets,CHA,2023,41,2,Amari Bailey,Pf85863f4bd,California-Los Angeles,-0.17,1,43,True,nba_id,Trayce Jackson-Davis,P396ba96b58,Indiana,4.65,3,12,0.803571,57,WAS,Toumani Camara,6.82,52,PHX,4.82,model,,team that made the selection on draft night; draft-night trades are not reflected
charlotte-hornets,Charlotte Hornets,CHA,2024,6,1,Tidjane Salaün,P58407301c7,Cholet Basket (France),-1.05,2,51,True,nba_id,Donovan Clingan,Pb0cd5d409b,Connecticut,8.59,2,2,0.981818,7,POR,Donovan Clingan,8.59,7,POR,9.64,model,,team that made the selection on draft night; draft-night trades are not reflected
charlotte-hornets,Charlotte Hornets,CHA,2024,42,2,KJ Simpson,P367a636ba4,Colorado,-1.45,2,34,True,nba_id,Cam Spencer,P4b73f3a250,Connecticut,4.88,2,16,0.727273,53,DET,Cam Spencer,4.88,53,DET,6.33,model,,team that made the selection on draft night; draft-night trades are not reflected
charlotte-hornets,Charlotte Hornets,CHA,2025,4,1,Kon Knueppel,P07268bf0e1,Duke,7.38,1,5,True,nba_id,Collin Murray-Boyles,P5699f03b57,South Carolina,2.73,1,2,0.982456,9,TOR,Ryan Kalkbrenner,3.33,34,CHA,-4.65,team,,team that made the selection on draft night; draft-night trades are not reflected
charlotte-hornets,Charlotte Hornets,CHA,2025,33,2,Sion James,P155e770e32,Duke,0.6,1,37,True,nba_id,Johni Broome,Pad9c27fcb6,Auburn,-0.27,1,10,0.842105,35,PHI,Ryan Kalkbrenner,3.33,34,CHA,-0.87,team,,team that made the selection on draft night; draft-night trades are not reflected
charlotte-hornets,Charlotte Hornets,CHA,2025,34,2,Ryan Kalkbrenner,Pa29e5f68db,Creighton,3.33,1,11,True,nba_id,Johni Broome,Pad9c27fcb6,Auburn,-0.27,1,10,0.842105,35,PHI,Javon Small,1.34,48,MEM,-3.6,team,,team that made the selection on draft night; draft-night trades are not reflected
chicago-bulls,Chicago Bulls,CHI,2019,7,1,Coby White,P43dec358d1,North Carolina,6.866,5,10,True,nba_id,Goga Bitadze,P5277c76d51,KK Mega Leks (Serbia),3.728,5,2,0.982759,18,IND,Cameron Johnson,17.195,11,MIN,-3.139,team,,team that made the selection on draft night; draft-night trades are not reflected
chicago-bulls,Chicago Bulls,CHI,2019,38,2,Daniel Gafford,P2f4b26e6e1,Arkansas,13.092,5,35,True,nba_id,Bol Bol,P273938bb97,Oregon,1.891,5,5,0.931034,44,MIA,Terance Mann,11.815,48,LAC,-11.2,team,,team that made the selection on draft night; draft-night trades are not reflected
chicago-bulls,Chicago Bulls,CHI,2020,4,1,Patrick Williams,P272ac40c3c,Florida State,1.152,5,24,True,nba_id,Onyeka Okongwu,P6232d5a44f,Southern California,14.466,5,1,1.0,6,ATL,Tyrese Haliburton,38.497,12,SAC,13.314,model,,team that made the selection on draft night; draft-night trades are not reflected
chicago-bulls,Chicago Bulls,CHI,2020,44,2,Marko Simonovic,P04b95b58e0,KK Mega Leks (Serbia),-0.032,2,50,True,nba_id,Paul Reed,P170284fab5,DePaul,6.718,5,8,0.87931,58,PHI,Isaiah Joe,10.928,49,PHI,6.75,model,,team that made the selection on draft night; draft-night trades are not reflected
chicago-bulls,Chicago Bulls,CHI,2021,38,2,Ayo Dosunmu,P9fd480084b,Illinois,6.561,5,41,True,nba_id,Neemias Queta,P90932c4b0a,Utah State,7.794,5,8,0.875,39,SAC,Neemias Queta,7.794,39,SAC,1.233,model,,team that made the selection on draft night; draft-night trades are not reflected
chicago-bulls,Chicago Bulls,CHI,2022,18,1,Dalen Terry,P416088a2b5,Arizona State,0.8,4,11,True,nba_id,Walker Kessler,Pa5128e8532,Auburn,12.86,4,4,0.942308,22,MEM,Walker Kessler,12.86,22,MEM,12.06,model,,team that made the selection on draft night; draft-night trades are not reflected
chicago-bulls,Chicago Bulls,CHI,2024,11,1,Matas Buzelis,Pa5d4a8fef6,Ignite (G League),1.75,2,42,True,nba_id,Adem Bona,P84e9dcbb3e,California-Los Angeles,-0.06,2,3,0.963636,41,PHI,Kel'el Ware,6.53,15,MIA,-1.81,team,,team that made the selection on draft night; draft-night trades are not reflected
chicago-bulls,Chicago Bulls,CHI,2025,12,1,Noa Essengue,P32fecc73d2,Ratiopharm Ulm (Germany),-0.06,1,25,True,nba_id,Thomas Sorber,P3f654a33fe,Georgetown,0.0,0,6,0.912281,15,OKC,Ryan Kalkbrenner,3.33,34,CHA,0.06,model,,team that made the selection on draft night; draft-night trades are not reflected
chicago-bulls,Chicago Bulls,CHI,2025,45,2,Rocco Zikarsky,Pb7270acc46,Brisbane (Australia),0.09,1,38,True,nba_id,Bogoljub Marković,P3651ab0a99,KK Mega Leks (Serbia),0.0,0,17,0.719298,47,MIL,Javon Small,1.34,48,MEM,-0.09,team,,team that made the selection on draft night; draft-night trades are not reflected
cleveland-cavaliers,Cleveland Cavaliers,CLE,2019,5,1,Darius Garland,P297d12820e,Vanderbilt,15.292,5,39,True,nba_id,Goga Bitadze,P5277c76d51,KK Mega Leks (Serbia),3.728,5,2,0.982759,18,IND,Cameron Johnson,17.195,11,MIN,-11.564,team,,team that made the selection on draft night; draft-night trades are not reflected
cleveland-cavaliers,Cleveland Cavaliers,CLE,2019,26,1,Dylan Windler,Pf1b3205a09,Belmont,0.985,4,21,True,nba_id,Bol Bol,P273938bb97,Oregon,1.891,5,5,0.931034,44,MIA,Nic Claxton,16.337,31,BKN,0.907,model,,team that made the selection on draft night; draft-night trades are not reflected
cleveland-cavaliers,Cleveland Cavaliers,CLE,2020,5,1,Isaac Okoro,P7699b7f669,Auburn,6.347,5,6,True,nba_id,Onyeka Okongwu,P6232d5a44f,Southern California,14.466,5,1,1.0,6,ATL,Tyrese Haliburton,38.497,12,SAC,8.119,model,,team that made the selection on draft night; draft-night trades are not reflected
cleveland-cavaliers,Cleveland Cavaliers,CLE,2021,3,1,Evan Mobley,Pc3e0235987,Southern California,28.506,5,3,True,nba_id,Jalen Suggs,Pc97a1282a3,Gonzaga,12.819,5,1,1.0,5,ORL,Scottie Barnes,32.032,4,TOR,-15.687,team,,team that made the selection on draft night; draft-night trades are not reflected
cleveland-cavaliers,Cleveland Cavaliers,CLE,2022,14,1,Ochai Agbaji,P9d848af991,Kansas,-0.81,4,30,True,nba_id,Walker Kessler,Pa5128e8532,Auburn,12.86,4,4,0.942308,22,MEM,Walker Kessler,12.86,22,MEM,13.67,model,,team that made the selection on draft night; draft-night trades are not reflected
cleveland-cavaliers,Cleveland Cavaliers,CLE,2022,39,2,Khalifa Diop,,CB Gran Canaria (Spain),0.0,0,,False,none,Josh Minott,P76f8234113,Memphis,3.25,4,17,0.692308,45,CHA,Moussa Diabaté,6.09,43,LAC,3.25,model,actual pick has no pre-draft/outcome record; WAR imputed 0,team that made the selection on draft night; draft-night trades are not reflected
cleveland-cavaliers,Cleveland Cavaliers,CLE,2022,49,2,Isaiah Mobley,P7c29e11a29,Southern California,-0.04,3,36,True,nba_id,Luke Travers,Pd4287ba490,Perth Wildcats (Australia),-0.26,2,25,0.538462,56,CLE,Gui Santos,2.36,55,GSW,-0.22,team,,team that made the selection on draft night; draft-night trades are not reflected
cleveland-cavaliers,Cleveland Cavaliers,CLE,2022,56,2,Luke Travers,Pd4287ba490,Perth Wildcats (Australia),-0.26,2,25,True,nba_id,Jabari Walker,Pdd8eeaed18,Colorado,-1.22,4,33,0.384615,57,POR,Jabari Walker,-1.22,57,POR,-0.96,team,,team that made the selection on draft night; draft-night trades are not reflected
cleveland-cavaliers,Cleveland Cavaliers,CLE,2023,49,2,Emoni Bates,P659b205e3c,Eastern Michigan,-0.27,2,41,True,nba_id,Trayce Jackson-Davis,P396ba96b58,Indiana,4.65,3,12,0.803571,57,WAS,Toumani Camara,6.82,52,PHX,4.92,model,,team that made the selection on draft night; draft-night trades are not reflected
cleveland-cavaliers,Cleveland Cavaliers,CLE,2024,20,1,Jaylon Tyson,Pf120e8dc11,California,2.86,2,19,True,nba_id,Adem Bona,P84e9dcbb3e,California-Los Angeles,-0.06,2,3,0.963636,41,PHI,Cam Spencer,4.88,53,DET,-2.92,team,,team that made the selection on draft night; draft-night trades are not reflected
cleveland-cavaliers,Cleveland Cavaliers,CLE,2025,49,2,Tyrese Proctor,P49b4c451ec,Duke,-0.16,1,51,True,nba_id,Max Shulga,P95c84fe799,Virginia Commonwealth,-0.12,1,26,0.561404,57,ORL,Will Richard,0.96,56,MEM,0.04,tie,,team that made the selection on draft night; draft-night trades are not reflected
cleveland-cavaliers,Cleveland Cavaliers,CLE,2025,58,2,Saliou Niang,,Trento (Italy),0.0,0,,False,none,Jahmai Mashack,P98436c11b0,Tennessee,-1.75,1,34,0.421053,59,HOU,Jahmai Mashack,-1.75,59,HOU,-1.75,team,actual pick has no pre-draft/outcome record; WAR imputed 0,team that made the selection on draft night; draft-night trades are not reflected
dallas-mavericks,Dallas Mavericks,DAL,2019,37,2,Deividas Sirvydis,P027da49c30,BC Lietuvos rytas (Lithuania),-0.041,2,26,True,nba_id,Bol Bol,P273938bb97,Oregon,1.891,5,5,0.931034,44,MIA,Daniel Gafford,13.092,38,CHI,1.932,model,,team that made the selection on draft night; draft-night trades are not reflected
dallas-mavericks,Dallas Mavericks,DAL,2020,18,1,Josh Green,P0cd98a270c,Arizona,2.141,5,10,True,nba_id,Xavier Tillman,P1f88525e9f,Michigan State,5.26,5,4,0.948276,35,SAC,Desmond Bane,26.923,30,BOS,3.118,model,,team that made the selection on draft night; draft-night trades are not reflected
dallas-mavericks,Dallas Mavericks,DAL,2020,31,2,Tyrell Terry,P289da7f9c1,Stanford,0.124,2,23,True,nba_id,Xavier Tillman,P1f88525e9f,Michigan State,5.26,5,4,0.948276,35,SAC,Isaiah Joe,10.928,49,PHI,5.135,model,,team that made the selection on draft night; draft-night trades are not reflected
dallas-mavericks,Dallas Mavericks,DAL,2022,26,1,Wendell Moore Jr.,Pa6b76d042d,Duke,-0.05,4,18,True,nba_id,Andrew Nembhard,P76ebdc8d77,Gonzaga,5.11,4,6,0.903846,31,IND,Jaylin Williams,8.68,34,OKC,5.16,model,,team that made the selection on draft night; draft-night trades are not reflected
dallas-mavericks,Dallas Mavericks,DAL,2023,10,1,Cason Wallace,Pf0ef0714b6,Kentucky,13.71,3,3,True,nba_id,Dereck Lively II,Pdcc28d7d6b,Duke,5.72,3,2,0.982143,12,OKC,Brandin Podziemski,9.07,19,GSW,-7.99,team,,team that made the selection on draft night; draft-night trades are not reflected
dallas-mavericks,Dallas Mavericks,DAL,2025,1,1,Cooper Flagg,P3d8ccdb639,Duke,4.95,1,1,True,nba_id,Collin Murray-Boyles,P5699f03b57,South Carolina,2.73,1,2,0.982456,9,TOR,Kon Knueppel,7.38,4,CHA,-2.22,team,,team that made the selection on draft night; draft-night trades are not reflected
denver-nuggets,Denver Nuggets,DEN,2020,22,1,Zeke Nnaji,Pe237a28a37,Arizona,-0.441,5,18,True,nba_id,Xavier Tillman,P1f88525e9f,Michigan State,5.26,5,4,0.948276,35,SAC,Desmond Bane,26.923,30,BOS,5.701,model,,team that made the selection on draft night; draft-night trades are not reflected
denver-nuggets,Denver Nuggets,DEN,2021,26,1,Bones Hyland,P61d8f8df57,Virginia Commonwealth,6.168,5,40,True,nba_id,Neemias Queta,P90932c4b0a,Utah State,7.794,5,8,0.875,39,SAC,Herbert Jones,15.06,35,NOP,1.626,model,,team that made the selection on draft night; draft-night trades are not reflected
denver-nuggets,Denver Nuggets,DEN,2022,21,1,Christian Braun,P3b1e823247,Kansas,8.13,4,16,True,nba_id,Walker Kessler,Pa5128e8532,Auburn,12.86,4,4,0.942308,22,MEM,Walker Kessler,12.86,22,MEM,4.73,model,,team that made the selection on draft night; draft-night trades are not reflected
denver-nuggets,Denver Nuggets,DEN,2023,40,2,Maxwell Lewis,P655613d84a,Pepperdine,-0.71,2,54,True,nba_id,Trayce Jackson-Davis,P396ba96b58,Indiana,4.65,3,12,0.803571,57,WAS,Toumani Camara,6.82,52,PHX,5.36,model,,team that made the selection on draft night; draft-night trades are not reflected
denver-nuggets,Denver Nuggets,DEN,2024,28,1,Ryan Dunn,P0d7bcc4d57,Virginia,0.2,2,17,True,nba_id,Adem Bona,P84e9dcbb3e,California-Los Angeles,-0.06,2,3,0.963636,41,PHI,Cam Spencer,4.88,53,DET,-0.26,team,,team that made the selection on draft night; draft-night trades are not reflected
detroit-pistons,Detroit Pistons,DET,2019,15,1,Sekou Doumbouya,P9540818d9f,Limoges CSP (France),-3.573,3,28,True,nba_id,Goga Bitadze,P5277c76d51,KK Mega Leks (Serbia),3.728,5,2,0.982759,18,IND,Nic Claxton,16.337,31,BKN,7.301,model,,team that made the selection on draft night; draft-night trades are not reflected
detroit-pistons,Detroit Pistons,DET,2019,45,2,Isaiah Roby,P90a39c14ab,Nebraska,-2.123,4,25,True,nba_id,Quinndary Weatherspoon,P4797fb50d3,Mississippi State,-0.889,3,22,0.637931,49,SAS,Terance Mann,11.815,48,LAC,1.234,model,,team that made the selection on draft night; draft-night trades are not reflected
detroit-pistons,Detroit Pistons,DET,2020,7,1,Killian Hayes,Pfe5913c014,Ratiopharm Ulm (Germany),-4.144,5,7,True,nba_id,Tyrese Haliburton,P1388f2fd26,Iowa State,38.497,5,2,0.982759,12,SAC,Tyrese Haliburton,38.497,12,SAC,42.642,model,,team that made the selection on draft night; draft-night trades are not reflected
detroit-pistons,Detroit Pistons,DET,2021,1,1,Cade Cunningham,P61afdc25a4,Oklahoma State,22.631,5,4,True,nba_id,Jalen Suggs,Pc97a1282a3,Gonzaga,12.819,5,1,1.0,5,ORL,Scottie Barnes,32.032,4,TOR,-9.812,team,,team that made the selection on draft night; draft-night trades are not reflected
detroit-pistons,Detroit Pistons,DET,2021,37,2,JT Thor,Pc624860c4a,Auburn,-2.173,4,53,True,nba_id,Neemias Queta,P90932c4b0a,Utah State,7.794,5,8,0.875,39,SAC,Neemias Queta,7.794,39,SAC,9.967,model,,team that made the selection on draft night; draft-night trades are not reflected
detroit-pistons,Detroit Pistons,DET,2021,42,2,Isaiah Livers,Pbfadf35dca,Michigan,-0.516,4,34,True,nba_id,Charles Bassey,P0326e23b0d,Western Kentucky,1.798,5,20,0.660714,53,PHI,Aaron Wiggins,7.587,55,OKC,2.315,model,,team that made the selection on draft night; draft-night trades are not reflected
detroit-pistons,Detroit Pistons,DET,2021,52,2,Luka Garza,P60da7b4537,Iowa,3.734,5,25,True,nba_id,Charles Bassey,P0326e23b0d,Western Kentucky,1.798,5,20,0.660714,53,PHI,Aaron Wiggins,7.587,55,OKC,-1.936,team,,team that made the selection on draft night; draft-night trades are not reflected
detroit-pistons,Detroit Pistons,DET,2022,5,1,Jaden Ivey,P16b88a2183,Purdue,-0.48,4,13,True,nba_id,Jeremy Sochan,Pe3c0fc5a9e,Baylor,-0.14,4,3,0.961538,9,SAS,Jalen Williams,22.38,12,OKC,0.34,model,,team that made the selection on draft night; draft-night trades are not reflected
detroit-pistons,Detroit Pistons,DET,2022,46,2,Ismael Kamagate,,Paris (France),0.0,0,,False,none,Vince Williams Jr.,P6876f611cb,Virginia Commonwealth,2.46,4,21,0.615385,47,MEM,Vince Williams Jr.,2.46,47,MEM,2.46,model,actual pick has no pre-draft/outcome record; WAR imputed 0,team that made the selection on draft night; draft-night trades are not reflected
detroit-pistons,Detroit Pistons,DET,2023,5,1,Ausar Thompson,P9180c4596b,Overtime Elite,10.73,3,10,True,nba_id,Anthony Black,Pa813594724,Arkansas,4.17,3,1,1.0,6,ORL,Cason Wallace,13.71,10,DAL,-6.56,team,,team that made the selection on draft night; draft-night trades are not reflected
detroit-pistons,Detroit Pistons,DET,2023,31,2,James Nnaji,,FC Barcelona Basquet (Spain),0.0,0,,False,none,Trayce Jackson-Davis,P396ba96b58,Indiana,4.65,3,12,0.803571,57,WAS,Toumani Camara,6.82,52,PHX,4.65,model,actual pick has no pre-draft/outcome record; WAR imputed 0,team that made the selection on draft night; draft-night trades are not reflected
detroit-pistons,Detroit Pistons,DET,2024,5,1,Ronald Holland II,Pe083952d4c,Ignite (G League),1.08,2,29,True,nba_id,Donovan Clingan,Pb0cd5d409b,Connecticut,8.59,2,2,0.981818,7,POR,Donovan Clingan,8.59,7,POR,7.51,model,,team that made the selection on draft night; draft-night trades are not reflected
detroit-pistons,Detroit Pistons,DET,2024,53,2,Cam Spencer,P4b73f3a250,Connecticut,4.88,2,16,True,nba_id,Anton Watson,P414be319a7,Gonzaga,-0.08,1,23,0.6,54,BOS,Kevin McCullar Jr.,-0.06,56,PHX,-4.96,team,,team that made the selection on draft night; draft-night trades are not reflected
detroit-pistons,Detroit Pistons,DET,2025,37,2,Chaz Lanier,Pc0a66d6cca,Tennessee,-0.3,1,56,True,nba_id,Bogoljub Marković,P3651ab0a99,KK Mega Leks (Serbia),0.0,0,17,0.719298,47,MIL,Javon Small,1.34,48,MEM,0.3,model,,team that made the selection on draft night; draft-night trades are not reflected
golden-state-warriors,Golden State Warriors,GSW,2019,28,1,Jordan Poole,Pefa2378416,Michigan,3.735,5,32,True,nba_id,Bol Bol,P273938bb97,Oregon,1.891,5,5,0.931034,44,MIA,Nic Claxton,16.337,31,BKN,-1.844,team,,team that made the selection on draft night; draft-night trades are not reflected
golden-state-warriors,Golden State Warriors,GSW,2019,41,2,Eric Paschall,P7ff4af5e7c,Villanova,-2.084,3,55,True,nba_id,Bol Bol,P273938bb97,Oregon,1.891,5,5,0.931034,44,MIA,Terance Mann,11.815,48,LAC,3.975,model,,team that made the selection on draft night; draft-night trades are not reflected
golden-state-warriors,Golden State Warriors,GSW,2019,58,2,Miye Oni,Pd88f1bdac2,Yale,-0.029,3,48,True,nba_id,Dewan Hernandez,P8a97dbabe6,Miami (FL),0.05,1,37,0.37931,59,TOR,Dewan Hernandez,0.05,59,TOR,0.079,model,,team that made the selection on draft night; draft-night trades are not reflected
golden-state-warriors,Golden State Warriors,GSW,2020,2,1,James Wiseman,Pba698d642d,Memphis,-4.24,5,3,True,nba_id,Onyeka Okongwu,P6232d5a44f,Southern California,14.466,5,1,1.0,6,ATL,Tyrese Haliburton,38.497,12,SAC,18.707,model,,team that made the selection on draft night; draft-night trades are not reflected
golden-state-warriors,Golden State Warriors,GSW,2020,48,2,Nico Mannion,Pc2d24d5902,Arizona,-0.35,1,58,True,nba_id,Paul Reed,P170284fab5,DePaul,6.718,5,8,0.87931,58,PHI,Isaiah Joe,10.928,49,PHI,7.067,model,,team that made the selection on draft night; draft-night trades are not reflected
golden-state-warriors,Golden State Warriors,GSW,2020,51,2,Justinian Jessup,,Boise State,0.0,0,,False,none,Paul Reed,P170284fab5,DePaul,6.718,5,8,0.87931,58,PHI,Paul Reed,6.718,58,PHI,6.718,model,actual pick has no pre-draft/outcome record; WAR imputed 0,team that made the selection on draft night; draft-night trades are not reflected
golden-state-warriors,Golden State Warriors,GSW,2021,7,1,Jonathan Kuminga,P7dcdc4ccdd,Ignite (G League),3.519,5,38,True,nba_id,Franz Wagner,Pb2632428b5,Michigan,25.715,5,2,0.982143,8,ORL,Alperen Sengun,29.488,16,OKC,22.195,model,,team that made the selection on draft night; draft-night trades are not reflected
golden-state-warriors,Golden State Warriors,GSW,2021,14,1,Moses Moody,Pa0882490f6,Arkansas,5.65,5,15,True,nba_id,Alperen Sengun,Pb3cfb2c388,Besiktas (Turkey),29.488,5,6,0.910714,16,OKC,Alperen Sengun,29.488,16,OKC,23.838,model,,team that made the selection on draft night; draft-night trades are not reflected
golden-state-warriors,Golden State Warriors,GSW,2022,28,1,Patrick Baldwin Jr.,P8be99fecd0,Wisconsin-Milwaukee,-0.15,4,45,True,nba_id,Andrew Nembhard,P76ebdc8d77,Gonzaga,5.11,4,6,0.903846,31,IND,Jaylin Williams,8.68,34,OKC,5.26,model,,team that made the selection on draft night; draft-night trades are not reflected
golden-state-warriors,Golden State Warriors,GSW,2022,51,2,Tyrese Martin,P9a2935e78c,Connecticut,-0.98,3,38,True,nba_id,Luke Travers,Pd4287ba490,Perth Wildcats (Australia),-0.26,2,25,0.538462,56,CLE,Gui Santos,2.36,55,GSW,0.72,model,,team that made the selection on draft night; draft-night trades are not reflected
golden-state-warriors,Golden State Warriors,GSW,2022,55,2,Gui Santos,Pd3eb42d2a8,Associacao Atletica Ponte Preta (Brazil),2.36,3,41,True,nba_id,Luke Travers,Pd4287ba490,Perth Wildcats (Australia),-0.26,2,25,0.538462,56,CLE,Luke Travers,-0.26,56,CLE,-2.62,team,,team that made the selection on draft night; draft-night trades are not reflected
golden-state-warriors,Golden State Warriors,GSW,2023,19,1,Brandin Podziemski,P0db0d3c576,Santa Clara,9.07,3,4,True,nba_id,Trayce Jackson-Davis,P396ba96b58,Indiana,4.65,3,12,0.803571,57,WAS,Toumani Camara,6.82,52,PHX,-4.42,team,,team that made the selection on draft night; draft-night trades are not reflected
golden-state-warriors,Golden State Warriors,GSW,2024,52,2,Quinten Post,P0bcbee5c83,Boston College,1.61,2,41,True,nba_id,Cam Spencer,P4b73f3a250,Connecticut,4.88,2,16,0.727273,53,DET,Cam Spencer,4.88,53,DET,3.27,model,,team that made the selection on draft night; draft-night trades are not reflected
golden-state-warriors,Golden State Warriors,GSW,2025,41,2,Koby Brea,Pf25d15a954,Kentucky,0.11,1,45,True,nba_id,Bogoljub Marković,P3651ab0a99,KK Mega Leks (Serbia),0.0,0,17,0.719298,47,MIL,Javon Small,1.34,48,MEM,-0.11,team,,team that made the selection on draft night; draft-night trades are not reflected
houston-rockets,Houston Rockets,HOU,2021,2,1,Jalen Green,P64263ced9d,Ignite (G League),7.545,5,14,True,nba_id,Jalen Suggs,Pc97a1282a3,Gonzaga,12.819,5,1,1.0,5,ORL,Scottie Barnes,32.032,4,TOR,5.274,model,,team that made the selection on draft night; draft-night trades are not reflected
houston-rockets,Houston Rockets,HOU,2021,23,1,Usman Garuba,P4110110f37,Madrid (ESP),0.852,3,19,True,nba_id,Neemias Queta,P90932c4b0a,Utah State,7.794,5,8,0.875,39,SAC,Herbert Jones,15.06,35,NOP,6.942,model,,team that made the selection on draft night; draft-night trades are not reflected
houston-rockets,Houston Rockets,HOU,2021,24,1,Josh Christopher,Pf6213e9937,Arizona State,-1.839,3,49,True,nba_id,Neemias Queta,P90932c4b0a,Utah State,7.794,5,8,0.875,39,SAC,Herbert Jones,15.06,35,NOP,9.633,model,,team that made the selection on draft night; draft-night trades are not reflected
houston-rockets,Houston Rockets,HOU,2022,3,1,Jabari Smith Jr.,P12c0373e62,Auburn,7.51,4,8,True,nba_id,Keegan Murray,P86df290cda,Iowa,8.41,4,1,1.0,4,SAC,Jalen Williams,22.38,12,OKC,0.9,model,,team that made the selection on draft night; draft-night trades are not reflected
houston-rockets,Houston Rockets,HOU,2022,17,1,Tari Eason,P14882ceff6,Louisiana State,8.63,4,5,True,nba_id,Walker Kessler,Pa5128e8532,Auburn,12.86,4,4,0.942308,22,MEM,Walker Kessler,12.86,22,MEM,4.23,model,,team that made the selection on draft night; draft-night trades are not reflected
houston-rockets,Houston Rockets,HOU,2023,4,1,Amen Thompson,P1999b4880f,Overtime Elite,20.43,3,7,True,nba_id,Anthony Black,Pa813594724,Arkansas,4.17,3,1,1.0,6,ORL,Cason Wallace,13.71,10,DAL,-16.26,team,,team that made the selection on draft night; draft-night trades are not reflected
houston-rockets,Houston Rockets,HOU,2023,20,1,Cam Whitmore,P1e59a7a7a1,Villanova,2.12,3,16,True,nba_id,Trayce Jackson-Davis,P396ba96b58,Indiana,4.65,3,12,0.803571,57,WAS,Toumani Camara,6.82,52,PHX,2.53,model,,team that made the selection on draft night; draft-night trades are not reflected
houston-rockets,Houston Rockets,HOU,2024,3,1,Reed Sheppard,P473649a3ff,Kentucky,5.94,2,1,True,nba_id,Donovan Clingan,Pb0cd5d409b,Connecticut,8.59,2,2,0.981818,7,POR,Donovan Clingan,8.59,7,POR,2.65,model,,team that made the selection on draft night; draft-night trades are not reflected
houston-rockets,Houston Rockets,HOU,2024,44,2,Pelle Larsson,Pb1001f743e,Arizona,2.15,2,26,True,nba_id,Cam Spencer,P4b73f3a250,Connecticut,4.88,2,16,0.727273,53,DET,Cam Spencer,4.88,53,DET,2.73,model,,team that made the selection on draft night; draft-night trades are not reflected
houston-rockets,Houston Rockets,HOU,2025,10,1,Khaman Maluach,Pb9eccb67f7,Duke,-0.34,1,12,True,nba_id,Thomas Sorber,P3f654a33fe,Georgetown,0.0,0,6,0.912281,15,OKC,Ryan Kalkbrenner,3.33,34,CHA,0.34,model,,team that made the selection on draft night; draft-night trades are not reflected
indiana-pacers,Indiana Pacers,IND,2019,18,1,Goga Bitadze,P5277c76d51,KK Mega Leks (Serbia),3.728,5,2,True,nba_id,Bol Bol,P273938bb97,Oregon,1.891,5,5,0.931034,44,MIA,Nic Claxton,16.337,31,BKN,-1.836,team,,team that made the selection on draft night; draft-night trades are not reflected
indiana-pacers,Indiana Pacers,IND,2019,50,2,Jarrell Brantley,P277650e4b3,College of Charleston,-0.076,3,45,True,nba_id,Tremont Waters,Pf6db5ed983,Louisiana State,-0.31,3,24,0.603448,51,BOS,Jalen McDaniels,0.345,52,CHA,-0.234,team,,team that made the selection on draft night; draft-night trades are not reflected
indiana-pacers,Indiana Pacers,IND,2020,54,2,Cassius Stanley,Pb3e461d4cf,Duke,-0.066,2,48,True,nba_id,Paul Reed,P170284fab5,DePaul,6.718,5,8,0.87931,58,PHI,Paul Reed,6.718,58,PHI,6.784,model,,team that made the selection on draft night; draft-night trades are not reflected
indiana-pacers,Indiana Pacers,IND,2021,13,1,Chris Duarte,P05f9ca4653,Oregon,1.591,4,11,True,nba_id,Alperen Sengun,Pb3cfb2c388,Besiktas (Turkey),29.488,5,6,0.910714,16,OKC,Alperen Sengun,29.488,16,OKC,27.897,model,,team that made the selection on draft night; draft-night trades are not reflected
indiana-pacers,Indiana Pacers,IND,2021,54,2,Sandro Mamukelashvili,P624b2b5afe,Seton Hall,5.564,5,33,True,nba_id,RaiQuan Gray,P2b13664da5,Florida State,0.21,2,28,0.517857,59,BKN,Aaron Wiggins,7.587,55,OKC,-5.354,team,,team that made the selection on draft night; draft-night trades are not reflected
indiana-pacers,Indiana Pacers,IND,2022,6,1,Bennedict Mathurin,Pce7c8a9da0,Arizona,-1.32,4,37,True,nba_id,Jeremy Sochan,Pe3c0fc5a9e,Baylor,-0.14,4,3,0.961538,9,SAS,Jalen Williams,22.38,12,OKC,1.18,model,,team that made the selection on draft night; draft-night trades are not reflected
indiana-pacers,Indiana Pacers,IND,2022,31,2,Andrew Nembhard,P76ebdc8d77,Gonzaga,5.11,4,6,True,nba_id,Christian Koloko,P9345155d6a,Arizona,-0.35,3,15,0.730769,33,TOR,Jaylin Williams,8.68,34,OKC,-5.46,team,,team that made the selection on draft night; draft-night trades are not reflected
indiana-pacers,Indiana Pacers,IND,2023,7,1,Bilal Coulibaly,Pa4e79c2199,Metropolitans 92 (France),-2.93,3,26,True,nba_id,Dereck Lively II,Pdcc28d7d6b,Duke,5.72,3,2,0.982143,12,OKC,Cason Wallace,13.71,10,DAL,8.65,model,,team that made the selection on draft night; draft-night trades are not reflected
indiana-pacers,Indiana Pacers,IND,2023,26,1,Ben Sheppard,P2a6c79e3dc,Belmont,0.32,3,46,True,nba_id,Trayce Jackson-Davis,P396ba96b58,Indiana,4.65,3,12,0.803571,57,WAS,Toumani Camara,6.82,52,PHX,4.33,model,,team that made the selection on draft night; draft-night trades are not reflected
indiana-pacers,Indiana Pacers,IND,2023,29,1,Julian Strawther,P5698276a02,Gonzaga,-1.56,3,53,True,nba_id,Trayce Jackson-Davis,P396ba96b58,Indiana,4.65,3,12,0.803571,57,WAS,Toumani Camara,6.82,52,PHX,6.21,model,,team that made the selection on draft night; draft-night trades are not reflected
indiana-pacers,Indiana Pacers,IND,2023,32,2,Jalen Pickett,Pc4ba85a58f,Penn State,0.45,3,14,True,nba_id,Trayce Jackson-Davis,P396ba96b58,Indiana,4.65,3,12,0.803571,57,WAS,Toumani Camara,6.82,52,PHX,4.2,model,,team that made the selection on draft night; draft-night trades are not reflected
indiana-pacers,Indiana Pacers,IND,2023,55,2,Isaiah Wong,Pd5f2794063,Miami (FL),-0.21,2,40,True,nba_id,Trayce Jackson-Davis,P396ba96b58,Indiana,4.65,3,12,0.803571,57,WAS,Trayce Jackson-Davis,4.65,57,WAS,4.86,model,,team that made the selection on draft night; draft-night trades are not reflected
indiana-pacers,Indiana Pacers,IND,2024,36,2,Juan Nunez,,Ratiopharm Ulm (Germany),0.0,0,,False,none,Adem Bona,P84e9dcbb3e,California-Los Angeles,-0.06,2,3,0.963636,41,PHI,Cam Spencer,4.88,53,DET,-0.06,team,actual pick has no pre-draft/outcome record; WAR imputed 0,team that made the selection on draft night; draft-night trades are not reflected
indiana-pacers,Indiana Pacers,IND,2024,49,2,Tristen Newton,P82e84aa110,Connecticut,-0.07,2,31,True,nba_id,Cam Spencer,P4b73f3a250,Connecticut,4.88,2,16,0.727273,53,DET,Cam Spencer,4.88,53,DET,4.95,model,,team that made the selection on draft night; draft-night trades are not reflected
indiana-pacers,Indiana Pacers,IND,2024,50,2,Enrique Freeman,P7572949d92,Akron,-0.23,2,38,True,nba_id,Cam Spencer,P4b73f3a250,Connecticut,4.88,2,16,0.727273,53,DET,Cam Spencer,4.88,53,DET,5.11,model,,team that made the selection on draft night; draft-night trades are not reflected
indiana-pacers,Indiana Pacers,IND,2025,54,2,Taelon Peter,P3a6abfac78,Liberty,-0.61,1,44,True,nba_id,Max Shulga,P95c84fe799,Virginia Commonwealth,-0.12,1,26,0.561404,57,ORL,Will Richard,0.96,56,MEM,0.49,model,,team that made the selection on draft night; draft-night trades are not reflected
la-clippers,LA Clippers,LAC,2019,48,2,Terance Mann,P18facb688d,Florida State,11.815,5,23,True,nba_id,Quinndary Weatherspoon,P4797fb50d3,Mississippi State,-0.889,3,22,0.637931,49,SAS,Jalen McDaniels,0.345,52,CHA,-12.704,team,,team that made the selection on draft night; draft-night trades are not reflected
la-clippers,LA Clippers,LAC,2019,56,2,Jaylen Hands,Pb0f44d6b69,California-Los Angeles,0.0,0,,False,name,Dewan Hernandez,P8a97dbabe6,Miami (FL),0.05,1,37,0.37931,59,TOR,Dewan Hernandez,0.05,59,TOR,0.05,model,,team that made the selection on draft night; draft-night trades are not reflected
la-clippers,LA Clippers,LAC,2020,57,2,Reggie Perry,P9d5ce33ec0,Mississippi State,-0.865,2,19,True,nba_id,Paul Reed,P170284fab5,DePaul,6.718,5,8,0.87931,58,PHI,Paul Reed,6.718,58,PHI,7.583,model,,team that made the selection on draft night; draft-night trades are not reflected
la-clippers,LA Clippers,LAC,2021,25,1,Quentin Grimes,P88205fde52,Houston,9.537,5,18,True,nba_id,Neemias Queta,P90932c4b0a,Utah State,7.794,5,8,0.875,39,SAC,Herbert Jones,15.06,35,NOP,-1.744,team,,team that made the selection on draft night; draft-night trades are not reflected
la-clippers,LA Clippers,LAC,2022,43,2,Moussa Diabaté,Pc5f6ac0bb7,Michigan,6.09,4,43,True,nba_id,Josh Minott,P76f8234113,Memphis,3.25,4,17,0.692308,45,CHA,Ryan Rollins,3.82,44,ATL,-2.84,team,,team that made the selection on draft night; draft-night trades are not reflected
la-clippers,LA Clippers,LAC,2023,30,1,Kobe Brown,P7075ac01b8,Missouri,-0.28,3,27,True,nba_id,Trayce Jackson-Davis,P396ba96b58,Indiana,4.65,3,12,0.803571,57,WAS,Toumani Camara,6.82,52,PHX,4.93,model,,team that made the selection on draft night; draft-night trades are not reflected
la-clippers,LA Clippers,LAC,2023,48,2,Jordan Miller,P7c2cc1d590,Miami (FL),2.19,3,18,True,nba_id,Trayce Jackson-Davis,P396ba96b58,Indiana,4.65,3,12,0.803571,57,WAS,Toumani Camara,6.82,52,PHX,2.46,model,,team that made the selection on draft night; draft-night trades are not reflected
la-clippers,LA Clippers,LAC,2024,46,2,Cam Christie,Pcf591b3097,Minnesota,-0.42,2,49,True,nba_id,Cam Spencer,P4b73f3a250,Connecticut,4.88,2,16,0.727273,53,DET,Cam Spencer,4.88,53,DET,5.3,model,,team that made the selection on draft night; draft-night trades are not reflected
la-clippers,LA Clippers,LAC,2025,30,1,Yanic Konan Niederhäuser,P070f8d3585,Penn State,0.21,1,52,True,nba_id,Johni Broome,Pad9c27fcb6,Auburn,-0.27,1,10,0.842105,35,PHI,Ryan Kalkbrenner,3.33,34,CHA,-0.48,team,,team that made the selection on draft night; draft-night trades are not reflected
la-clippers,LA Clippers,LAC,2025,51,2,Mohamed Diawara,P277e56e049,Cholet Basket (France),0.34,1,36,True,nba_id,Max Shulga,P95c84fe799,Virginia Commonwealth,-0.12,1,26,0.561404,57,ORL,Will Richard,0.96,56,MEM,-0.46,team,,team that made the selection on draft night; draft-night trades are not reflected
los-angeles-lakers,Los Angeles Lakers,LAL,2019,4,1,De'Andre Hunter,P846172a369,Virginia,2.417,5,13,True,nba_id,Goga Bitadze,P5277c76d51,KK Mega Leks (Serbia),3.728,5,2,0.982759,18,IND,Cameron Johnson,17.195,11,MIN,1.31,model,,team that made the selection on draft night; draft-night trades are not reflected
los-angeles-lakers,Los Angeles Lakers,LAL,2020,28,1,Jaden McDaniels,Pa7dbf13041,Washington,12.766,5,56,True,nba_id,Xavier Tillman,P1f88525e9f,Michigan State,5.26,5,4,0.948276,35,SAC,Desmond Bane,26.923,30,BOS,-7.506,team,,team that made the selection on draft night; draft-night trades are not reflected
los-angeles-lakers,Los Angeles Lakers,LAL,2021,22,1,Isaiah Jackson,P87ada0d006,Kentucky,3.706,5,10,True,nba_id,Neemias Queta,P90932c4b0a,Utah State,7.794,5,8,0.875,39,SAC,Herbert Jones,15.06,35,NOP,4.088,model,,team that made the selection on draft night; draft-night trades are not reflected
los-angeles-lakers,Los Angeles Lakers,LAL,2022,35,2,Max Christie,Paac5dcb74c,Michigan State,0.45,4,49,True,nba_id,Josh Minott,P76f8234113,Memphis,3.25,4,17,0.692308,45,CHA,Moussa Diabaté,6.09,43,LAC,2.8,model,,team that made the selection on draft night; draft-night trades are not reflected
los-angeles-lakers,Los Angeles Lakers,LAL,2023,17,1,Jalen Hood-Schifino,Pf07b0c62fd,Indiana,-1.23,2,56,True,nba_id,Brandin Podziemski,P0db0d3c576,Santa Clara,9.07,3,4,0.946429,19,GSW,Brandin Podziemski,9.07,19,GSW,10.3,model,,team that made the selection on draft night; draft-night trades are not reflected
los-angeles-lakers,Los Angeles Lakers,LAL,2023,47,2,Mojave King,,Ignite (G League),0.0,0,,False,none,Trayce Jackson-Davis,P396ba96b58,Indiana,4.65,3,12,0.803571,57,WAS,Toumani Camara,6.82,52,PHX,4.65,model,actual pick has no pre-draft/outcome record; WAR imputed 0,team that made the selection on draft night; draft-night trades are not reflected
los-angeles-lakers,Los Angeles Lakers,LAL,2024,17,1,Dalton Knecht,P7a95b991f4,Tennessee,0.34,2,48,True,nba_id,Adem Bona,P84e9dcbb3e,California-Los Angeles,-0.06,2,3,0.963636,41,PHI,Cam Spencer,4.88,53,DET,-0.4,team,,team that made the selection on draft night; draft-night trades are not reflected
los-angeles-lakers,Los Angeles Lakers,LAL,2024,55,2,Bronny James,Pf7cf72315c,Southern California,-0.63,2,52,True,nba_id,Kevin McCullar Jr.,Pd62847824a,Kansas,-0.06,2,28,0.509091,56,PHX,Kevin McCullar Jr.,-0.06,56,PHX,0.57,model,,team that made the selection on draft night; draft-night trades are not reflected
los-angeles-lakers,Los Angeles Lakers,LAL,2025,55,2,Lachlan Olbrich,Pb74dcb5e35,Illawarra (Australia),-0.17,1,40,True,nba_id,Max Shulga,P95c84fe799,Virginia Commonwealth,-0.12,1,26,0.561404,57,ORL,Will Richard,0.96,56,MEM,0.05,model,,team that made the selection on draft night; draft-night trades are not reflected
memphis-grizzlies,Memphis Grizzlies,MEM,2019,2,1,Ja Morant,Pfe4fcea486,Murray State,19.249,5,6,True,nba_id,Goga Bitadze,P5277c76d51,KK Mega Leks (Serbia),3.728,5,2,0.982759,18,IND,Cameron Johnson,17.195,11,MIN,-15.521,team,,team that made the selection on draft night; draft-night trades are not reflected
memphis-grizzlies,Memphis Grizzlies,MEM,2020,40,2,Robert Woodard II,P04282e0cbf,Mississippi State,-0.017,2,41,True,nba_id,Paul Reed,P170284fab5,DePaul,6.718,5,8,0.87931,58,PHI,Isaiah Joe,10.928,49,PHI,6.734,model,,team that made the selection on draft night; draft-night trades are not reflected
memphis-grizzlies,Memphis Grizzlies,MEM,2021,17,1,Trey Murphy III,P54240b8a24,Virginia,20.746,5,26,True,nba_id,Neemias Queta,P90932c4b0a,Utah State,7.794,5,8,0.875,39,SAC,Jalen Johnson,16.99,20,ATL,-12.952,team,,team that made the selection on draft night; draft-night trades are not reflected
memphis-grizzlies,Memphis Grizzlies,MEM,2021,51,2,Brandon Boston Jr.,P5705590403,Kentucky,-1.123,4,51,True,nba_id,Charles Bassey,P0326e23b0d,Western Kentucky,1.798,5,20,0.660714,53,PHI,Aaron Wiggins,7.587,55,OKC,2.921,model,,team that made the selection on draft night; draft-night trades are not reflected
memphis-grizzlies,Memphis Grizzlies,MEM,2022,22,1,Walker Kessler,Pa5128e8532,Auburn,12.86,4,4,True,nba_id,Andrew Nembhard,P76ebdc8d77,Gonzaga,5.11,4,6,0.903846,31,IND,Jaylin Williams,8.68,34,OKC,-7.75,team,,team that made the selection on draft night; draft-night trades are not reflected
memphis-grizzlies,Memphis Grizzlies,MEM,2022,29,1,TyTy Washington Jr.,Pa408da26a2,Kentucky,-0.91,4,14,True,nba_id,Andrew Nembhard,P76ebdc8d77,Gonzaga,5.11,4,6,0.903846,31,IND,Jaylin Williams,8.68,34,OKC,6.02,model,,team that made the selection on draft night; draft-night trades are not reflected
memphis-grizzlies,Memphis Grizzlies,MEM,2022,47,2,Vince Williams Jr.,P6876f611cb,Virginia Commonwealth,2.46,4,21,True,nba_id,Luke Travers,Pd4287ba490,Perth Wildcats (Australia),-0.26,2,25,0.538462,56,CLE,Gui Santos,2.36,55,GSW,-2.72,team,,team that made the selection on draft night; draft-night trades are not reflected
memphis-grizzlies,Memphis Grizzlies,MEM,2023,25,1,Marcus Sasser,P26ad072598,Houston,0.68,3,28,True,nba_id,Trayce Jackson-Davis,P396ba96b58,Indiana,4.65,3,12,0.803571,57,WAS,Toumani Camara,6.82,52,PHX,3.97,model,,team that made the selection on draft night; draft-night trades are not reflected
memphis-grizzlies,Memphis Grizzlies,MEM,2023,45,2,GG Jackson,P7200ebcdd8,South Carolina,-0.03,3,47,True,nba_id,Trayce Jackson-Davis,P396ba96b58,Indiana,4.65,3,12,0.803571,57,WAS,Toumani Camara,6.82,52,PHX,4.68,model,,team that made the selection on draft night; draft-night trades are not reflected
memphis-grizzlies,Memphis Grizzlies,MEM,2023,56,2,Tarik Biberovic,Paf63a5d230,Fenerbahce S.K. (Turkey),0.0,0,31,True,nba_id,Trayce Jackson-Davis,P396ba96b58,Indiana,4.65,3,12,0.803571,57,WAS,Trayce Jackson-Davis,4.65,57,WAS,4.65,model,,team that made the selection on draft night; draft-night trades are not reflected
memphis-grizzlies,Memphis Grizzlies,MEM,2024,9,1,Zach Edey,P1ccfa6c1ee,Purdue,3.13,2,12,True,nba_id,Adem Bona,P84e9dcbb3e,California-Los Angeles,-0.06,2,3,0.963636,41,PHI,Kel'el Ware,6.53,15,MIA,-3.19,team,,team that made the selection on draft night; draft-night trades are not reflected
memphis-grizzlies,Memphis Grizzlies,MEM,2024,39,2,Jaylen Wells,P0f6f43de8d,Washington State,1.18,2,37,True,nba_id,Adem Bona,P84e9dcbb3e,California-Los Angeles,-0.06,2,3,0.963636,41,PHI,Cam Spencer,4.88,53,DET,-1.24,team,,team that made the selection on draft night; draft-night trades are not reflected
memphis-grizzlies,Memphis Grizzlies,MEM,2024,57,2,Ulrich Chomche,Pb1c5565b99,APR BBC (Rwanda),-0.08,1,30,True,nba_id,Ariel Hukporti,P8b3507dca4,MHP Riesen (Germany),-0.1,2,39,0.309091,58,DAL,Ariel Hukporti,-0.1,58,DAL,-0.02,tie,,team that made the selection on draft night; draft-night trades are not reflected
memphis-grizzlies,Memphis Grizzlies,MEM,2025,16,1,Yang Hansen,P53f54898a1,Qingdao (China),-1.04,1,32,True,nba_id,Jase Richardson,P679974836f,Michigan State,0.13,1,7,0.894737,25,ORL,Ryan Kalkbrenner,3.33,34,CHA,1.17,model,,team that made the selection on draft night; draft-night trades are not reflected
memphis-grizzlies,Memphis Grizzlies,MEM,2025,48,2,Javon Small,Pc2ef5dcf11,West Virginia,1.34,1,46,True,nba_id,Max Shulga,P95c84fe799,Virginia Commonwealth,-0.12,1,26,0.561404,57,ORL,Will Richard,0.96,56,MEM,-1.46,team,,team that made the selection on draft night; draft-night trades are not reflected
memphis-grizzlies,Memphis Grizzlies,MEM,2025,56,2,Will Richard,P34c7aa9885,Florida,0.96,1,28,True,nba_id,Max Shulga,P95c84fe799,Virginia Commonwealth,-0.12,1,26,0.561404,57,ORL,Max Shulga,-0.12,57,ORL,-1.08,team,,team that made the selection on draft night; draft-night trades are not reflected
miami-heat,Miami Heat,MIA,2019,13,1,Tyler Herro,P4ebfdd4833,Kentucky,12.453,5,12,True,nba_id,Goga Bitadze,P5277c76d51,KK Mega Leks (Serbia),3.728,5,2,0.982759,18,IND,Nic Claxton,16.337,31,BKN,-8.725,team,,team that made the selection on draft night; draft-night trades are not reflected
miami-heat,Miami Heat,MIA,2019,44,2,Bol Bol,P273938bb97,Oregon,1.891,5,5,True,nba_id,Quinndary Weatherspoon,P4797fb50d3,Mississippi State,-0.889,3,22,0.637931,49,SAS,Terance Mann,11.815,48,LAC,-2.78,team,,team that made the selection on draft night; draft-night trades are not reflected
miami-heat,Miami Heat,MIA,2020,20,1,Precious Achiuwa,Pb7d583a85a,Memphis,3.637,5,28,True,nba_id,Xavier Tillman,P1f88525e9f,Michigan State,5.26,5,4,0.948276,35,SAC,Desmond Bane,26.923,30,BOS,1.623,model,,team that made the selection on draft night; draft-night trades are not reflected
miami-heat,Miami Heat,MIA,2022,27,1,Nikola Jović,P1191691c20,KK Mega Leks (Serbia),3.23,4,39,True,nba_id,Andrew Nembhard,P76ebdc8d77,Gonzaga,5.11,4,6,0.903846,31,IND,Jaylin Williams,8.68,34,OKC,1.88,model,,team that made the selection on draft night; draft-night trades are not reflected
miami-heat,Miami Heat,MIA,2023,18,1,Jaime Jaquez Jr.,P3dd06c5ebd,California-Los Angeles,5.69,3,6,True,nba_id,Brandin Podziemski,P0db0d3c576,Santa Clara,9.07,3,4,0.946429,19,GSW,Brandin Podziemski,9.07,19,GSW,3.38,model,,team that made the selection on draft night; draft-night trades are not reflected
miami-heat,Miami Heat,MIA,2024,15,1,Kel'el Ware,Pada60a9da7,Indiana,6.53,2,14,True,nba_id,Adem Bona,P84e9dcbb3e,California-Los Angeles,-0.06,2,3,0.963636,41,PHI,Cam Spencer,4.88,53,DET,-6.59,team,,team that made the selection on draft night; draft-night trades are not reflected
miami-heat,Miami Heat,MIA,2024,43,2,Nikola Djurisic,,KK Mega Leks (Serbia),0.0,0,,False,none,Cam Spencer,P4b73f3a250,Connecticut,4.88,2,16,0.727273,53,DET,Cam Spencer,4.88,53,DET,4.88,model,actual pick has no pre-draft/outcome record; WAR imputed 0,team that made the selection on draft night; draft-night trades are not reflected
miami-heat,Miami Heat,MIA,2025,20,1,Kasparas Jakučionis,Pf54bd6bbc8,Illinois,1.04,1,22,True,nba_id,Jase Richardson,P679974836f,Michigan State,0.13,1,7,0.894737,25,ORL,Ryan Kalkbrenner,3.33,34,CHA,-0.91,team,,team that made the selection on draft night; draft-night trades are not reflected
milwaukee-bucks,Milwaukee Bucks,MIL,2019,30,1,Kevin Porter Jr.,Pba03162225,Southern California,6.977,5,56,True,nba_id,Bol Bol,P273938bb97,Oregon,1.891,5,5,0.931034,44,MIA,Nic Claxton,16.337,31,BKN,-5.086,team,,team that made the selection on draft night; draft-night trades are not reflected
milwaukee-bucks,Milwaukee Bucks,MIL,2020,24,1,R.J. Hampton,P3c885ec031,Breakers (New Zealand),-4.509,4,32,True,nba_id,Xavier Tillman,P1f88525e9f,Michigan State,5.26,5,4,0.948276,35,SAC,Desmond Bane,26.923,30,BOS,9.769,model,,team that made the selection on draft night; draft-night trades are not reflected
milwaukee-bucks,Milwaukee Bucks,MIL,2020,45,2,Jordan Nwora,P9cddcdc1ad,Louisville,-1.886,4,45,True,nba_id,Paul Reed,P170284fab5,DePaul,6.718,5,8,0.87931,58,PHI,Isaiah Joe,10.928,49,PHI,8.604,model,,team that made the selection on draft night; draft-night trades are not reflected
milwaukee-bucks,Milwaukee Bucks,MIL,2021,31,2,Isaiah Todd,Pb1d56c9c96,Ignite (G League),-0.588,2,50,True,nba_id,Neemias Queta,P90932c4b0a,Utah State,7.794,5,8,0.875,39,SAC,Herbert Jones,15.06,35,NOP,8.381,model,,team that made the selection on draft night; draft-night trades are not reflected
milwaukee-bucks,Milwaukee Bucks,MIL,2022,24,1,MarJon Beauchamp,P4e8883caf8,Ignite (G League),-1.17,4,46,True,nba_id,Andrew Nembhard,P76ebdc8d77,Gonzaga,5.11,4,6,0.903846,31,IND,Jaylin Williams,8.68,34,OKC,6.28,model,,team that made the selection on draft night; draft-night trades are not reflected
milwaukee-bucks,Milwaukee Bucks,MIL,2024,23,1,AJ Johnson,P7070c905f3,Illawarra (Australia),-3.28,2,50,True,nba_id,Adem Bona,P84e9dcbb3e,California-Los Angeles,-0.06,2,3,0.963636,41,PHI,Cam Spencer,4.88,53,DET,3.22,model,,team that made the selection on draft night; draft-night trades are not reflected
milwaukee-bucks,Milwaukee Bucks,MIL,2024,33,2,Tyler Smith,P68ff50da96,Ignite (G League),-0.07,2,46,True,nba_id,Adem Bona,P84e9dcbb3e,California-Los Angeles,-0.06,2,3,0.963636,41,PHI,Cam Spencer,4.88,53,DET,0.01,tie,,team that made the selection on draft night; draft-night trades are not reflected
milwaukee-bucks,Milwaukee Bucks,MIL,2025,47,2,Bogoljub Marković,P3651ab0a99,KK Mega Leks (Serbia),0.0,0,17,True,nba_id,Max Shulga,P95c84fe799,Virginia Commonwealth,-0.12,1,26,0.561404,57,ORL,Javon Small,1.34,48,MEM,-0.12,team,,team that made the selection on draft night; draft-night trades are not reflected
minnesota-timberwolves,Minnesota Timberwolves,MIN,2019,11,1,Cameron Johnson,Pb14f594f0a,North Carolina,17.195,5,15,True,nba_id,Goga Bitadze,P5277c76d51,KK Mega Leks (Serbia),3.728,5,2,0.982759,18,IND,Nic Claxton,16.337,31,BKN,-13.467,team,,team that made the selection on draft night; draft-night trades are not reflected
minnesota-timberwolves,Minnesota Timberwolves,MIN,2019,43,2,Jaylen Nowell,Pab169ed872,Washington,0.965,5,51,True,nba_id,Bol Bol,P273938bb97,Oregon,1.891,5,5,0.931034,44,MIA,Terance Mann,11.815,48,LAC,0.926,model,,team that made the selection on draft night; draft-night trades are not reflected
minnesota-timberwolves,Minnesota Timberwolves,MIN,2020,1,1,Anthony Edwards,P35f0fb7731,Georgia,36.482,5,35,True,nba_id,Onyeka Okongwu,P6232d5a44f,Southern California,14.466,5,1,1.0,6,ATL,Tyrese Haliburton,38.497,12,SAC,-22.016,team,,team that made the selection on draft night; draft-night trades are not reflected
minnesota-timberwolves,Minnesota Timberwolves,MIN,2020,17,1,Aleksej Pokusevski,P842bafbfda,Olympiacos B.C. (Greece),-3.053,4,52,True,nba_id,Xavier Tillman,P1f88525e9f,Michigan State,5.26,5,4,0.948276,35,SAC,Desmond Bane,26.923,30,BOS,8.313,model,,team that made the selection on draft night; draft-night trades are not reflected
minnesota-timberwolves,Minnesota Timberwolves,MIN,2020,33,2,Daniel Oturu,P48772fff87,Minnesota,-0.504,2,46,True,nba_id,Xavier Tillman,P1f88525e9f,Michigan State,5.26,5,4,0.948276,35,SAC,Isaiah Joe,10.928,49,PHI,5.764,model,,team that made the selection on draft night; draft-night trades are not reflected
minnesota-timberwolves,Minnesota Timberwolves,MIN,2022,19,1,Jake LaRavia,P97df826a61,Wake Forest,3.52,4,10,True,nba_id,Walker Kessler,Pa5128e8532,Auburn,12.86,4,4,0.942308,22,MEM,Walker Kessler,12.86,22,MEM,9.34,model,,team that made the selection on draft night; draft-night trades are not reflected
minnesota-timberwolves,Minnesota Timberwolves,MIN,2022,40,2,Bryce McGowens,Pd5316f2e65,Nebraska,-2.28,4,52,True,nba_id,Josh Minott,P76f8234113,Memphis,3.25,4,17,0.692308,45,CHA,Moussa Diabaté,6.09,43,LAC,5.53,model,,team that made the selection on draft night; draft-night trades are not reflected
minnesota-timberwolves,Minnesota Timberwolves,MIN,2022,48,2,Kendall Brown,Pd6b4848f72,Baylor,-0.18,2,35,True,nba_id,Luke Travers,Pd4287ba490,Perth Wildcats (Australia),-0.26,2,25,0.538462,56,CLE,Gui Santos,2.36,55,GSW,-0.08,team,,team that made the selection on draft night; draft-night trades are not reflected
minnesota-timberwolves,Minnesota Timberwolves,MIN,2022,50,2,Matteo Spagnolo,,Vanoli Cremona (Italy),0.0,0,,False,none,Luke Travers,Pd4287ba490,Perth Wildcats (Australia),-0.26,2,25,0.538462,56,CLE,Gui Santos,2.36,55,GSW,-0.26,team,actual pick has no pre-draft/outcome record; WAR imputed 0,team that made the selection on draft night; draft-night trades are not reflected
minnesota-timberwolves,Minnesota Timberwolves,MIN,2023,53,2,Jaylen Clark,Pa6029bb5a6,California-Los Angeles,0.99,2,17,True,nba_id,Trayce Jackson-Davis,P396ba96b58,Indiana,4.65,3,12,0.803571,57,WAS,Trayce Jackson-Davis,4.65,57,WAS,3.66,model,,team that made the selection on draft night; draft-night trades are not reflected
minnesota-timberwolves,Minnesota Timberwolves,MIN,2024,27,1,Terrence Shannon Jr,P086a09588e,Illinois,0.13,2,35,True,nba_id,Adem Bona,P84e9dcbb3e,California-Los Angeles,-0.06,2,3,0.963636,41,PHI,Cam Spencer,4.88,53,DET,-0.19,team,,team that made the selection on draft night; draft-night trades are not reflected
minnesota-timberwolves,Minnesota Timberwolves,MIN,2024,37,2,Bobi Klintman,Pdf5a3388b3,Cairns Taipans (Australia),-0.13,2,47,True,nba_id,Adem Bona,P84e9dcbb3e,California-Los Angeles,-0.06,2,3,0.963636,41,PHI,Cam Spencer,4.88,53,DET,0.07,model,,team that made the selection on draft night; draft-night trades are not reflected
minnesota-timberwolves,Minnesota Timberwolves,MIN,2025,17,1,Joan Beringer,Pdde13713ff,Cedevita Olimpija (Slovenia),0.62,1,35,True,nba_id,Jase Richardson,P679974836f,Michigan State,0.13,1,7,0.894737,25,ORL,Ryan Kalkbrenner,3.33,34,CHA,-0.49,team,,team that made the selection on draft night; draft-night trades are not reflected
minnesota-timberwolves,Minnesota Timberwolves,MIN,2025,31,2,Rasheer Fleming,P43b2e2aa2f,Saint Joseph's,-0.2,1,16,True,nba_id,Johni Broome,Pad9c27fcb6,Auburn,-0.27,1,10,0.842105,35,PHI,Ryan Kalkbrenner,3.33,34,CHA,-0.07,team,,team that made the selection on draft night; draft-night trades are not reflected
new-orleans-pelicans,New Orleans Pelicans,NOP,2019,1,1,Zion Williamson,P00e7133fc6,Duke,22.131,5,1,True,nba_id,Goga Bitadze,P5277c76d51,KK Mega Leks (Serbia),3.728,5,2,0.982759,18,IND,Ja Morant,19.249,2,MEM,-18.403,team,,team that made the selection on draft night; draft-night trades are not reflected
new-orleans-pelicans,New Orleans Pelicans,NOP,2019,39,2,Alen Smailagic,P76650bc6e2,Santa Cruz (G League),-0.198,2,18,True,nba_id,Bol Bol,P273938bb97,Oregon,1.891,5,5,0.931034,44,MIA,Terance Mann,11.815,48,LAC,2.09,model,,team that made the selection on draft night; draft-night trades are not reflected
new-orleans-pelicans,New Orleans Pelicans,NOP,2019,57,2,Jordan Bone,P2c24c6affb,Tennessee,-0.835,2,52,True,nba_id,Dewan Hernandez,P8a97dbabe6,Miami (FL),0.05,1,37,0.37931,59,TOR,Dewan Hernandez,0.05,59,TOR,0.885,model,,team that made the selection on draft night; draft-night trades are not reflected
new-orleans-pelicans,New Orleans Pelicans,NOP,2020,13,1,Kira Lewis Jr.,P0df73941d8,Alabama,-0.005,4,44,True,nba_id,Xavier Tillman,P1f88525e9f,Michigan State,5.26,5,4,0.948276,35,SAC,Desmond Bane,26.923,30,BOS,5.265,model,,team that made the selection on draft night; draft-night trades are not reflected
new-orleans-pelicans,New Orleans Pelicans,NOP,2020,39,2,Elijah Hughes,Pdc083a80a9,Syracuse,-1.827,2,47,True,nba_id,Paul Reed,P170284fab5,DePaul,6.718,5,8,0.87931,58,PHI,Isaiah Joe,10.928,49,PHI,8.545,model,,team that made the selection on draft night; draft-night trades are not reflected
new-orleans-pelicans,New Orleans Pelicans,NOP,2020,42,2,Nick Richards,P2b95cb9990,Kentucky,0.361,5,57,True,nba_id,Paul Reed,P170284fab5,DePaul,6.718,5,8,0.87931,58,PHI,Isaiah Joe,10.928,49,PHI,6.357,model,,team that made the selection on draft night; draft-night trades are not reflected
new-orleans-pelicans,New Orleans Pelicans,NOP,2021,10,1,Ziaire Williams,P9e82692a6d,Stanford,1.007,5,42,True,nba_id,Alperen Sengun,Pb3cfb2c388,Besiktas (Turkey),29.488,5,6,0.910714,16,OKC,Alperen Sengun,29.488,16,OKC,28.481,model,,team that made the selection on draft night; draft-night trades are not reflected
new-orleans-pelicans,New Orleans Pelicans,NOP,2021,35,2,Herbert Jones,P21372aaded,Alabama,15.06,5,24,True,nba_id,Neemias Queta,P90932c4b0a,Utah State,7.794,5,8,0.875,39,SAC,Neemias Queta,7.794,39,SAC,-7.266,team,,team that made the selection on draft night; draft-night trades are not reflected
new-orleans-pelicans,New Orleans Pelicans,NOP,2021,43,2,Greg Brown III,P6680e3073f,Texas,-2.156,3,55,True,nba_id,Charles Bassey,P0326e23b0d,Western Kentucky,1.798,5,20,0.660714,53,PHI,Aaron Wiggins,7.587,55,OKC,3.954,model,,team that made the selection on draft night; draft-night trades are not reflected
new-orleans-pelicans,New Orleans Pelicans,NOP,2022,8,1,Dyson Daniels,Pab39ee5462,Ignite (G League),15.43,4,34,True,nba_id,Jeremy Sochan,Pe3c0fc5a9e,Baylor,-0.14,4,3,0.961538,9,SAS,Jalen Williams,22.38,12,OKC,-15.57,team,,team that made the selection on draft night; draft-night trades are not reflected
new-orleans-pelicans,New Orleans Pelicans,NOP,2022,41,2,E.J. Liddell,Pe22f69b7a0,Ohio State,-0.23,3,22,True,nba_id,Josh Minott,P76f8234113,Memphis,3.25,4,17,0.692308,45,CHA,Moussa Diabaté,6.09,43,LAC,3.48,model,,team that made the selection on draft night; draft-night trades are not reflected
new-orleans-pelicans,New Orleans Pelicans,NOP,2022,52,2,Karlo Matković,Paee04abbe6,Mega Mozzart (Serbia),1.71,2,26,True,nba_id,Luke Travers,Pd4287ba490,Perth Wildcats (Australia),-0.26,2,25,0.538462,56,CLE,Gui Santos,2.36,55,GSW,-1.97,team,,team that made the selection on draft night; draft-night trades are not reflected
new-orleans-pelicans,New Orleans Pelicans,NOP,2023,14,1,Jordan Hawkins,P0b253c1504,Connecticut,-3.52,3,39,True,nba_id,Brandin Podziemski,P0db0d3c576,Santa Clara,9.07,3,4,0.946429,19,GSW,Brandin Podziemski,9.07,19,GSW,12.59,model,,team that made the selection on draft night; draft-night trades are not reflected
new-orleans-pelicans,New Orleans Pelicans,NOP,2024,21,1,Yves Missi,P523c7506e7,Baylor,-0.57,2,25,True,nba_id,Adem Bona,P84e9dcbb3e,California-Los Angeles,-0.06,2,3,0.963636,41,PHI,Cam Spencer,4.88,53,DET,0.51,model,,team that made the selection on draft night; draft-night trades are not reflected
new-orleans-pelicans,New Orleans Pelicans,NOP,2025,7,1,Jeremiah Fears,P5f9ce00466,Oklahoma,-0.57,1,20,True,nba_id,Collin Murray-Boyles,P5699f03b57,South Carolina,2.73,1,2,0.982456,9,TOR,Ryan Kalkbrenner,3.33,34,CHA,3.3,model,,team that made the selection on draft night; draft-night trades are not reflected
new-orleans-pelicans,New Orleans Pelicans,NOP,2025,23,1,Asa Newell,Pcb16689c6c,Georgia,0.29,1,8,True,nba_id,Jase Richardson,P679974836f,Michigan State,0.13,1,7,0.894737,25,ORL,Ryan Kalkbrenner,3.33,34,CHA,-0.16,team,,team that made the selection on draft night; draft-night trades are not reflected
new-york-knicks,New York Knicks,NYK,2019,3,1,RJ Barrett,Pa9cae64430,Duke,6.066,5,16,True,nba_id,Goga Bitadze,P5277c76d51,KK Mega Leks (Serbia),3.728,5,2,0.982759,18,IND,Cameron Johnson,17.195,11,MIN,-2.339,team,,team that made the selection on draft night; draft-night trades are not reflected
new-york-knicks,New York Knicks,NYK,2019,55,2,Kyle Guy,Pb69fbd28c6,Virginia,-0.338,3,33,True,nba_id,Dewan Hernandez,P8a97dbabe6,Miami (FL),0.05,1,37,0.37931,59,TOR,Dewan Hernandez,0.05,59,TOR,0.388,model,,team that made the selection on draft night; draft-night trades are not reflected
new-york-knicks,New York Knicks,NYK,2020,8,1,Obi Toppin,P41612ab4e2,Dayton,10.184,5,12,True,nba_id,Tyrese Haliburton,P1388f2fd26,Iowa State,38.497,5,2,0.982759,12,SAC,Tyrese Haliburton,38.497,12,SAC,28.313,model,,team that made the selection on draft night; draft-night trades are not reflected
new-york-knicks,New York Knicks,NYK,2020,23,1,Leandro Bolmaro,P87be528da0,FC Barcelona Basquet (Spain),-0.508,2,31,True,nba_id,Xavier Tillman,P1f88525e9f,Michigan State,5.26,5,4,0.948276,35,SAC,Desmond Bane,26.923,30,BOS,5.768,model,,team that made the selection on draft night; draft-night trades are not reflected
new-york-knicks,New York Knicks,NYK,2021,19,1,Kai Jones,P69549f38f2,Texas,0.555,3,12,True,nba_id,Neemias Queta,P90932c4b0a,Utah State,7.794,5,8,0.875,39,SAC,Jalen Johnson,16.99,20,ATL,7.239,model,,team that made the selection on draft night; draft-night trades are not reflected
new-york-knicks,New York Knicks,NYK,2021,21,1,Keon Johnson,P721d8fa8f9,Tennessee,-3.668,4,39,True,nba_id,Neemias Queta,P90932c4b0a,Utah State,7.794,5,8,0.875,39,SAC,Herbert Jones,15.06,35,NOP,11.462,model,,team that made the selection on draft night; draft-night trades are not reflected
new-york-knicks,New York Knicks,NYK,2021,32,2,Jeremiah Robinson-Earl,P5480a34012,Villanova,-1.033,5,22,True,nba_id,Neemias Queta,P90932c4b0a,Utah State,7.794,5,8,0.875,39,SAC,Herbert Jones,15.06,35,NOP,8.827,model,,team that made the selection on draft night; draft-night trades are not reflected
new-york-knicks,New York Knicks,NYK,2021,58,2,Jericho Sims,Pba95727095,Texas,0.938,5,48,True,nba_id,RaiQuan Gray,P2b13664da5,Florida State,0.21,2,28,0.517857,59,BKN,RaiQuan Gray,0.21,59,BKN,-0.728,team,,team that made the selection on draft night; draft-night trades are not reflected
new-york-knicks,New York Knicks,NYK,2022,11,1,Ousmane Dieng,P4b5f95e771,Breakers (New Zealand),-0.6,4,40,True,nba_id,Walker Kessler,Pa5128e8532,Auburn,12.86,4,4,0.942308,22,MEM,Jalen Williams,22.38,12,OKC,13.46,model,,team that made the selection on draft night; draft-night trades are not reflected
new-york-knicks,New York Knicks,NYK,2022,42,2,Trevor Keels,P123f055136,Duke,-0.13,2,50,True,nba_id,Josh Minott,P76f8234113,Memphis,3.25,4,17,0.692308,45,CHA,Moussa Diabaté,6.09,43,LAC,3.38,model,,team that made the selection on draft night; draft-night trades are not reflected
new-york-knicks,New York Knicks,NYK,2024,24,1,Kyshawn George,Pf4a65045a1,Miami (FL),0.2,2,43,True,nba_id,Adem Bona,P84e9dcbb3e,California-Los Angeles,-0.06,2,3,0.963636,41,PHI,Cam Spencer,4.88,53,DET,-0.26,team,,team that made the selection on draft night; draft-night trades are not reflected
new-york-knicks,New York Knicks,NYK,2024,25,1,Pacôme Dadiet,Pe79de9d05b,Ratiopharm Ulm (Germany),-0.07,2,45,True,nba_id,Adem Bona,P84e9dcbb3e,California-Los Angeles,-0.06,2,3,0.963636,41,PHI,Cam Spencer,4.88,53,DET,0.01,tie,,team that made the selection on draft night; draft-night trades are not reflected
new-york-knicks,New York Knicks,NYK,2024,38,2,Ajay Mitchell,P470eca3f49,California-Santa Barbara,4.48,2,44,True,nba_id,Adem Bona,P84e9dcbb3e,California-Los Angeles,-0.06,2,3,0.963636,41,PHI,Cam Spencer,4.88,53,DET,-4.54,team,,team that made the selection on draft night; draft-night trades are not reflected
new-york-knicks,New York Knicks,NYK,2024,51,2,Melvin Ajinca,,Saint-Quentin BB (France),0.0,0,,False,none,Cam Spencer,P4b73f3a250,Connecticut,4.88,2,16,0.727273,53,DET,Cam Spencer,4.88,53,DET,4.88,model,actual pick has no pre-draft/outcome record; WAR imputed 0,team that made the selection on draft night; draft-night trades are not reflected
new-york-knicks,New York Knicks,NYK,2025,50,2,Kobe Sanders,Pfc563b417e,Nevada-Reno,0.03,1,43,True,nba_id,Max Shulga,P95c84fe799,Virginia Commonwealth,-0.12,1,26,0.561404,57,ORL,Will Richard,0.96,56,MEM,-0.15,team,,team that made the selection on draft night; draft-night trades are not reflected
oklahoma-city-thunder,Oklahoma City Thunder,OKC,2019,21,1,Brandon Clarke,Peecc71d248,Gonzaga,12.301,5,9,True,nba_id,Bol Bol,P273938bb97,Oregon,1.891,5,5,0.931034,44,MIA,Nic Claxton,16.337,31,BKN,-10.41,team,,team that made the selection on draft night; draft-night trades are not reflected
oklahoma-city-thunder,Oklahoma City Thunder,OKC,2020,25,1,Immanuel Quickley,P63236d3a70,Kentucky,19.517,5,39,True,nba_id,Xavier Tillman,P1f88525e9f,Michigan State,5.26,5,4,0.948276,35,SAC,Desmond Bane,26.923,30,BOS,-14.257,team,,team that made the selection on draft night; draft-night trades are not reflected
oklahoma-city-thunder,Oklahoma City Thunder,OKC,2020,53,2,Cassius Winston,P1cf3ac09b1,Michigan State,-0.628,2,55,True,nba_id,Paul Reed,P170284fab5,DePaul,6.718,5,8,0.87931,58,PHI,Paul Reed,6.718,58,PHI,7.346,model,,team that made the selection on draft night; draft-night trades are not reflected
oklahoma-city-thunder,Oklahoma City Thunder,OKC,2021,6,1,Josh Giddey,P854a3a23a2,NBA Global Academy (Australia),19.591,5,7,True,nba_id,Franz Wagner,Pb2632428b5,Michigan,25.715,5,2,0.982143,8,ORL,Alperen Sengun,29.488,16,OKC,6.124,model,,team that made the selection on draft night; draft-night trades are not reflected
oklahoma-city-thunder,Oklahoma City Thunder,OKC,2021,16,1,Alperen Sengun,Pb3cfb2c388,Besiktas (Turkey),29.488,5,6,True,nba_id,Neemias Queta,P90932c4b0a,Utah State,7.794,5,8,0.875,39,SAC,Trey Murphy III,20.746,17,MEM,-21.694,team,,team that made the selection on draft night; draft-night trades are not reflected
oklahoma-city-thunder,Oklahoma City Thunder,OKC,2021,18,1,Tre Mann,Pfce02776de,Florida,-1.388,5,30,True,nba_id,Neemias Queta,P90932c4b0a,Utah State,7.794,5,8,0.875,39,SAC,Jalen Johnson,16.99,20,ATL,9.181,model,,team that made the selection on draft night; draft-night trades are not reflected
oklahoma-city-thunder,Oklahoma City Thunder,OKC,2021,34,2,Rokas Jokubaitis,,BC Zalgiris (Lithuania),0.0,0,,False,none,Neemias Queta,P90932c4b0a,Utah State,7.794,5,8,0.875,39,SAC,Herbert Jones,15.06,35,NOP,7.794,model,actual pick has no pre-draft/outcome record; WAR imputed 0,team that made the selection on draft night; draft-night trades are not reflected
oklahoma-city-thunder,Oklahoma City Thunder,OKC,2021,36,2,Miles McBride,P606c98790a,West Virginia,6.721,5,13,True,nba_id,Neemias Queta,P90932c4b0a,Utah State,7.794,5,8,0.875,39,SAC,Neemias Queta,7.794,39,SAC,1.073,model,,team that made the selection on draft night; draft-night trades are not reflected
oklahoma-city-thunder,Oklahoma City Thunder,OKC,2021,55,2,Aaron Wiggins,Pc131e1ee6f,Maryland,7.587,5,31,True,nba_id,RaiQuan Gray,P2b13664da5,Florida State,0.21,2,28,0.517857,59,BKN,Jericho Sims,0.938,58,NYK,-7.377,team,,team that made the selection on draft night; draft-night trades are not reflected
oklahoma-city-thunder,Oklahoma City Thunder,OKC,2022,2,1,Chet Holmgren,Pbfdaa31fd0,Gonzaga,19.92,3,2,True,nba_id,Keegan Murray,P86df290cda,Iowa,8.41,4,1,1.0,4,SAC,Jalen Williams,22.38,12,OKC,-11.51,team,,team that made the selection on draft night; draft-night trades are not reflected
oklahoma-city-thunder,Oklahoma City Thunder,OKC,2022,12,1,Jalen Williams,Pa89859be17,Santa Clara,22.38,4,23,True,nba_id,Walker Kessler,Pa5128e8532,Auburn,12.86,4,4,0.942308,22,MEM,Jalen Duren,17.07,13,CHA,-9.52,team,,team that made the selection on draft night; draft-night trades are not reflected
oklahoma-city-thunder,Oklahoma City Thunder,OKC,2022,30,1,Peyton Watson,Pc69570e4d2,California-Los Angeles,2.19,4,42,True,nba_id,Andrew Nembhard,P76ebdc8d77,Gonzaga,5.11,4,6,0.903846,31,IND,Jaylin Williams,8.68,34,OKC,2.92,model,,team that made the selection on draft night; draft-night trades are not reflected
oklahoma-city-thunder,Oklahoma City Thunder,OKC,2022,34,2,Jaylin Williams,Pa2e8c74c1f,Arkansas,8.68,4,20,True,nba_id,Josh Minott,P76f8234113,Memphis,3.25,4,17,0.692308,45,CHA,Moussa Diabaté,6.09,43,LAC,-5.43,team,,team that made the selection on draft night; draft-night trades are not reflected
oklahoma-city-thunder,Oklahoma City Thunder,OKC,2023,12,1,Dereck Lively II,Pdcc28d7d6b,Duke,5.72,3,2,True,nba_id,Brandin Podziemski,P0db0d3c576,Santa Clara,9.07,3,4,0.946429,19,GSW,Brandin Podziemski,9.07,19,GSW,3.35,model,,team that made the selection on draft night; draft-night trades are not reflected
oklahoma-city-thunder,Oklahoma City Thunder,OKC,2023,37,2,Hunter Tyson,Pe46a376580,Clemson,-0.63,3,24,True,nba_id,Trayce Jackson-Davis,P396ba96b58,Indiana,4.65,3,12,0.803571,57,WAS,Toumani Camara,6.82,52,PHX,5.28,model,,team that made the selection on draft night; draft-night trades are not reflected
oklahoma-city-thunder,Oklahoma City Thunder,OKC,2023,50,2,Keyontae Johnson,P07bb9cb58f,Kansas State,-0.24,1,44,True,nba_id,Trayce Jackson-Davis,P396ba96b58,Indiana,4.65,3,12,0.803571,57,WAS,Toumani Camara,6.82,52,PHX,4.89,model,,team that made the selection on draft night; draft-night trades are not reflected
oklahoma-city-thunder,Oklahoma City Thunder,OKC,2024,12,1,Nikola Topić,Pd018d62aee,KK Crvena zvezda (Serbia),-0.43,1,7,True,nba_id,Adem Bona,P84e9dcbb3e,California-Los Angeles,-0.06,2,3,0.963636,41,PHI,Kel'el Ware,6.53,15,MIA,0.37,model,,team that made the selection on draft night; draft-night trades are not reflected
oklahoma-city-thunder,Oklahoma City Thunder,OKC,2025,15,1,Thomas Sorber,P3f654a33fe,Georgetown,0.0,0,6,True,nba_id,Jase Richardson,P679974836f,Michigan State,0.13,1,7,0.894737,25,ORL,Ryan Kalkbrenner,3.33,34,CHA,0.13,model,,team that made the selection on draft night; draft-night trades are not reflected
oklahoma-city-thunder,Oklahoma City Thunder,OKC,2025,24,1,Nique Clifford,P318e86822c,Colorado State,-2.69,1,14,True,nba_id,Jase Richardson,P679974836f,Michigan State,0.13,1,7,0.894737,25,ORL,Ryan Kalkbrenner,3.33,34,CHA,2.82,model,,team that made the selection on draft night; draft-night trades are not reflected
oklahoma-city-thunder,Oklahoma City Thunder,OKC,2025,44,2,Brooks Barnhizer,P855a9cc2ba,Northwestern,-0.15,1,33,True,nba_id,Bogoljub Marković,P3651ab0a99,KK Mega Leks (Serbia),0.0,0,17,0.719298,47,MIL,Javon Small,1.34,48,MEM,0.15,model,,team that made the selection on draft night; draft-night trades are not reflected
orlando-magic,Orlando Magic,ORL,2019,16,1,Chuma Okeke,P7c5888ec9d,Auburn,2.277,5,11,True,nba_id,Goga Bitadze,P5277c76d51,KK Mega Leks (Serbia),3.728,5,2,0.982759,18,IND,Nic Claxton,16.337,31,BKN,1.451,model,,team that made the selection on draft night; draft-night trades are not reflected
orlando-magic,Orlando Magic,ORL,2019,46,2,Talen Horton-Tucker,P5c11762ec9,Iowa State,3.663,5,38,True,nba_id,Quinndary Weatherspoon,P4797fb50d3,Mississippi State,-0.889,3,22,0.637931,49,SAS,Terance Mann,11.815,48,LAC,-4.551,team,,team that made the selection on draft night; draft-night trades are not reflected
orlando-magic,Orlando Magic,ORL,2020,15,1,Cole Anthony,P388cb0d5da,North Carolina,5.816,5,54,True,nba_id,Xavier Tillman,P1f88525e9f,Michigan State,5.26,5,4,0.948276,35,SAC,Desmond Bane,26.923,30,BOS,-0.556,team,,team that made the selection on draft night; draft-night trades are not reflected
orlando-magic,Orlando Magic,ORL,2021,5,1,Jalen Suggs,Pc97a1282a3,Gonzaga,12.819,5,1,True,nba_id,Franz Wagner,Pb2632428b5,Michigan,25.715,5,2,0.982143,8,ORL,Alperen Sengun,29.488,16,OKC,12.896,model,,team that made the selection on draft night; draft-night trades are not reflected
orlando-magic,Orlando Magic,ORL,2021,8,1,Franz Wagner,Pb2632428b5,Michigan,25.715,5,2,True,nba_id,Alperen Sengun,Pb3cfb2c388,Besiktas (Turkey),29.488,5,6,0.910714,16,OKC,Alperen Sengun,29.488,16,OKC,3.774,model,,team that made the selection on draft night; draft-night trades are not reflected
orlando-magic,Orlando Magic,ORL,2021,33,2,Jason Preston,P30169adef4,Ohio,0.04,2,27,True,nba_id,Neemias Queta,P90932c4b0a,Utah State,7.794,5,8,0.875,39,SAC,Herbert Jones,15.06,35,NOP,7.754,model,,team that made the selection on draft night; draft-night trades are not reflected
orlando-magic,Orlando Magic,ORL,2022,1,1,Paolo Banchero,Pfa7a6f2536,Duke,18.48,4,9,True,nba_id,Keegan Murray,P86df290cda,Iowa,8.41,4,1,1.0,4,SAC,Jalen Williams,22.38,12,OKC,-10.07,team,,team that made the selection on draft night; draft-night trades are not reflected
orlando-magic,Orlando Magic,ORL,2022,32,2,Caleb Houstan,P70fa3dc827,Michigan,0.05,4,31,True,nba_id,Christian Koloko,P9345155d6a,Arizona,-0.35,3,15,0.730769,33,TOR,Jaylin Williams,8.68,34,OKC,-0.4,team,,team that made the selection on draft night; draft-night trades are not reflected
orlando-magic,Orlando Magic,ORL,2023,6,1,Anthony Black,Pa813594724,Arkansas,4.17,3,1,True,nba_id,Dereck Lively II,Pdcc28d7d6b,Duke,5.72,3,2,0.982143,12,OKC,Cason Wallace,13.71,10,DAL,1.55,model,,team that made the selection on draft night; draft-night trades are not reflected
orlando-magic,Orlando Magic,ORL,2023,11,1,Jett Howard,P0035c2f0b3,Michigan,-0.44,3,33,True,nba_id,Dereck Lively II,Pdcc28d7d6b,Duke,5.72,3,2,0.982143,12,OKC,Brandin Podziemski,9.07,19,GSW,6.16,model,,team that made the selection on draft night; draft-night trades are not reflected
orlando-magic,Orlando Magic,ORL,2023,36,2,Andre Jackson Jr.,P737b0588be,Connecticut,-1.55,3,22,True,nba_id,Trayce Jackson-Davis,P396ba96b58,Indiana,4.65,3,12,0.803571,57,WAS,Toumani Camara,6.82,52,PHX,6.2,model,,team that made the selection on draft night; draft-night trades are not reflected
orlando-magic,Orlando Magic,ORL,2024,18,1,Tristan da Silva,P13f5a8ca49,Colorado,1.72,2,18,True,nba_id,Adem Bona,P84e9dcbb3e,California-Los Angeles,-0.06,2,3,0.963636,41,PHI,Cam Spencer,4.88,53,DET,-1.78,team,,team that made the selection on draft night; draft-night trades are not reflected
orlando-magic,Orlando Magic,ORL,2024,47,2,Antonio Reeves,P0edbaa5011,Kentucky,-0.16,2,55,True,nba_id,Cam Spencer,P4b73f3a250,Connecticut,4.88,2,16,0.727273,53,DET,Cam Spencer,4.88,53,DET,5.04,model,,team that made the selection on draft night; draft-night trades are not reflected
orlando-magic,Orlando Magic,ORL,2025,25,1,Jase Richardson,P679974836f,Michigan State,0.13,1,7,True,nba_id,Johni Broome,Pad9c27fcb6,Auburn,-0.27,1,10,0.842105,35,PHI,Ryan Kalkbrenner,3.33,34,CHA,-0.4,team,,team that made the selection on draft night; draft-night trades are not reflected
orlando-magic,Orlando Magic,ORL,2025,46,2,Amari Williams,P445f167264,Kentucky,0.02,1,42,True,nba_id,Bogoljub Marković,P3651ab0a99,KK Mega Leks (Serbia),0.0,0,17,0.719298,47,MIL,Javon Small,1.34,48,MEM,-0.02,tie,,team that made the selection on draft night; draft-night trades are not reflected
orlando-magic,Orlando Magic,ORL,2025,57,2,Max Shulga,P95c84fe799,Virginia Commonwealth,-0.12,1,26,True,nba_id,Jahmai Mashack,P98436c11b0,Tennessee,-1.75,1,34,0.421053,59,HOU,Jahmai Mashack,-1.75,59,HOU,-1.63,team,,team that made the selection on draft night; draft-night trades are not reflected
philadelphia-76ers,Philadelphia 76ers,PHI,2019,24,1,Ty Jerome,Pb16e641fe9,Virginia,1.319,5,8,True,nba_id,Bol Bol,P273938bb97,Oregon,1.891,5,5,0.931034,44,MIA,Nic Claxton,16.337,31,BKN,0.572,model,,team that made the selection on draft night; draft-night trades are not reflected
philadelphia-76ers,Philadelphia 76ers,PHI,2019,33,2,Carsen Edwards,P14a01dedf9,Purdue,-0.642,3,54,True,nba_id,Bol Bol,P273938bb97,Oregon,1.891,5,5,0.931034,44,MIA,Daniel Gafford,13.092,38,CHI,2.533,model,,team that made the selection on draft night; draft-night trades are not reflected
philadelphia-76ers,Philadelphia 76ers,PHI,2019,34,2,Bruno Fernando,P5cd98708f1,Maryland,-0.566,5,14,True,nba_id,Bol Bol,P273938bb97,Oregon,1.891,5,5,0.931034,44,MIA,Daniel Gafford,13.092,38,CHI,2.457,model,,team that made the selection on draft night; draft-night trades are not reflected
philadelphia-76ers,Philadelphia 76ers,PHI,2019,42,2,Admiral Schofield,P2084d7c5fc,Tennessee,-1.033,4,58,True,nba_id,Bol Bol,P273938bb97,Oregon,1.891,5,5,0.931034,44,MIA,Terance Mann,11.815,48,LAC,2.924,model,,team that made the selection on draft night; draft-night trades are not reflected
philadelphia-76ers,Philadelphia 76ers,PHI,2019,54,2,Marial Shayok,P224fa713e4,Virginia,-0.064,1,53,True,nba_id,Kyle Guy,Pb69fbd28c6,Virginia,-0.338,3,33,0.448276,55,NYK,Dewan Hernandez,0.05,59,TOR,-0.274,team,,team that made the selection on draft night; draft-night trades are not reflected
philadelphia-76ers,Philadelphia 76ers,PHI,2020,21,1,Tyrese Maxey,Pa3fa433740,Kentucky,21.882,5,26,True,nba_id,Xavier Tillman,P1f88525e9f,Michigan State,5.26,5,4,0.948276,35,SAC,Desmond Bane,26.923,30,BOS,-16.623,team,,team that made the selection on draft night; draft-night trades are not reflected
philadelphia-76ers,Philadelphia 76ers,PHI,2020,34,2,Theo Maledon,Pde7308c87b,ASVEL Basket (France),-6.304,4,21,True,nba_id,Xavier Tillman,P1f88525e9f,Michigan State,5.26,5,4,0.948276,35,SAC,Isaiah Joe,10.928,49,PHI,11.564,model,,team that made the selection on draft night; draft-night trades are not reflected
philadelphia-76ers,Philadelphia 76ers,PHI,2020,36,2,Tyler Bey,P32d7e7e1eb,Colorado,-0.371,1,15,True,nba_id,Paul Reed,P170284fab5,DePaul,6.718,5,8,0.87931,58,PHI,Isaiah Joe,10.928,49,PHI,7.089,model,,team that made the selection on draft night; draft-night trades are not reflected
philadelphia-76ers,Philadelphia 76ers,PHI,2020,49,2,Isaiah Joe,P866e6f90bf,Arkansas,10.928,5,29,True,nba_id,Paul Reed,P170284fab5,DePaul,6.718,5,8,0.87931,58,PHI,Paul Reed,6.718,58,PHI,-4.21,team,,team that made the selection on draft night; draft-night trades are not reflected
philadelphia-76ers,Philadelphia 76ers,PHI,2020,58,2,Paul Reed,P170284fab5,DePaul,6.718,5,8,True,nba_id,Jalen Harris,P641ed83c9a,Nevada-Reno,0.31,1,38,0.362069,59,TOR,Sam Merrill,4.033,60,NOP,-6.407,team,,team that made the selection on draft night; draft-night trades are not reflected
philadelphia-76ers,Philadelphia 76ers,PHI,2021,28,1,Jaden Springer,P90b2305671,Tennessee,0.186,4,29,True,nba_id,Neemias Queta,P90932c4b0a,Utah State,7.794,5,8,0.875,39,SAC,Herbert Jones,15.06,35,NOP,7.608,model,,team that made the selection on draft night; draft-night trades are not reflected
philadelphia-76ers,Philadelphia 76ers,PHI,2021,50,2,Filip Petrusev,P30aaba02d5,KK Mega Leks (Serbia),-0.02,1,36,True,nba_id,Charles Bassey,P0326e23b0d,Western Kentucky,1.798,5,20,0.660714,53,PHI,Aaron Wiggins,7.587,55,OKC,1.818,model,,team that made the selection on draft night; draft-night trades are not reflected
philadelphia-76ers,Philadelphia 76ers,PHI,2021,53,2,Charles Bassey,P0326e23b0d,Western Kentucky,1.798,5,20,True,nba_id,RaiQuan Gray,P2b13664da5,Florida State,0.21,2,28,0.517857,59,BKN,Aaron Wiggins,7.587,55,OKC,-1.588,team,,team that made the selection on draft night; draft-night trades are not reflected
philadelphia-76ers,Philadelphia 76ers,PHI,2022,23,1,David Roddy,P63014948f5,Colorado State,-2.42,4,28,True,nba_id,Andrew Nembhard,P76ebdc8d77,Gonzaga,5.11,4,6,0.903846,31,IND,Jaylin Williams,8.68,34,OKC,7.53,model,,team that made the selection on draft night; draft-night trades are not reflected
philadelphia-76ers,Philadelphia 76ers,PHI,2024,16,1,Jared McCain,Pa3f4257d20,Duke,0.74,2,15,True,nba_id,Adem Bona,P84e9dcbb3e,California-Los Angeles,-0.06,2,3,0.963636,41,PHI,Cam Spencer,4.88,53,DET,-0.8,team,,team that made the selection on draft night; draft-night trades are not reflected
philadelphia-76ers,Philadelphia 76ers,PHI,2024,41,2,Adem Bona,P84e9dcbb3e,California-Los Angeles,-0.06,2,3,True,nba_id,Cam Spencer,P4b73f3a250,Connecticut,4.88,2,16,0.727273,53,DET,Cam Spencer,4.88,53,DET,4.94,model,,team that made the selection on draft night; draft-night trades are not reflected
philadelphia-76ers,Philadelphia 76ers,PHI,2025,3,1,VJ Edgecombe,P4e09db2338,Baylor,4.28,1,3,True,nba_id,Collin Murray-Boyles,P5699f03b57,South Carolina,2.73,1,2,0.982456,9,TOR,Kon Knueppel,7.38,4,CHA,-1.55,team,,team that made the selection on draft night; draft-night trades are not reflected
philadelphia-76ers,Philadelphia 76ers,PHI,2025,35,2,Johni Broome,Pad9c27fcb6,Auburn,-0.27,1,10,True,nba_id,Bogoljub Marković,P3651ab0a99,KK Mega Leks (Serbia),0.0,0,17,0.719298,47,MIL,Javon Small,1.34,48,MEM,0.27,model,,team that made the selection on draft night; draft-night trades are not reflected
phoenix-suns,Phoenix Suns,PHX,2019,6,1,Jarrett Culver,Pbc4309c829,Texas Tech,-1.401,4,4,True,nba_id,Goga Bitadze,P5277c76d51,KK Mega Leks (Serbia),3.728,5,2,0.982759,18,IND,Cameron Johnson,17.195,11,MIN,5.129,model,,team that made the selection on draft night; draft-night trades are not reflected
phoenix-suns,Phoenix Suns,PHX,2019,32,2,KZ Okpala,Pd17e70140c,Stanford,-1.17,4,49,True,nba_id,Bol Bol,P273938bb97,Oregon,1.891,5,5,0.931034,44,MIA,Daniel Gafford,13.092,38,CHI,3.061,model,,team that made the selection on draft night; draft-night trades are not reflected
phoenix-suns,Phoenix Suns,PHX,2020,10,1,Jalen Smith,P90a7395cb0,Maryland,5.569,5,13,True,nba_id,Tyrese Haliburton,P1388f2fd26,Iowa State,38.497,5,2,0.982759,12,SAC,Tyrese Haliburton,38.497,12,SAC,32.928,model,,team that made the selection on draft night; draft-night trades are not reflected
phoenix-suns,Phoenix Suns,PHX,2021,29,1,Day'Ron Sharpe,Pe728a39ea0,North Carolina,6.261,5,21,True,nba_id,Neemias Queta,P90932c4b0a,Utah State,7.794,5,8,0.875,39,SAC,Herbert Jones,15.06,35,NOP,1.533,model,,team that made the selection on draft night; draft-night trades are not reflected
phoenix-suns,Phoenix Suns,PHX,2023,52,2,Toumani Camara,Pdd1f325a63,Dayton,6.82,3,29,True,nba_id,Trayce Jackson-Davis,P396ba96b58,Indiana,4.65,3,12,0.803571,57,WAS,Trayce Jackson-Davis,4.65,57,WAS,-2.17,team,,team that made the selection on draft night; draft-night trades are not reflected
phoenix-suns,Phoenix Suns,PHX,2024,22,1,DaRon Holmes II,P4bbcd3bc18,Dayton,0.24,1,9,True,nba_id,Adem Bona,P84e9dcbb3e,California-Los Angeles,-0.06,2,3,0.963636,41,PHI,Cam Spencer,4.88,53,DET,-0.3,team,,team that made the selection on draft night; draft-night trades are not reflected
phoenix-suns,Phoenix Suns,PHX,2024,56,2,Kevin McCullar Jr.,Pd62847824a,Kansas,-0.06,2,28,True,nba_id,Ulrich Chomche,Pb1c5565b99,APR BBC (Rwanda),-0.08,1,30,0.472727,57,MEM,Ulrich Chomche,-0.08,57,MEM,-0.02,tie,,team that made the selection on draft night; draft-night trades are not reflected
phoenix-suns,Phoenix Suns,PHX,2025,29,1,Liam McNeeley,Padf63a93ad,Connecticut,0.23,1,31,True,nba_id,Johni Broome,Pad9c27fcb6,Auburn,-0.27,1,10,0.842105,35,PHI,Ryan Kalkbrenner,3.33,34,CHA,-0.5,team,,team that made the selection on draft night; draft-night trades are not reflected
phoenix-suns,Phoenix Suns,PHX,2025,52,2,Alex Toohey,,Sydney (Australia),0.0,0,,False,none,Max Shulga,P95c84fe799,Virginia Commonwealth,-0.12,1,26,0.561404,57,ORL,Will Richard,0.96,56,MEM,-0.12,team,actual pick has no pre-draft/outcome record; WAR imputed 0,team that made the selection on draft night; draft-night trades are not reflected
portland-trail-blazers,Portland Trail Blazers,POR,2019,25,1,Nassir Little,P6a5f6ac2d8,North Carolina,1.217,5,47,True,nba_id,Bol Bol,P273938bb97,Oregon,1.891,5,5,0.931034,44,MIA,Nic Claxton,16.337,31,BKN,0.674,model,,team that made the selection on draft night; draft-night trades are not reflected
portland-trail-blazers,Portland Trail Blazers,POR,2020,16,1,Isaiah Stewart,Pe0b660d280,Washington,5.952,5,11,True,nba_id,Xavier Tillman,P1f88525e9f,Michigan State,5.26,5,4,0.948276,35,SAC,Desmond Bane,26.923,30,BOS,-0.692,team,,team that made the selection on draft night; draft-night trades are not reflected
portland-trail-blazers,Portland Trail Blazers,POR,2020,46,2,CJ Elleby,P173da90181,Washington State,-1.668,2,22,True,nba_id,Paul Reed,P170284fab5,DePaul,6.718,5,8,0.87931,58,PHI,Isaiah Joe,10.928,49,PHI,8.386,model,,team that made the selection on draft night; draft-night trades are not reflected
portland-trail-blazers,Portland Trail Blazers,POR,2022,7,1,Shaedon Sharpe,P7d4b1d6e8f,Kentucky,2.68,4,19,True,nba_id,Jeremy Sochan,Pe3c0fc5a9e,Baylor,-0.14,4,3,0.961538,9,SAS,Jalen Williams,22.38,12,OKC,-2.82,team,,team that made the selection on draft night; draft-night trades are not reflected
portland-trail-blazers,Portland Trail Blazers,POR,2022,36,2,Gabriele Procida,,Fortitudo Pallacanestro Bologna (Italy),0.0,0,,False,none,Josh Minott,P76f8234113,Memphis,3.25,4,17,0.692308,45,CHA,Moussa Diabaté,6.09,43,LAC,3.25,model,actual pick has no pre-draft/outcome record; WAR imputed 0,team that made the selection on draft night; draft-night trades are not reflected
portland-trail-blazers,Portland Trail Blazers,POR,2023,3,1,Scoot Henderson,P51e5ade0ce,Ignite (G League),-1.9,3,45,True,nba_id,Anthony Black,Pa813594724,Arkansas,4.17,3,1,1.0,6,ORL,Amen Thompson,20.43,4,HOU,6.07,model,,team that made the selection on draft night; draft-night trades are not reflected
portland-trail-blazers,Portland Trail Blazers,POR,2023,23,1,Kris Murray,P47a1cc70a3,Iowa,0.45,3,20,True,nba_id,Trayce Jackson-Davis,P396ba96b58,Indiana,4.65,3,12,0.803571,57,WAS,Toumani Camara,6.82,52,PHX,4.2,model,,team that made the selection on draft night; draft-night trades are not reflected
portland-trail-blazers,Portland Trail Blazers,POR,2023,43,2,Rayan Rupert,P71f8c1b48d,Breakers (New Zealand),-3.63,3,36,True,nba_id,Trayce Jackson-Davis,P396ba96b58,Indiana,4.65,3,12,0.803571,57,WAS,Toumani Camara,6.82,52,PHX,8.28,model,,team that made the selection on draft night; draft-night trades are not reflected
portland-trail-blazers,Portland Trail Blazers,POR,2024,7,1,Donovan Clingan,Pb0cd5d409b,Connecticut,8.59,2,2,True,nba_id,Adem Bona,P84e9dcbb3e,California-Los Angeles,-0.06,2,3,0.963636,41,PHI,Kel'el Ware,6.53,15,MIA,-8.65,team,,team that made the selection on draft night; draft-night trades are not reflected
portland-trail-blazers,Portland Trail Blazers,POR,2024,14,1,Bub Carrington,P4bd2cd3d34,Pittsburgh,-6.61,2,32,True,nba_id,Adem Bona,P84e9dcbb3e,California-Los Angeles,-0.06,2,3,0.963636,41,PHI,Kel'el Ware,6.53,15,MIA,6.55,model,,team that made the selection on draft night; draft-night trades are not reflected
portland-trail-blazers,Portland Trail Blazers,POR,2024,34,2,Tyler Kolek,Pd1401169e8,Marquette,1.3,2,6,True,nba_id,Adem Bona,P84e9dcbb3e,California-Los Angeles,-0.06,2,3,0.963636,41,PHI,Cam Spencer,4.88,53,DET,-1.36,team,,team that made the selection on draft night; draft-night trades are not reflected
portland-trail-blazers,Portland Trail Blazers,POR,2024,40,2,Oso Ighodaro,P9fc884bebd,Marquette,3.26,2,24,True,nba_id,Adem Bona,P84e9dcbb3e,California-Los Angeles,-0.06,2,3,0.963636,41,PHI,Cam Spencer,4.88,53,DET,-3.32,team,,team that made the selection on draft night; draft-night trades are not reflected
portland-trail-blazers,Portland Trail Blazers,POR,2025,11,1,Cedric Coward,P7ba2fa977b,Washington State,2.33,1,9,True,nba_id,Thomas Sorber,P3f654a33fe,Georgetown,0.0,0,6,0.912281,15,OKC,Ryan Kalkbrenner,3.33,34,CHA,-2.33,team,,team that made the selection on draft night; draft-night trades are not reflected
sacramento-kings,Sacramento Kings,SAC,2019,40,2,Justin James,P6336d0d324,Wyoming,-0.228,2,44,True,nba_id,Bol Bol,P273938bb97,Oregon,1.891,5,5,0.931034,44,MIA,Terance Mann,11.815,48,LAC,2.12,model,,team that made the selection on draft night; draft-night trades are not reflected
sacramento-kings,Sacramento Kings,SAC,2019,47,2,Ignas Brazdeikis,Pd50729b5d0,Michigan,-0.756,3,43,True,nba_id,Quinndary Weatherspoon,P4797fb50d3,Mississippi State,-0.889,3,22,0.637931,49,SAS,Terance Mann,11.815,48,LAC,-0.132,team,,team that made the selection on draft night; draft-night trades are not reflected
sacramento-kings,Sacramento Kings,SAC,2020,12,1,Tyrese Haliburton,P1388f2fd26,Iowa State,38.497,5,2,True,nba_id,Xavier Tillman,P1f88525e9f,Michigan State,5.26,5,4,0.948276,35,SAC,Desmond Bane,26.923,30,BOS,-33.238,team,,team that made the selection on draft night; draft-night trades are not reflected
sacramento-kings,Sacramento Kings,SAC,2020,35,2,Xavier Tillman,P1f88525e9f,Michigan State,5.26,5,4,True,nba_id,Paul Reed,P170284fab5,DePaul,6.718,5,8,0.87931,58,PHI,Isaiah Joe,10.928,49,PHI,1.458,model,,team that made the selection on draft night; draft-night trades are not reflected
sacramento-kings,Sacramento Kings,SAC,2020,43,2,Jahmi'us Ramsey,P429838957d,Texas Tech,-0.557,3,30,True,nba_id,Paul Reed,P170284fab5,DePaul,6.718,5,8,0.87931,58,PHI,Isaiah Joe,10.928,49,PHI,7.274,model,,team that made the selection on draft night; draft-night trades are not reflected
sacramento-kings,Sacramento Kings,SAC,2020,52,2,KJ Martin,P625909539a,IMG Academy,0.28,3,37,True,nba_id,Paul Reed,P170284fab5,DePaul,6.718,5,8,0.87931,58,PHI,Paul Reed,6.718,58,PHI,6.438,model,,team that made the selection on draft night; draft-night trades are not reflected
sacramento-kings,Sacramento Kings,SAC,2021,9,1,Davion Mitchell,P2c8aa67899,Baylor,5.777,5,23,True,nba_id,Alperen Sengun,Pb3cfb2c388,Besiktas (Turkey),29.488,5,6,0.910714,16,OKC,Alperen Sengun,29.488,16,OKC,23.711,model,,team that made the selection on draft night; draft-night trades are not reflected
sacramento-kings,Sacramento Kings,SAC,2021,39,2,Neemias Queta,P90932c4b0a,Utah State,7.794,5,8,True,nba_id,Jared Butler,P82dc635a40,Baylor,0.743,4,16,0.732143,40,SAC,Aaron Wiggins,7.587,55,OKC,-7.051,team,,team that made the selection on draft night; draft-night trades are not reflected
sacramento-kings,Sacramento Kings,SAC,2021,40,2,Jared Butler,P82dc635a40,Baylor,0.743,4,16,True,nba_id,Charles Bassey,P0326e23b0d,Western Kentucky,1.798,5,20,0.660714,53,PHI,Aaron Wiggins,7.587,55,OKC,1.055,model,,team that made the selection on draft night; draft-night trades are not reflected
sacramento-kings,Sacramento Kings,SAC,2022,4,1,Keegan Murray,P86df290cda,Iowa,8.41,4,1,True,nba_id,Jeremy Sochan,Pe3c0fc5a9e,Baylor,-0.14,4,3,0.961538,9,SAS,Jalen Williams,22.38,12,OKC,-8.55,team,,team that made the selection on draft night; draft-night trades are not reflected
sacramento-kings,Sacramento Kings,SAC,2022,37,2,Jaden Hardy,P20596267f7,Ignite (G League),-2.32,4,51,True,nba_id,Josh Minott,P76f8234113,Memphis,3.25,4,17,0.692308,45,CHA,Moussa Diabaté,6.09,43,LAC,5.57,model,,team that made the selection on draft night; draft-night trades are not reflected
sacramento-kings,Sacramento Kings,SAC,2023,24,1,Olivier-Maxence Prosper,Pbcdd20a9f9,Marquette,0.76,3,49,True,nba_id,Trayce Jackson-Davis,P396ba96b58,Indiana,4.65,3,12,0.803571,57,WAS,Toumani Camara,6.82,52,PHX,3.89,model,,team that made the selection on draft night; draft-night trades are not reflected
sacramento-kings,Sacramento Kings,SAC,2023,38,2,Jordan Walsh,Pe356195976,Arkansas,2.06,3,30,True,nba_id,Trayce Jackson-Davis,P396ba96b58,Indiana,4.65,3,12,0.803571,57,WAS,Toumani Camara,6.82,52,PHX,2.59,model,,team that made the selection on draft night; draft-night trades are not reflected
sacramento-kings,Sacramento Kings,SAC,2023,54,2,Jalen Slawson,P0e1f032d1f,Furman,0.26,2,19,True,nba_id,Trayce Jackson-Davis,P396ba96b58,Indiana,4.65,3,12,0.803571,57,WAS,Trayce Jackson-Davis,4.65,57,WAS,4.39,model,,team that made the selection on draft night; draft-night trades are not reflected
sacramento-kings,Sacramento Kings,SAC,2024,13,1,Devin Carter,P32ff4229d3,Providence,0.03,2,8,True,nba_id,Adem Bona,P84e9dcbb3e,California-Los Angeles,-0.06,2,3,0.963636,41,PHI,Kel'el Ware,6.53,15,MIA,-0.09,team,,team that made the selection on draft night; draft-night trades are not reflected
sacramento-kings,Sacramento Kings,SAC,2024,45,2,Jamal Shead,Pbdde11b624,Houston,-0.71,2,20,True,nba_id,Cam Spencer,P4b73f3a250,Connecticut,4.88,2,16,0.727273,53,DET,Cam Spencer,4.88,53,DET,5.59,model,,team that made the selection on draft night; draft-night trades are not reflected
sacramento-kings,Sacramento Kings,SAC,2025,42,2,Maxime Raynaud,P24c85e006b,Stanford,-0.27,1,27,True,nba_id,Bogoljub Marković,P3651ab0a99,KK Mega Leks (Serbia),0.0,0,17,0.719298,47,MIL,Javon Small,1.34,48,MEM,0.27,model,,team that made the selection on draft night; draft-night trades are not reflected
san-antonio-spurs,San Antonio Spurs,SAS,2019,19,1,Luka Samanic,P9b3e496395,KK Olimpija (Slovenia),-0.726,4,40,True,nba_id,Bol Bol,P273938bb97,Oregon,1.891,5,5,0.931034,44,MIA,Nic Claxton,16.337,31,BKN,2.617,model,,team that made the selection on draft night; draft-night trades are not reflected
san-antonio-spurs,San Antonio Spurs,SAS,2019,29,1,Keldon Johnson,Pa4c28f80ad,Kentucky,7.16,5,30,True,nba_id,Bol Bol,P273938bb97,Oregon,1.891,5,5,0.931034,44,MIA,Nic Claxton,16.337,31,BKN,-5.269,team,,team that made the selection on draft night; draft-night trades are not reflected
san-antonio-spurs,San Antonio Spurs,SAS,2019,49,2,Quinndary Weatherspoon,P4797fb50d3,Mississippi State,-0.889,3,22,True,nba_id,Tremont Waters,Pf6db5ed983,Louisiana State,-0.31,3,24,0.603448,51,BOS,Jalen McDaniels,0.345,52,CHA,0.578,model,,team that made the selection on draft night; draft-night trades are not reflected
san-antonio-spurs,San Antonio Spurs,SAS,2020,11,1,Devin Vassell,Pd70c9ef8df,Florida State,8.06,5,5,True,nba_id,Tyrese Haliburton,P1388f2fd26,Iowa State,38.497,5,2,0.982759,12,SAC,Tyrese Haliburton,38.497,12,SAC,30.437,model,,team that made the selection on draft night; draft-night trades are not reflected
san-antonio-spurs,San Antonio Spurs,SAS,2020,41,2,Tre Jones,P716f6175e4,Duke,9.41,5,9,True,nba_id,Paul Reed,P170284fab5,DePaul,6.718,5,8,0.87931,58,PHI,Isaiah Joe,10.928,49,PHI,-2.692,team,,team that made the selection on draft night; draft-night trades are not reflected
san-antonio-spurs,San Antonio Spurs,SAS,2021,12,1,Joshua Primo,P4e35bd6add,Alabama,-1.122,3,54,True,nba_id,Alperen Sengun,Pb3cfb2c388,Besiktas (Turkey),29.488,5,6,0.910714,16,OKC,Alperen Sengun,29.488,16,OKC,30.61,model,,team that made the selection on draft night; draft-night trades are not reflected
san-antonio-spurs,San Antonio Spurs,SAS,2021,41,2,Joe Wieskamp,Pac178f1473,Iowa,-0.442,2,35,True,nba_id,Charles Bassey,P0326e23b0d,Western Kentucky,1.798,5,20,0.660714,53,PHI,Aaron Wiggins,7.587,55,OKC,2.24,model,,team that made the selection on draft night; draft-night trades are not reflected
san-antonio-spurs,San Antonio Spurs,SAS,2022,9,1,Jeremy Sochan,Pe3c0fc5a9e,Baylor,-0.14,4,3,True,nba_id,Walker Kessler,Pa5128e8532,Auburn,12.86,4,4,0.942308,22,MEM,Jalen Williams,22.38,12,OKC,13.0,model,,team that made the selection on draft night; draft-night trades are not reflected
san-antonio-spurs,San Antonio Spurs,SAS,2022,20,1,Malaki Branham,Pae46fa4aa5,Ohio State,-5.15,4,44,True,nba_id,Walker Kessler,Pa5128e8532,Auburn,12.86,4,4,0.942308,22,MEM,Walker Kessler,12.86,22,MEM,18.01,model,,team that made the selection on draft night; draft-night trades are not reflected
san-antonio-spurs,San Antonio Spurs,SAS,2022,25,1,Blake Wesley,P5cba6e4b4b,Notre Dame,-3.03,4,48,True,nba_id,Andrew Nembhard,P76ebdc8d77,Gonzaga,5.11,4,6,0.903846,31,IND,Jaylin Williams,8.68,34,OKC,8.14,model,,team that made the selection on draft night; draft-night trades are not reflected
san-antonio-spurs,San Antonio Spurs,SAS,2022,38,2,Kennedy Chandler,P8c8d5105c2,Tennessee,-0.63,2,24,True,nba_id,Josh Minott,P76f8234113,Memphis,3.25,4,17,0.692308,45,CHA,Moussa Diabaté,6.09,43,LAC,3.88,model,,team that made the selection on draft night; draft-night trades are not reflected
san-antonio-spurs,San Antonio Spurs,SAS,2023,1,1,Victor Wembanyama,P144ed94c77,Metropolitans 92 (France),32.15,3,15,True,nba_id,Anthony Black,Pa813594724,Arkansas,4.17,3,1,1.0,6,ORL,Amen Thompson,20.43,4,HOU,-27.98,team,,team that made the selection on draft night; draft-night trades are not reflected
san-antonio-spurs,San Antonio Spurs,SAS,2023,33,2,Leonard Miller,P2db6f2cc8f,Ignite (G League),0.88,3,38,True,nba_id,Trayce Jackson-Davis,P396ba96b58,Indiana,4.65,3,12,0.803571,57,WAS,Toumani Camara,6.82,52,PHX,3.77,model,,team that made the selection on draft night; draft-night trades are not reflected
san-antonio-spurs,San Antonio Spurs,SAS,2023,44,2,Sidy Cissoko,Pbf5a7a4d5b,Ignite (G League),-1.07,3,42,True,nba_id,Trayce Jackson-Davis,P396ba96b58,Indiana,4.65,3,12,0.803571,57,WAS,Toumani Camara,6.82,52,PHX,5.72,model,,team that made the selection on draft night; draft-night trades are not reflected
san-antonio-spurs,San Antonio Spurs,SAS,2024,4,1,Stephon Castle,P2a77fa93f7,Connecticut,5.53,2,11,True,nba_id,Donovan Clingan,Pb0cd5d409b,Connecticut,8.59,2,2,0.981818,7,POR,Donovan Clingan,8.59,7,POR,3.06,model,,team that made the selection on draft night; draft-night trades are not reflected
san-antonio-spurs,San Antonio Spurs,SAS,2024,8,1,Rob Dillingham,P74240d498b,Kentucky,-2.41,2,53,True,nba_id,Adem Bona,P84e9dcbb3e,California-Los Angeles,-0.06,2,3,0.963636,41,PHI,Kel'el Ware,6.53,15,MIA,2.35,model,,team that made the selection on draft night; draft-night trades are not reflected
san-antonio-spurs,San Antonio Spurs,SAS,2024,35,2,Johnny Furphy,P35654567c0,Kansas,-0.25,2,33,True,nba_id,Adem Bona,P84e9dcbb3e,California-Los Angeles,-0.06,2,3,0.963636,41,PHI,Cam Spencer,4.88,53,DET,0.19,model,,team that made the selection on draft night; draft-night trades are not reflected
san-antonio-spurs,San Antonio Spurs,SAS,2024,48,2,Harrison Ingram,P3bedf956bf,North Carolina,0.09,2,22,True,nba_id,Cam Spencer,P4b73f3a250,Connecticut,4.88,2,16,0.727273,53,DET,Cam Spencer,4.88,53,DET,4.79,model,,team that made the selection on draft night; draft-night trades are not reflected
san-antonio-spurs,San Antonio Spurs,SAS,2025,2,1,Dylan Harper,Pf3b62cae3c,Rutgers,4.44,1,4,True,nba_id,Collin Murray-Boyles,P5699f03b57,South Carolina,2.73,1,2,0.982456,9,TOR,Kon Knueppel,7.38,4,CHA,-1.71,team,,team that made the selection on draft night; draft-night trades are not reflected
san-antonio-spurs,San Antonio Spurs,SAS,2025,14,1,Carter Bryant,Pf4e651b50c,Arizona,0.15,1,18,True,nba_id,Thomas Sorber,P3f654a33fe,Georgetown,0.0,0,6,0.912281,15,OKC,Ryan Kalkbrenner,3.33,34,CHA,-0.15,team,,team that made the selection on draft night; draft-night trades are not reflected
san-antonio-spurs,San Antonio Spurs,SAS,2025,38,2,Kam Jones,P495dd3afc8,Marquette,-1.33,1,29,True,nba_id,Bogoljub Marković,P3651ab0a99,KK Mega Leks (Serbia),0.0,0,17,0.719298,47,MIL,Javon Small,1.34,48,MEM,1.33,model,,team that made the selection on draft night; draft-night trades are not reflected
toronto-raptors,Toronto Raptors,TOR,2020,29,1,Malachi Flynn,P69f4c7679c,San Diego State,1.41,5,17,True,nba_id,Xavier Tillman,P1f88525e9f,Michigan State,5.26,5,4,0.948276,35,SAC,Desmond Bane,26.923,30,BOS,3.85,model,,team that made the selection on draft night; draft-night trades are not reflected
toronto-raptors,Toronto Raptors,TOR,2020,59,2,Jalen Harris,P641ed83c9a,Nevada-Reno,0.31,1,38,True,nba_id,Sam Merrill,P8884c4fd03,Utah State,4.033,5,42,0.293103,60,NOP,Sam Merrill,4.033,60,NOP,3.723,model,,team that made the selection on draft night; draft-night trades are not reflected
toronto-raptors,Toronto Raptors,TOR,2021,4,1,Scottie Barnes,P45a39b68c1,Florida State,32.032,5,5,True,nba_id,Jalen Suggs,Pc97a1282a3,Gonzaga,12.819,5,1,1.0,5,ORL,Alperen Sengun,29.488,16,OKC,-19.214,team,,team that made the selection on draft night; draft-night trades are not reflected
toronto-raptors,Toronto Raptors,TOR,2021,46,2,Dalano Banton,Pb149e1d8c2,Nebraska,1.993,5,45,True,nba_id,Charles Bassey,P0326e23b0d,Western Kentucky,1.798,5,20,0.660714,53,PHI,Aaron Wiggins,7.587,55,OKC,-0.195,team,,team that made the selection on draft night; draft-night trades are not reflected
toronto-raptors,Toronto Raptors,TOR,2021,47,2,David Johnson,P152905cef4,Louisville,0.01,1,43,True,nba_id,Charles Bassey,P0326e23b0d,Western Kentucky,1.798,5,20,0.660714,53,PHI,Aaron Wiggins,7.587,55,OKC,1.789,model,,team that made the selection on draft night; draft-night trades are not reflected
toronto-raptors,Toronto Raptors,TOR,2022,33,2,Christian Koloko,P9345155d6a,Arizona,-0.35,3,15,True,nba_id,Josh Minott,P76f8234113,Memphis,3.25,4,17,0.692308,45,CHA,Jaylin Williams,8.68,34,OKC,3.6,model,,team that made the selection on draft night; draft-night trades are not reflected
toronto-raptors,Toronto Raptors,TOR,2023,13,1,Gradey Dick,Pfdcf13c664,Kansas,-3.45,3,8,True,nba_id,Brandin Podziemski,P0db0d3c576,Santa Clara,9.07,3,4,0.946429,19,GSW,Brandin Podziemski,9.07,19,GSW,12.52,model,,team that made the selection on draft night; draft-night trades are not reflected
toronto-raptors,Toronto Raptors,TOR,2024,19,1,Ja'Kobe Walter,P9f04775c7a,Baylor,2.09,2,36,True,nba_id,Adem Bona,P84e9dcbb3e,California-Los Angeles,-0.06,2,3,0.963636,41,PHI,Cam Spencer,4.88,53,DET,-2.15,team,,team that made the selection on draft night; draft-night trades are not reflected
toronto-raptors,Toronto Raptors,TOR,2024,31,2,Jonathan Mogbo,Pafffac98b2,San Francisco,0.41,2,5,True,nba_id,Adem Bona,P84e9dcbb3e,California-Los Angeles,-0.06,2,3,0.963636,41,PHI,Cam Spencer,4.88,53,DET,-0.47,team,,team that made the selection on draft night; draft-night trades are not reflected
toronto-raptors,Toronto Raptors,TOR,2025,9,1,Collin Murray-Boyles,P5699f03b57,South Carolina,2.73,1,2,True,nba_id,Thomas Sorber,P3f654a33fe,Georgetown,0.0,0,6,0.912281,15,OKC,Ryan Kalkbrenner,3.33,34,CHA,-2.73,team,,team that made the selection on draft night; draft-night trades are not reflected
toronto-raptors,Toronto Raptors,TOR,2025,39,2,Alijah Martin,P41ae7c3c75,Florida,-0.09,1,49,True,nba_id,Bogoljub Marković,P3651ab0a99,KK Mega Leks (Serbia),0.0,0,17,0.719298,47,MIL,Javon Small,1.34,48,MEM,0.09,model,,team that made the selection on draft night; draft-night trades are not reflected
utah-jazz,Utah Jazz,UTA,2019,23,1,Darius Bazley,Pb15c668c3a,Princeton,-2.249,5,31,True,nba_id,Bol Bol,P273938bb97,Oregon,1.891,5,5,0.931034,44,MIA,Nic Claxton,16.337,31,BKN,4.14,model,,team that made the selection on draft night; draft-night trades are not reflected
utah-jazz,Utah Jazz,UTA,2019,53,2,Justin Wright-Foreman,Pdee21247bb,Hofstra,-0.225,1,57,True,nba_id,Kyle Guy,Pb69fbd28c6,Virginia,-0.338,3,33,0.448276,55,NYK,Dewan Hernandez,0.05,59,TOR,-0.113,team,,team that made the selection on draft night; draft-night trades are not reflected
utah-jazz,Utah Jazz,UTA,2020,27,1,Udoka Azubuike,P08bc96e9be,Kansas,0.06,4,20,True,nba_id,Xavier Tillman,P1f88525e9f,Michigan State,5.26,5,4,0.948276,35,SAC,Desmond Bane,26.923,30,BOS,5.2,model,,team that made the selection on draft night; draft-night trades are not reflected
utah-jazz,Utah Jazz,UTA,2020,38,2,Saben Lee,P198bb02a0c,Vanderbilt,0.046,4,49,True,nba_id,Paul Reed,P170284fab5,DePaul,6.718,5,8,0.87931,58,PHI,Isaiah Joe,10.928,49,PHI,6.672,model,,team that made the selection on draft night; draft-night trades are not reflected
utah-jazz,Utah Jazz,UTA,2021,30,1,Santi Aldama,P213b82c86a,Loyola-Maryland,11.375,5,32,True,nba_id,Neemias Queta,P90932c4b0a,Utah State,7.794,5,8,0.875,39,SAC,Herbert Jones,15.06,35,NOP,-3.581,team,,team that made the selection on draft night; draft-night trades are not reflected
utah-jazz,Utah Jazz,UTA,2023,9,1,Taylor Hendricks,Pe60cc64195,Central Florida,-0.17,3,11,True,nba_id,Dereck Lively II,Pdcc28d7d6b,Duke,5.72,3,2,0.982143,12,OKC,Cason Wallace,13.71,10,DAL,5.89,model,,team that made the selection on draft night; draft-night trades are not reflected
utah-jazz,Utah Jazz,UTA,2023,16,1,Keyonte George,P523c5eb5e6,Baylor,-0.95,3,34,True,nba_id,Brandin Podziemski,P0db0d3c576,Santa Clara,9.07,3,4,0.946429,19,GSW,Brandin Podziemski,9.07,19,GSW,10.02,model,,team that made the selection on draft night; draft-night trades are not reflected
utah-jazz,Utah Jazz,UTA,2023,28,1,Brice Sensabaugh,P6187cee451,Ohio State,-0.58,3,50,True,nba_id,Trayce Jackson-Davis,P396ba96b58,Indiana,4.65,3,12,0.803571,57,WAS,Toumani Camara,6.82,52,PHX,5.23,model,,team that made the selection on draft night; draft-night trades are not reflected
utah-jazz,Utah Jazz,UTA,2024,10,1,Cody Williams,Pa245962e52,Colorado,-5.54,2,54,True,nba_id,Adem Bona,P84e9dcbb3e,California-Los Angeles,-0.06,2,3,0.963636,41,PHI,Kel'el Ware,6.53,15,MIA,5.48,model,,team that made the selection on draft night; draft-night trades are not reflected
utah-jazz,Utah Jazz,UTA,2024,29,1,Isaiah Collier,P429241cb33,Southern California,-1.98,2,40,True,nba_id,Adem Bona,P84e9dcbb3e,California-Los Angeles,-0.06,2,3,0.963636,41,PHI,Cam Spencer,4.88,53,DET,1.92,model,,team that made the selection on draft night; draft-night trades are not reflected
utah-jazz,Utah Jazz,UTA,2024,32,2,Kyle Filipowski,P2bc6f2a3aa,Duke,2.38,2,4,True,nba_id,Adem Bona,P84e9dcbb3e,California-Los Angeles,-0.06,2,3,0.963636,41,PHI,Cam Spencer,4.88,53,DET,-2.44,team,,team that made the selection on draft night; draft-night trades are not reflected
utah-jazz,Utah Jazz,UTA,2025,5,1,Ace Bailey,P12ee990c18,Rutgers,-2.42,1,53,True,nba_id,Collin Murray-Boyles,P5699f03b57,South Carolina,2.73,1,2,0.982456,9,TOR,Ryan Kalkbrenner,3.33,34,CHA,5.15,model,,team that made the selection on draft night; draft-night trades are not reflected
utah-jazz,Utah Jazz,UTA,2025,21,1,Will Riley,P884e8ee6b6,Illinois,-1.97,1,57,True,nba_id,Jase Richardson,P679974836f,Michigan State,0.13,1,7,0.894737,25,ORL,Ryan Kalkbrenner,3.33,34,CHA,2.1,model,,team that made the selection on draft night; draft-night trades are not reflected
utah-jazz,Utah Jazz,UTA,2025,53,2,John Tonje,P16dc90cb0b,Wisconsin,-0.04,1,47,True,nba_id,Max Shulga,P95c84fe799,Virginia Commonwealth,-0.12,1,26,0.561404,57,ORL,Will Richard,0.96,56,MEM,-0.08,team,,team that made the selection on draft night; draft-night trades are not reflected
washington-wizards,Washington Wizards,WAS,2019,9,1,Rui Hachimura,Pbea2d75e26,Gonzaga,0.147,5,46,True,nba_id,Goga Bitadze,P5277c76d51,KK Mega Leks (Serbia),3.728,5,2,0.982759,18,IND,Cameron Johnson,17.195,11,MIN,3.581,model,,team that made the selection on draft night; draft-night trades are not reflected
washington-wizards,Washington Wizards,WAS,2020,9,1,Deni Avdija,Pa430d00e1f,Maccabi Tel Aviv B.C. (Israel),13.433,5,43,True,nba_id,Tyrese Haliburton,P1388f2fd26,Iowa State,38.497,5,2,0.982759,12,SAC,Tyrese Haliburton,38.497,12,SAC,25.065,model,,team that made the selection on draft night; draft-night trades are not reflected
washington-wizards,Washington Wizards,WAS,2020,37,2,Vít Krejčí,P3bfc12237e,Basket Zaragoza 2002 (Spain),0.632,5,51,True,nba_id,Paul Reed,P170284fab5,DePaul,6.718,5,8,0.87931,58,PHI,Isaiah Joe,10.928,49,PHI,6.086,model,,team that made the selection on draft night; draft-night trades are not reflected
washington-wizards,Washington Wizards,WAS,2021,15,1,Corey Kispert,P0057628fa2,Gonzaga,2.001,5,9,True,nba_id,Alperen Sengun,Pb3cfb2c388,Besiktas (Turkey),29.488,5,6,0.910714,16,OKC,Alperen Sengun,29.488,16,OKC,27.487,model,,team that made the selection on draft night; draft-night trades are not reflected
washington-wizards,Washington Wizards,WAS,2022,10,1,Johnny Davis,P919e355315,Wisconsin,-1.93,3,32,True,nba_id,Walker Kessler,Pa5128e8532,Auburn,12.86,4,4,0.942308,22,MEM,Jalen Williams,22.38,12,OKC,14.79,model,,team that made the selection on draft night; draft-night trades are not reflected
washington-wizards,Washington Wizards,WAS,2022,54,2,Yannick Nzosa,,Unicaja Baloncesto Malaga (Spain),0.0,0,,False,none,Luke Travers,Pd4287ba490,Perth Wildcats (Australia),-0.26,2,25,0.538462,56,CLE,Gui Santos,2.36,55,GSW,-0.26,team,actual pick has no pre-draft/outcome record; WAR imputed 0,team that made the selection on draft night; draft-night trades are not reflected
washington-wizards,Washington Wizards,WAS,2023,8,1,Jarace Walker,P7bf5b1ca03,Houston,0.3,3,9,True,nba_id,Dereck Lively II,Pdcc28d7d6b,Duke,5.72,3,2,0.982143,12,OKC,Cason Wallace,13.71,10,DAL,5.42,model,,team that made the selection on draft night; draft-night trades are not reflected
washington-wizards,Washington Wizards,WAS,2023,42,2,Tristan Vukcevic,Pf9f33f79e7,Real Madrid Baloncesto (Spain),1.09,3,21,True,nba_id,Trayce Jackson-Davis,P396ba96b58,Indiana,4.65,3,12,0.803571,57,WAS,Toumani Camara,6.82,52,PHX,3.56,model,,team that made the selection on draft night; draft-night trades are not reflected
washington-wizards,Washington Wizards,WAS,2023,57,2,Trayce Jackson-Davis,P396ba96b58,Indiana,4.65,3,12,True,nba_id,Chris Livingston,Paf99c23c4d,Kentucky,-0.37,3,52,0.089286,58,MIL,Chris Livingston,-0.37,58,MIL,-5.02,team,,team that made the selection on draft night; draft-night trades are not reflected
washington-wizards,Washington Wizards,WAS,2024,2,1,Alex Sarr,P65b97df144,Perth Wildcats (Australia),0.93,2,13,True,nba_id,Reed Sheppard,P473649a3ff,Kentucky,5.94,2,1,1.0,3,HOU,Donovan Clingan,8.59,7,POR,5.01,model,,team that made the selection on draft night; draft-night trades are not reflected
washington-wizards,Washington Wizards,WAS,2024,26,1,Dillon Jones,P1a8fd8dc98,Weber State,-0.14,2,10,True,nba_id,Adem Bona,P84e9dcbb3e,California-Los Angeles,-0.06,2,3,0.963636,41,PHI,Cam Spencer,4.88,53,DET,0.08,model,,team that made the selection on draft night; draft-night trades are not reflected
washington-wizards,Washington Wizards,WAS,2025,6,1,Tre Johnson,P3ee6bf444e,Texas,-1.96,1,54,True,nba_id,Collin Murray-Boyles,P5699f03b57,South Carolina,2.73,1,2,0.982456,9,TOR,Ryan Kalkbrenner,3.33,34,CHA,4.69,model,,team that made the selection on draft night; draft-night trades are not reflected
washington-wizards,Washington Wizards,WAS,2025,18,1,Walter Clayton Jr.,P8048267828,Florida,-1.42,1,21,True,nba_id,Jase Richardson,P679974836f,Michigan State,0.13,1,7,0.894737,25,ORL,Ryan Kalkbrenner,3.33,34,CHA,1.55,model,,team that made the selection on draft night; draft-night trades are not reflected
washington-wizards,Washington Wizards,WAS,2025,40,2,Micah Peavy,Pd4c3f94c64,Georgetown,-1.15,1,39,True,nba_id,Bogoljub Marković,P3651ab0a99,KK Mega Leks (Serbia),0.0,0,17,0.719298,47,MIL,Javon Small,1.34,48,MEM,1.15,model,,team that made the selection on draft night; draft-night trades are not reflected
washington-wizards,Washington Wizards,WAS,2025,43,2,Jamir Watkins,P75527a2d8c,Florida State,-0.47,1,50,True,nba_id,Bogoljub Marković,P3651ab0a99,KK Mega Leks (Serbia),0.0,0,17,0.719298,47,MIL,Javon Small,1.34,48,MEM,0.47,model,,team that made the selection on draft night; draft-night trades are not reflected
