gen0 (v2 gen17 seed, horizon-averaged fitness) WF +0.3805 blind edge +0.197 2019 -0.002 2020 -0.013 (4/7)
== EVOLUTION v3 == ledger 367
[15:53:52] gen1   die  WF +0.3810 gain +0.0005 folds 2/5  mut: mono=off  (27s)
[15:54:21] gen2   die  WF +0.3727 gain -0.0078 folds 2/5  mut: risk=q25  (29s)
[15:54:56] gen3   die  WF +0.3820 gain +0.0015 folds 4/5  mut: icl_n=32  (34s)
[15:56:16] gen4   die  WF +0.3791 gain -0.0014 folds 2/5  mut: labelmix=mix3  (81s)
[15:56:47] gen5   die  WF +0.3638 gain -0.0167 folds 1/5  mut: fx=eraz  (30s)
== EVOLUTION v3 == ledger 368
[15:58:33] gen6   die  WF +0.3727 gain -0.0078 folds 2/5  mut: risk=q25  (33s)
[15:59:52] gen7   die  WF +0.3791 gain -0.0014 folds 2/5  mut: labelmix=mix3  (79s)
[16:00:18] gen8   die  WF +0.3834 gain +0.0029 folds 3/5  mut: M=250.0  (26s)
[16:00:47] gen9   die  WF +0.3638 gain -0.0167 folds 1/5  mut: fx=eraz  (29s)
fail ValueError('DataFrame.dtypes for data must be int, float, bool or category. When categorical type is supplied, the exper | 0/intl=1/bag=3/mono=on/hurdle=0/el=1/labelmix=single/hz=0/covw=0/risk=mean/ridge=0/icl_n=8
[16:01:19] gen10  die  WF +0.3820 gain +0.0015 folds 4/5  mut: icl_n=32  (32s)
[16:01:45] gen11  die  WF +0.3810 gain +0.0005 folds 2/5  mut: mono=off  (26s)
[16:04:03] gen12  die  WF +0.3867 gain +0.0062 folds 2/5  mut: hz=1  (138s)
[16:04:34] gen13  die  WF +0.4052 gain +0.0247 folds 3/5  mut: ridge=1  (31s)
[16:07:23] gen14  KEEP WF +0.3977 gain +0.0171 folds 4/5  mut: hz=1/covw=1  (170s)
     -> NEW CHAMPION: blind edge +0.174 | 2019 -0.029 2020 -0.012 | 4/7 >=.2 | ledger 389
[16:11:08] gen15  die  WF +0.4221 gain +0.0244 folds 3/5  mut: ridge=1  (172s)
fail ValueError('DataFrame.dtypes for data must be int, float, bool or category. When categorical type is supplied, the exper | 0/intl=1/bag=3/mono=on/hurdle=0/el=1/labelmix=single/hz=1/covw=1/risk=mean/ridge=0/icl_n=8
[16:20:11] gen16  die  WF +0.3901 gain -0.0076 folds 2/5  mut: labelmix=mix3/icl_n=32  (543s)
[16:23:04] gen17  die  WF +0.3895 gain -0.0082 folds 2/5  mut: fx=eraz/thin=mild  (173s)
== EVOLUTION v3 == ledger 391
[16:28:10] gen18  die  WF +0.3977 gain +0.0001 folds 2/5  mut: risk=q25  (194s)
== EVOLUTION v3 == ledger 391
== EVOLUTION v3 == ledger 391
== EVOLUTION v3 == ledger 391
training pool: drafted only, 482 rows
gen0 DRAFTED-ONLY (seeded from prior champion) WF +0.3860 blind edge +0.191 2019 +0.004 2020 +0.046 (4/7)
== EVOLUTION v3 == ledger 413
training pool: all labeled rows, 770
== EVOLUTION v3 == ledger 413
[16:49:02] gen19  die  WF +0.4092 gain +0.0115 folds 3/5  mut: el=1/icl_n=32  (204s)
training pool: all labeled rows, 770
Traceback (most recent call last):
  File "/home/ubuntu/nba/handoff/r7/evolve3.py", line 216, in <module>
    cf,wts=fitness(champ); rows=blind(champ,"EVO gen0 (BEST MODEL)",wts); bl=[r for r in rows if r["kind"]=="BLIND"]; e=[r["stack"]-r["draft"] for r in bl]
           ^^^^^^^^^^^^^^
  File "/home/ubuntu/nba/handoff/r7/evolve3.py", line 166, in fitness
    F=wf_folds(g); wts=learn_weights(g,F)
      ^^^^^^^^^^^
  File "/home/ubuntu/nba/handoff/r7/evolve3.py", line 148, in wf_folds
    if g["hz"]:
       ~^^^^^^
KeyError: 'hz'
[16:51:13] restart 15s
training pool: all labeled rows, 770
Traceback (most recent call last):
  File "/home/ubuntu/nba/handoff/r7/evolve3.py", line 216, in <module>
    cf,wts=fitness(champ); rows=blind(champ,"EVO gen0 (BEST MODEL)",wts); bl=[r for r in rows if r["kind"]=="BLIND"]; e=[r["stack"]-r["draft"] for r in bl]
           ^^^^^^^^^^^^^^
  File "/home/ubuntu/nba/handoff/r7/evolve3.py", line 166, in fitness
    F=wf_folds(g); wts=learn_weights(g,F)
      ^^^^^^^^^^^
  File "/home/ubuntu/nba/handoff/r7/evolve3.py", line 148, in wf_folds
    if g["hz"]:
       ~^^^^^^
KeyError: 'hz'
[16:51:30] restart 15s
training pool: all labeled rows, 770
Traceback (most recent call last):
  File "/home/ubuntu/nba/handoff/r7/evolve3.py", line 216, in <module>
    cf,wts=fitness(champ); rows=blind(champ,"EVO gen0 (BEST MODEL)",wts); bl=[r for r in rows if r["kind"]=="BLIND"]; e=[r["stack"]-r["draft"] for r in bl]
           ^^^^^^^^^^^^^^
  File "/home/ubuntu/nba/handoff/r7/evolve3.py", line 166, in fitness
    F=wf_folds(g); wts=learn_weights(g,F)
      ^^^^^^^^^^^
  File "/home/ubuntu/nba/handoff/r7/evolve3.py", line 148, in wf_folds
    if g["hz"]:
       ~^^^^^^
KeyError: 'hz'
[16:51:47] restart 15s
training pool: all labeled rows, 770
Traceback (most recent call last):
  File "/home/ubuntu/nba/handoff/r7/evolve3.py", line 216, in <module>
    cf,wts=fitness(champ); rows=blind(champ,"EVO gen0 (BEST MODEL)",wts); bl=[r for r in rows if r["kind"]=="BLIND"]; e=[r["stack"]-r["draft"] for r in bl]
           ^^^^^^^^^^^^^^
  File "/home/ubuntu/nba/handoff/r7/evolve3.py", line 166, in fitness
    F=wf_folds(g); wts=learn_weights(g,F)
      ^^^^^^^^^^^
  File "/home/ubuntu/nba/handoff/r7/evolve3.py", line 148, in wf_folds
    if g["hz"]:
       ~^^^^^^
KeyError: 'hz'
[16:52:04] restart 15s
training pool: all labeled rows, 770
Traceback (most recent call last):
  File "/home/ubuntu/nba/handoff/r7/evolve3.py", line 216, in <module>
    cf,wts=fitness(champ); rows=blind(champ,"EVO gen0 (BEST MODEL)",wts); bl=[r for r in rows if r["kind"]=="BLIND"]; e=[r["stack"]-r["draft"] for r in bl]
           ^^^^^^^^^^^^^^
  File "/home/ubuntu/nba/handoff/r7/evolve3.py", line 166, in fitness
    F=wf_folds(g); wts=learn_weights(g,F)
      ^^^^^^^^^^^
  File "/home/ubuntu/nba/handoff/r7/evolve3.py", line 148, in wf_folds
    if g["hz"]:
       ~^^^^^^
KeyError: 'hz'
[16:52:21] restart 15s
training pool: all labeled rows, 770
Traceback (most recent call last):
  File "/home/ubuntu/nba/handoff/r7/evolve3.py", line 216, in <module>
    cf,wts=fitness(champ); rows=blind(champ,"EVO gen0 (BEST MODEL)",wts); bl=[r for r in rows if r["kind"]=="BLIND"]; e=[r["stack"]-r["draft"] for r in bl]
           ^^^^^^^^^^^^^^
  File "/home/ubuntu/nba/handoff/r7/evolve3.py", line 166, in fitness
    F=wf_folds(g); wts=learn_weights(g,F)
      ^^^^^^^^^^^
  File "/home/ubuntu/nba/handoff/r7/evolve3.py", line 148, in wf_folds
    if g["hz"]:
       ~^^^^^^
KeyError: 'hz'
[16:52:38] restart 15s
training pool: all labeled rows, 770
Traceback (most recent call last):
  File "/home/ubuntu/nba/handoff/r7/evolve3.py", line 216, in <module>
    cf,wts=fitness(champ); rows=blind(champ,"EVO gen0 (BEST MODEL)",wts); bl=[r for r in rows if r["kind"]=="BLIND"]; e=[r["stack"]-r["draft"] for r in bl]
           ^^^^^^^^^^^^^^
  File "/home/ubuntu/nba/handoff/r7/evolve3.py", line 166, in fitness
    F=wf_folds(g); wts=learn_weights(g,F)
      ^^^^^^^^^^^
  File "/home/ubuntu/nba/handoff/r7/evolve3.py", line 148, in wf_folds
    if g["hz"]:
       ~^^^^^^
KeyError: 'hz'
[16:52:55] restart 15s
training pool: all labeled rows, 770
Traceback (most recent call last):
  File "/home/ubuntu/nba/handoff/r7/evolve3.py", line 216, in <module>
    cf,wts=fitness(champ); rows=blind(champ,"EVO gen0 (BEST MODEL)",wts); bl=[r for r in rows if r["kind"]=="BLIND"]; e=[r["stack"]-r["draft"] for r in bl]
           ^^^^^^^^^^^^^^
  File "/home/ubuntu/nba/handoff/r7/evolve3.py", line 166, in fitness
    F=wf_folds(g); wts=learn_weights(g,F)
      ^^^^^^^^^^^
  File "/home/ubuntu/nba/handoff/r7/evolve3.py", line 148, in wf_folds
    if g["hz"]:
       ~^^^^^^
KeyError: 'hz'
[16:53:13] restart 15s
training pool: all labeled rows, 770
Traceback (most recent call last):
  File "/home/ubuntu/nba/handoff/r7/evolve3.py", line 216, in <module>
    cf,wts=fitness(champ); rows=blind(champ,"EVO gen0 (BEST MODEL)",wts); bl=[r for r in rows if r["kind"]=="BLIND"]; e=[r["stack"]-r["draft"] for r in bl]
           ^^^^^^^^^^^^^^
  File "/home/ubuntu/nba/handoff/r7/evolve3.py", line 166, in fitness
    F=wf_folds(g); wts=learn_weights(g,F)
      ^^^^^^^^^^^
  File "/home/ubuntu/nba/handoff/r7/evolve3.py", line 148, in wf_folds
    if g["hz"]:
       ~^^^^^^
KeyError: 'hz'
[16:53:30] restart 15s
training pool: all labeled rows, 770
Traceback (most recent call last):
  File "/home/ubuntu/nba/handoff/r7/evolve3.py", line 216, in <module>
    cf,wts=fitness(champ); rows=blind(champ,"EVO gen0 (BEST MODEL)",wts); bl=[r for r in rows if r["kind"]=="BLIND"]; e=[r["stack"]-r["draft"] for r in bl]
           ^^^^^^^^^^^^^^
  File "/home/ubuntu/nba/handoff/r7/evolve3.py", line 166, in fitness
    F=wf_folds(g); wts=learn_weights(g,F)
      ^^^^^^^^^^^
  File "/home/ubuntu/nba/handoff/r7/evolve3.py", line 148, in wf_folds
    if g["hz"]:
       ~^^^^^^
KeyError: 'hz'
[16:53:47] restart 15s
training pool: all labeled rows, 770
Traceback (most recent call last):
  File "/home/ubuntu/nba/handoff/r7/evolve3.py", line 216, in <module>
    cf,wts=fitness(champ); rows=blind(champ,"EVO gen0 (BEST MODEL)",wts); bl=[r for r in rows if r["kind"]=="BLIND"]; e=[r["stack"]-r["draft"] for r in bl]
           ^^^^^^^^^^^^^^
  File "/home/ubuntu/nba/handoff/r7/evolve3.py", line 166, in fitness
    F=wf_folds(g); wts=learn_weights(g,F)
      ^^^^^^^^^^^
  File "/home/ubuntu/nba/handoff/r7/evolve3.py", line 148, in wf_folds
    if g["hz"]:
       ~^^^^^^
KeyError: 'hz'
[16:54:04] restart 15s
training pool: all labeled rows, 770
Traceback (most recent call last):
  File "/home/ubuntu/nba/handoff/r7/evolve3.py", line 216, in <module>
    cf,wts=fitness(champ); rows=blind(champ,"EVO gen0 (BEST MODEL)",wts); bl=[r for r in rows if r["kind"]=="BLIND"]; e=[r["stack"]-r["draft"] for r in bl]
           ^^^^^^^^^^^^^^
  File "/home/ubuntu/nba/handoff/r7/evolve3.py", line 166, in fitness
    F=wf_folds(g); wts=learn_weights(g,F)
      ^^^^^^^^^^^
  File "/home/ubuntu/nba/handoff/r7/evolve3.py", line 148, in wf_folds
    if g["hz"]:
       ~^^^^^^
KeyError: 'hz'
[16:54:21] restart 15s
training pool: all labeled rows, 770
Traceback (most recent call last):
  File "/home/ubuntu/nba/handoff/r7/evolve3.py", line 216, in <module>
    cf,wts=fitness(champ); rows=blind(champ,"EVO gen0 (BEST MODEL)",wts); bl=[r for r in rows if r["kind"]=="BLIND"]; e=[r["stack"]-r["draft"] for r in bl]
           ^^^^^^^^^^^^^^
  File "/home/ubuntu/nba/handoff/r7/evolve3.py", line 166, in fitness
    F=wf_folds(g); wts=learn_weights(g,F)
      ^^^^^^^^^^^
  File "/home/ubuntu/nba/handoff/r7/evolve3.py", line 148, in wf_folds
    if g["hz"]:
       ~^^^^^^
KeyError: 'hz'
[16:54:38] restart 15s
training pool: all labeled rows, 770
Traceback (most recent call last):
  File "/home/ubuntu/nba/handoff/r7/evolve3.py", line 216, in <module>
    cf,wts=fitness(champ); rows=blind(champ,"EVO gen0 (BEST MODEL)",wts); bl=[r for r in rows if r["kind"]=="BLIND"]; e=[r["stack"]-r["draft"] for r in bl]
           ^^^^^^^^^^^^^^
  File "/home/ubuntu/nba/handoff/r7/evolve3.py", line 166, in fitness
    F=wf_folds(g); wts=learn_weights(g,F)
      ^^^^^^^^^^^
  File "/home/ubuntu/nba/handoff/r7/evolve3.py", line 148, in wf_folds
    if g["hz"]:
       ~^^^^^^
KeyError: 'hz'
[16:54:55] restart 15s
training pool: all labeled rows, 770
Traceback (most recent call last):
  File "/home/ubuntu/nba/handoff/r7/evolve3.py", line 216, in <module>
    cf,wts=fitness(champ); rows=blind(champ,"EVO gen0 (BEST MODEL)",wts); bl=[r for r in rows if r["kind"]=="BLIND"]; e=[r["stack"]-r["draft"] for r in bl]
           ^^^^^^^^^^^^^^
  File "/home/ubuntu/nba/handoff/r7/evolve3.py", line 166, in fitness
    F=wf_folds(g); wts=learn_weights(g,F)
      ^^^^^^^^^^^
  File "/home/ubuntu/nba/handoff/r7/evolve3.py", line 148, in wf_folds
    if g["hz"]:
       ~^^^^^^
KeyError: 'hz'
[16:55:12] restart 15s
training pool: all labeled rows, 770
Traceback (most recent call last):
  File "/home/ubuntu/nba/handoff/r7/evolve3.py", line 216, in <module>
    cf,wts=fitness(champ); rows=blind(champ,"EVO gen0 (BEST MODEL)",wts); bl=[r for r in rows if r["kind"]=="BLIND"]; e=[r["stack"]-r["draft"] for r in bl]
           ^^^^^^^^^^^^^^
  File "/home/ubuntu/nba/handoff/r7/evolve3.py", line 166, in fitness
    F=wf_folds(g); wts=learn_weights(g,F)
      ^^^^^^^^^^^
  File "/home/ubuntu/nba/handoff/r7/evolve3.py", line 148, in wf_folds
    if g["hz"]:
       ~^^^^^^
KeyError: 'hz'
[16:55:29] restart 15s
training pool: all labeled rows, 770
Traceback (most recent call last):
  File "/home/ubuntu/nba/handoff/r7/evolve3.py", line 216, in <module>
    cf,wts=fitness(champ); rows=blind(champ,"EVO gen0 (BEST MODEL)",wts); bl=[r for r in rows if r["kind"]=="BLIND"]; e=[r["stack"]-r["draft"] for r in bl]
           ^^^^^^^^^^^^^^
  File "/home/ubuntu/nba/handoff/r7/evolve3.py", line 166, in fitness
    F=wf_folds(g); wts=learn_weights(g,F)
      ^^^^^^^^^^^
  File "/home/ubuntu/nba/handoff/r7/evolve3.py", line 148, in wf_folds
    if g["hz"]:
       ~^^^^^^
KeyError: 'hz'
[16:55:46] restart 15s
training pool: all labeled rows, 770
Traceback (most recent call last):
  File "/home/ubuntu/nba/handoff/r7/evolve3.py", line 216, in <module>
    cf,wts=fitness(champ); rows=blind(champ,"EVO gen0 (BEST MODEL)",wts); bl=[r for r in rows if r["kind"]=="BLIND"]; e=[r["stack"]-r["draft"] for r in bl]
           ^^^^^^^^^^^^^^
  File "/home/ubuntu/nba/handoff/r7/evolve3.py", line 166, in fitness
    F=wf_folds(g); wts=learn_weights(g,F)
      ^^^^^^^^^^^
  File "/home/ubuntu/nba/handoff/r7/evolve3.py", line 148, in wf_folds
    if g["hz"]:
       ~^^^^^^
KeyError: 'hz'
[16:56:03] restart 15s
training pool: all labeled rows, 770
Traceback (most recent call last):
  File "/home/ubuntu/nba/handoff/r7/evolve3.py", line 216, in <module>
    cf,wts=fitness(champ); rows=blind(champ,"EVO gen0 (BEST MODEL)",wts); bl=[r for r in rows if r["kind"]=="BLIND"]; e=[r["stack"]-r["draft"] for r in bl]
           ^^^^^^^^^^^^^^
  File "/home/ubuntu/nba/handoff/r7/evolve3.py", line 166, in fitness
    F=wf_folds(g); wts=learn_weights(g,F)
      ^^^^^^^^^^^
  File "/home/ubuntu/nba/handoff/r7/evolve3.py", line 148, in wf_folds
    if g["hz"]:
       ~^^^^^^
KeyError: 'hz'
[16:56:20] restart 15s
training pool: all labeled rows, 770
Traceback (most recent call last):
  File "/home/ubuntu/nba/handoff/r7/evolve3.py", line 216, in <module>
    cf,wts=fitness(champ); rows=blind(champ,"EVO gen0 (BEST MODEL)",wts); bl=[r for r in rows if r["kind"]=="BLIND"]; e=[r["stack"]-r["draft"] for r in bl]
           ^^^^^^^^^^^^^^
  File "/home/ubuntu/nba/handoff/r7/evolve3.py", line 166, in fitness
    F=wf_folds(g); wts=learn_weights(g,F)
      ^^^^^^^^^^^
  File "/home/ubuntu/nba/handoff/r7/evolve3.py", line 148, in wf_folds
    if g["hz"]:
       ~^^^^^^
KeyError: 'hz'
[16:56:37] restart 15s
training pool: all labeled rows, 770
Traceback (most recent call last):
  File "/home/ubuntu/nba/handoff/r7/evolve3.py", line 216, in <module>
    cf,wts=fitness(champ); rows=blind(champ,"EVO gen0 (BEST MODEL)",wts); bl=[r for r in rows if r["kind"]=="BLIND"]; e=[r["stack"]-r["draft"] for r in bl]
           ^^^^^^^^^^^^^^
  File "/home/ubuntu/nba/handoff/r7/evolve3.py", line 166, in fitness
    F=wf_folds(g); wts=learn_weights(g,F)
      ^^^^^^^^^^^
  File "/home/ubuntu/nba/handoff/r7/evolve3.py", line 148, in wf_folds
    if g["hz"]:
       ~^^^^^^
KeyError: 'hz'
[16:56:54] restart 15s
training pool: all labeled rows, 770
Traceback (most recent call last):
  File "/home/ubuntu/nba/handoff/r7/evolve3.py", line 216, in <module>
    cf,wts=fitness(champ); rows=blind(champ,"EVO gen0 (BEST MODEL)",wts); bl=[r for r in rows if r["kind"]=="BLIND"]; e=[r["stack"]-r["draft"] for r in bl]
           ^^^^^^^^^^^^^^
  File "/home/ubuntu/nba/handoff/r7/evolve3.py", line 166, in fitness
    F=wf_folds(g); wts=learn_weights(g,F)
      ^^^^^^^^^^^
  File "/home/ubuntu/nba/handoff/r7/evolve3.py", line 148, in wf_folds
    if g["hz"]:
       ~^^^^^^
KeyError: 'hz'
[16:57:11] restart 15s
training pool: all labeled rows, 770
Traceback (most recent call last):
  File "/home/ubuntu/nba/handoff/r7/evolve3.py", line 216, in <module>
    cf,wts=fitness(champ); rows=blind(champ,"EVO gen0 (BEST MODEL)",wts); bl=[r for r in rows if r["kind"]=="BLIND"]; e=[r["stack"]-r["draft"] for r in bl]
           ^^^^^^^^^^^^^^
  File "/home/ubuntu/nba/handoff/r7/evolve3.py", line 166, in fitness
    F=wf_folds(g); wts=learn_weights(g,F)
      ^^^^^^^^^^^
  File "/home/ubuntu/nba/handoff/r7/evolve3.py", line 148, in wf_folds
    if g["hz"]:
       ~^^^^^^
KeyError: 'hz'
[16:57:28] restart 15s
training pool: all labeled rows, 770
Traceback (most recent call last):
  File "/home/ubuntu/nba/handoff/r7/evolve3.py", line 216, in <module>
    cf,wts=fitness(champ); rows=blind(champ,"EVO gen0 (BEST MODEL)",wts); bl=[r for r in rows if r["kind"]=="BLIND"]; e=[r["stack"]-r["draft"] for r in bl]
           ^^^^^^^^^^^^^^
  File "/home/ubuntu/nba/handoff/r7/evolve3.py", line 166, in fitness
    F=wf_folds(g); wts=learn_weights(g,F)
      ^^^^^^^^^^^
  File "/home/ubuntu/nba/handoff/r7/evolve3.py", line 148, in wf_folds
    if g["hz"]:
       ~^^^^^^
KeyError: 'hz'
[16:57:45] restart 15s
training pool: all labeled rows, 770
Traceback (most recent call last):
  File "/home/ubuntu/nba/handoff/r7/evolve3.py", line 216, in <module>
    cf,wts=fitness(champ); rows=blind(champ,"EVO gen0 (BEST MODEL)",wts); bl=[r for r in rows if r["kind"]=="BLIND"]; e=[r["stack"]-r["draft"] for r in bl]
           ^^^^^^^^^^^^^^
  File "/home/ubuntu/nba/handoff/r7/evolve3.py", line 166, in fitness
    F=wf_folds(g); wts=learn_weights(g,F)
      ^^^^^^^^^^^
  File "/home/ubuntu/nba/handoff/r7/evolve3.py", line 148, in wf_folds
    if g["hz"]:
       ~^^^^^^
KeyError: 'hz'
[16:58:02] restart 15s
training pool: all labeled rows, 770
Traceback (most recent call last):
  File "/home/ubuntu/nba/handoff/r7/evolve3.py", line 216, in <module>
    cf,wts=fitness(champ); rows=blind(champ,"EVO gen0 (BEST MODEL)",wts); bl=[r for r in rows if r["kind"]=="BLIND"]; e=[r["stack"]-r["draft"] for r in bl]
           ^^^^^^^^^^^^^^
  File "/home/ubuntu/nba/handoff/r7/evolve3.py", line 166, in fitness
    F=wf_folds(g); wts=learn_weights(g,F)
      ^^^^^^^^^^^
  File "/home/ubuntu/nba/handoff/r7/evolve3.py", line 148, in wf_folds
    if g["hz"]:
       ~^^^^^^
KeyError: 'hz'
[16:58:19] restart 15s
training pool: all labeled rows, 770
Traceback (most recent call last):
  File "/home/ubuntu/nba/handoff/r7/evolve3.py", line 216, in <module>
    cf,wts=fitness(champ); rows=blind(champ,"EVO gen0 (BEST MODEL)",wts); bl=[r for r in rows if r["kind"]=="BLIND"]; e=[r["stack"]-r["draft"] for r in bl]
           ^^^^^^^^^^^^^^
  File "/home/ubuntu/nba/handoff/r7/evolve3.py", line 166, in fitness
    F=wf_folds(g); wts=learn_weights(g,F)
      ^^^^^^^^^^^
  File "/home/ubuntu/nba/handoff/r7/evolve3.py", line 148, in wf_folds
    if g["hz"]:
       ~^^^^^^
KeyError: 'hz'
[16:58:37] restart 15s
training pool: all labeled rows, 770
Traceback (most recent call last):
  File "/home/ubuntu/nba/handoff/r7/evolve3.py", line 216, in <module>
    cf,wts=fitness(champ); rows=blind(champ,"EVO gen0 (BEST MODEL)",wts); bl=[r for r in rows if r["kind"]=="BLIND"]; e=[r["stack"]-r["draft"] for r in bl]
           ^^^^^^^^^^^^^^
  File "/home/ubuntu/nba/handoff/r7/evolve3.py", line 166, in fitness
    F=wf_folds(g); wts=learn_weights(g,F)
      ^^^^^^^^^^^
  File "/home/ubuntu/nba/handoff/r7/evolve3.py", line 148, in wf_folds
    if g["hz"]:
       ~^^^^^^
KeyError: 'hz'
[16:58:54] restart 15s
training pool: all labeled rows, 770
Traceback (most recent call last):
  File "/home/ubuntu/nba/handoff/r7/evolve3.py", line 216, in <module>
    cf,wts=fitness(champ); rows=blind(champ,"EVO gen0 (BEST MODEL)",wts); bl=[r for r in rows if r["kind"]=="BLIND"]; e=[r["stack"]-r["draft"] for r in bl]
           ^^^^^^^^^^^^^^
  File "/home/ubuntu/nba/handoff/r7/evolve3.py", line 166, in fitness
    F=wf_folds(g); wts=learn_weights(g,F)
      ^^^^^^^^^^^
  File "/home/ubuntu/nba/handoff/r7/evolve3.py", line 148, in wf_folds
    if g["hz"]:
       ~^^^^^^
KeyError: 'hz'
[16:59:11] restart 15s
training pool: all labeled rows, 770
Traceback (most recent call last):
  File "/home/ubuntu/nba/handoff/r7/evolve3.py", line 216, in <module>
    cf,wts=fitness(champ); rows=blind(champ,"EVO gen0 (BEST MODEL)",wts); bl=[r for r in rows if r["kind"]=="BLIND"]; e=[r["stack"]-r["draft"] for r in bl]
           ^^^^^^^^^^^^^^
  File "/home/ubuntu/nba/handoff/r7/evolve3.py", line 166, in fitness
    F=wf_folds(g); wts=learn_weights(g,F)
      ^^^^^^^^^^^
  File "/home/ubuntu/nba/handoff/r7/evolve3.py", line 148, in wf_folds
    if g["hz"]:
       ~^^^^^^
KeyError: 'hz'
[16:59:28] restart 15s
training pool: all labeled rows, 770
Traceback (most recent call last):
  File "/home/ubuntu/nba/handoff/r7/evolve3.py", line 216, in <module>
    cf,wts=fitness(champ); rows=blind(champ,"EVO gen0 (BEST MODEL)",wts); bl=[r for r in rows if r["kind"]=="BLIND"]; e=[r["stack"]-r["draft"] for r in bl]
           ^^^^^^^^^^^^^^
  File "/home/ubuntu/nba/handoff/r7/evolve3.py", line 166, in fitness
    F=wf_folds(g); wts=learn_weights(g,F)
      ^^^^^^^^^^^
  File "/home/ubuntu/nba/handoff/r7/evolve3.py", line 148, in wf_folds
    if g["hz"]:
       ~^^^^^^
KeyError: 'hz'
[16:59:45] restart 15s
training pool: all labeled rows, 770
Traceback (most recent call last):
  File "/home/ubuntu/nba/handoff/r7/evolve3.py", line 216, in <module>
    cf,wts=fitness(champ); rows=blind(champ,"EVO gen0 (BEST MODEL)",wts); bl=[r for r in rows if r["kind"]=="BLIND"]; e=[r["stack"]-r["draft"] for r in bl]
           ^^^^^^^^^^^^^^
  File "/home/ubuntu/nba/handoff/r7/evolve3.py", line 166, in fitness
    F=wf_folds(g); wts=learn_weights(g,F)
      ^^^^^^^^^^^
  File "/home/ubuntu/nba/handoff/r7/evolve3.py", line 148, in wf_folds
    if g["hz"]:
       ~^^^^^^
KeyError: 'hz'
[17:00:03] restart 15s
training pool: all labeled rows, 770
Traceback (most recent call last):
  File "/home/ubuntu/nba/handoff/r7/evolve3.py", line 216, in <module>
    cf,wts=fitness(champ); rows=blind(champ,"EVO gen0 (BEST MODEL)",wts); bl=[r for r in rows if r["kind"]=="BLIND"]; e=[r["stack"]-r["draft"] for r in bl]
           ^^^^^^^^^^^^^^
  File "/home/ubuntu/nba/handoff/r7/evolve3.py", line 166, in fitness
    F=wf_folds(g); wts=learn_weights(g,F)
      ^^^^^^^^^^^
  File "/home/ubuntu/nba/handoff/r7/evolve3.py", line 148, in wf_folds
    if g["hz"]:
       ~^^^^^^
KeyError: 'hz'
[17:00:20] restart 15s
training pool: all labeled rows, 770
Traceback (most recent call last):
  File "/home/ubuntu/nba/handoff/r7/evolve3.py", line 216, in <module>
    cf,wts=fitness(champ); rows=blind(champ,"EVO gen0 (BEST MODEL)",wts); bl=[r for r in rows if r["kind"]=="BLIND"]; e=[r["stack"]-r["draft"] for r in bl]
           ^^^^^^^^^^^^^^
  File "/home/ubuntu/nba/handoff/r7/evolve3.py", line 166, in fitness
    F=wf_folds(g); wts=learn_weights(g,F)
      ^^^^^^^^^^^
  File "/home/ubuntu/nba/handoff/r7/evolve3.py", line 148, in wf_folds
    if g["hz"]:
       ~^^^^^^
KeyError: 'hz'
[17:00:37] restart 15s
training pool: all labeled rows, 770
Traceback (most recent call last):
  File "/home/ubuntu/nba/handoff/r7/evolve3.py", line 216, in <module>
    cf,wts=fitness(champ); rows=blind(champ,"EVO gen0 (BEST MODEL)",wts); bl=[r for r in rows if r["kind"]=="BLIND"]; e=[r["stack"]-r["draft"] for r in bl]
           ^^^^^^^^^^^^^^
  File "/home/ubuntu/nba/handoff/r7/evolve3.py", line 166, in fitness
    F=wf_folds(g); wts=learn_weights(g,F)
      ^^^^^^^^^^^
  File "/home/ubuntu/nba/handoff/r7/evolve3.py", line 148, in wf_folds
    if g["hz"]:
       ~^^^^^^
KeyError: 'hz'
[17:00:54] restart 15s
training pool: all labeled rows, 770
Traceback (most recent call last):
  File "/home/ubuntu/nba/handoff/r7/evolve3.py", line 216, in <module>
    cf,wts=fitness(champ); rows=blind(champ,"EVO gen0 (BEST MODEL)",wts); bl=[r for r in rows if r["kind"]=="BLIND"]; e=[r["stack"]-r["draft"] for r in bl]
           ^^^^^^^^^^^^^^
  File "/home/ubuntu/nba/handoff/r7/evolve3.py", line 166, in fitness
    F=wf_folds(g); wts=learn_weights(g,F)
      ^^^^^^^^^^^
  File "/home/ubuntu/nba/handoff/r7/evolve3.py", line 148, in wf_folds
    if g["hz"]:
       ~^^^^^^
KeyError: 'hz'
[17:01:12] restart 15s
training pool: all labeled rows, 770
Traceback (most recent call last):
  File "/home/ubuntu/nba/handoff/r7/evolve3.py", line 216, in <module>
    cf,wts=fitness(champ); rows=blind(champ,"EVO gen0 (BEST MODEL)",wts); bl=[r for r in rows if r["kind"]=="BLIND"]; e=[r["stack"]-r["draft"] for r in bl]
           ^^^^^^^^^^^^^^
  File "/home/ubuntu/nba/handoff/r7/evolve3.py", line 166, in fitness
    F=wf_folds(g); wts=learn_weights(g,F)
      ^^^^^^^^^^^
  File "/home/ubuntu/nba/handoff/r7/evolve3.py", line 148, in wf_folds
    if g["hz"]:
       ~^^^^^^
KeyError: 'hz'
[17:01:29] restart 15s
training pool: all labeled rows, 770
Traceback (most recent call last):
  File "/home/ubuntu/nba/handoff/r7/evolve3.py", line 216, in <module>
    cf,wts=fitness(champ); rows=blind(champ,"EVO gen0 (BEST MODEL)",wts); bl=[r for r in rows if r["kind"]=="BLIND"]; e=[r["stack"]-r["draft"] for r in bl]
           ^^^^^^^^^^^^^^
  File "/home/ubuntu/nba/handoff/r7/evolve3.py", line 166, in fitness
    F=wf_folds(g); wts=learn_weights(g,F)
      ^^^^^^^^^^^
  File "/home/ubuntu/nba/handoff/r7/evolve3.py", line 148, in wf_folds
    if g["hz"]:
       ~^^^^^^
KeyError: 'hz'
[17:01:46] restart 15s
training pool: all labeled rows, 770
Traceback (most recent call last):
  File "/home/ubuntu/nba/handoff/r7/evolve3.py", line 216, in <module>
    cf,wts=fitness(champ); rows=blind(champ,"EVO gen0 (BEST MODEL)",wts); bl=[r for r in rows if r["kind"]=="BLIND"]; e=[r["stack"]-r["draft"] for r in bl]
           ^^^^^^^^^^^^^^
  File "/home/ubuntu/nba/handoff/r7/evolve3.py", line 166, in fitness
    F=wf_folds(g); wts=learn_weights(g,F)
      ^^^^^^^^^^^
  File "/home/ubuntu/nba/handoff/r7/evolve3.py", line 148, in wf_folds
    if g["hz"]:
       ~^^^^^^
KeyError: 'hz'
[17:02:03] restart 15s
training pool: all labeled rows, 770
Traceback (most recent call last):
  File "/home/ubuntu/nba/handoff/r7/evolve3.py", line 216, in <module>
    cf,wts=fitness(champ); rows=blind(champ,"EVO gen0 (BEST MODEL)",wts); bl=[r for r in rows if r["kind"]=="BLIND"]; e=[r["stack"]-r["draft"] for r in bl]
           ^^^^^^^^^^^^^^
  File "/home/ubuntu/nba/handoff/r7/evolve3.py", line 166, in fitness
    F=wf_folds(g); wts=learn_weights(g,F)
      ^^^^^^^^^^^
  File "/home/ubuntu/nba/handoff/r7/evolve3.py", line 148, in wf_folds
    if g["hz"]:
       ~^^^^^^
KeyError: 'hz'
[17:02:20] restart 15s
training pool: all labeled rows, 770
Traceback (most recent call last):
  File "/home/ubuntu/nba/handoff/r7/evolve3.py", line 216, in <module>
    cf,wts=fitness(champ); rows=blind(champ,"EVO gen0 (BEST MODEL)",wts); bl=[r for r in rows if r["kind"]=="BLIND"]; e=[r["stack"]-r["draft"] for r in bl]
           ^^^^^^^^^^^^^^
  File "/home/ubuntu/nba/handoff/r7/evolve3.py", line 166, in fitness
    F=wf_folds(g); wts=learn_weights(g,F)
      ^^^^^^^^^^^
  File "/home/ubuntu/nba/handoff/r7/evolve3.py", line 148, in wf_folds
    if g["hz"]:
       ~^^^^^^
KeyError: 'hz'
[17:02:38] restart 15s
training pool: all labeled rows, 770
Traceback (most recent call last):
  File "/home/ubuntu/nba/handoff/r7/evolve3.py", line 216, in <module>
    cf,wts=fitness(champ); rows=blind(champ,"EVO gen0 (BEST MODEL)",wts); bl=[r for r in rows if r["kind"]=="BLIND"]; e=[r["stack"]-r["draft"] for r in bl]
           ^^^^^^^^^^^^^^
  File "/home/ubuntu/nba/handoff/r7/evolve3.py", line 166, in fitness
    F=wf_folds(g); wts=learn_weights(g,F)
      ^^^^^^^^^^^
  File "/home/ubuntu/nba/handoff/r7/evolve3.py", line 148, in wf_folds
    if g["hz"]:
       ~^^^^^^
KeyError: 'hz'
[17:02:55] restart 15s
training pool: all labeled rows, 770
Traceback (most recent call last):
  File "/home/ubuntu/nba/handoff/r7/evolve3.py", line 216, in <module>
    cf,wts=fitness(champ); rows=blind(champ,"EVO gen0 (BEST MODEL)",wts); bl=[r for r in rows if r["kind"]=="BLIND"]; e=[r["stack"]-r["draft"] for r in bl]
           ^^^^^^^^^^^^^^
  File "/home/ubuntu/nba/handoff/r7/evolve3.py", line 166, in fitness
    F=wf_folds(g); wts=learn_weights(g,F)
      ^^^^^^^^^^^
  File "/home/ubuntu/nba/handoff/r7/evolve3.py", line 148, in wf_folds
    if g["hz"]:
       ~^^^^^^
KeyError: 'hz'
[17:03:12] restart 15s
training pool: all labeled rows, 770
Traceback (most recent call last):
  File "/home/ubuntu/nba/handoff/r7/evolve3.py", line 216, in <module>
    cf,wts=fitness(champ); rows=blind(champ,"EVO gen0 (BEST MODEL)",wts); bl=[r for r in rows if r["kind"]=="BLIND"]; e=[r["stack"]-r["draft"] for r in bl]
           ^^^^^^^^^^^^^^
  File "/home/ubuntu/nba/handoff/r7/evolve3.py", line 166, in fitness
    F=wf_folds(g); wts=learn_weights(g,F)
      ^^^^^^^^^^^
  File "/home/ubuntu/nba/handoff/r7/evolve3.py", line 148, in wf_folds
    if g["hz"]:
       ~^^^^^^
KeyError: 'hz'
[17:03:29] restart 15s
training pool: all labeled rows, 770
Traceback (most recent call last):
  File "/home/ubuntu/nba/handoff/r7/evolve3.py", line 216, in <module>
    cf,wts=fitness(champ); rows=blind(champ,"EVO gen0 (BEST MODEL)",wts); bl=[r for r in rows if r["kind"]=="BLIND"]; e=[r["stack"]-r["draft"] for r in bl]
           ^^^^^^^^^^^^^^
  File "/home/ubuntu/nba/handoff/r7/evolve3.py", line 166, in fitness
    F=wf_folds(g); wts=learn_weights(g,F)
      ^^^^^^^^^^^
  File "/home/ubuntu/nba/handoff/r7/evolve3.py", line 148, in wf_folds
    if g["hz"]:
       ~^^^^^^
KeyError: 'hz'
[17:03:46] restart 15s
training pool: all labeled rows, 770
Traceback (most recent call last):
  File "/home/ubuntu/nba/handoff/r7/evolve3.py", line 216, in <module>
    cf,wts=fitness(champ); rows=blind(champ,"EVO gen0 (BEST MODEL)",wts); bl=[r for r in rows if r["kind"]=="BLIND"]; e=[r["stack"]-r["draft"] for r in bl]
           ^^^^^^^^^^^^^^
  File "/home/ubuntu/nba/handoff/r7/evolve3.py", line 166, in fitness
    F=wf_folds(g); wts=learn_weights(g,F)
      ^^^^^^^^^^^
  File "/home/ubuntu/nba/handoff/r7/evolve3.py", line 148, in wf_folds
    if g["hz"]:
       ~^^^^^^
KeyError: 'hz'
[17:04:03] restart 15s
training pool: all labeled rows, 770
Traceback (most recent call last):
  File "/home/ubuntu/nba/handoff/r7/evolve3.py", line 216, in <module>
    cf,wts=fitness(champ); rows=blind(champ,"EVO gen0 (BEST MODEL)",wts); bl=[r for r in rows if r["kind"]=="BLIND"]; e=[r["stack"]-r["draft"] for r in bl]
           ^^^^^^^^^^^^^^
  File "/home/ubuntu/nba/handoff/r7/evolve3.py", line 166, in fitness
    F=wf_folds(g); wts=learn_weights(g,F)
      ^^^^^^^^^^^
  File "/home/ubuntu/nba/handoff/r7/evolve3.py", line 148, in wf_folds
    if g["hz"]:
       ~^^^^^^
KeyError: 'hz'
[17:04:20] restart 15s
training pool: all labeled rows, 770
Traceback (most recent call last):
  File "/home/ubuntu/nba/handoff/r7/evolve3.py", line 216, in <module>
    cf,wts=fitness(champ); rows=blind(champ,"EVO gen0 (BEST MODEL)",wts); bl=[r for r in rows if r["kind"]=="BLIND"]; e=[r["stack"]-r["draft"] for r in bl]
           ^^^^^^^^^^^^^^
  File "/home/ubuntu/nba/handoff/r7/evolve3.py", line 166, in fitness
    F=wf_folds(g); wts=learn_weights(g,F)
      ^^^^^^^^^^^
  File "/home/ubuntu/nba/handoff/r7/evolve3.py", line 148, in wf_folds
    if g["hz"]:
       ~^^^^^^
KeyError: 'hz'
[17:04:37] restart 15s
training pool: all labeled rows, 770
Traceback (most recent call last):
  File "/home/ubuntu/nba/handoff/r7/evolve3.py", line 216, in <module>
    cf,wts=fitness(champ); rows=blind(champ,"EVO gen0 (BEST MODEL)",wts); bl=[r for r in rows if r["kind"]=="BLIND"]; e=[r["stack"]-r["draft"] for r in bl]
           ^^^^^^^^^^^^^^
  File "/home/ubuntu/nba/handoff/r7/evolve3.py", line 166, in fitness
    F=wf_folds(g); wts=learn_weights(g,F)
      ^^^^^^^^^^^
  File "/home/ubuntu/nba/handoff/r7/evolve3.py", line 148, in wf_folds
    if g["hz"]:
       ~^^^^^^
KeyError: 'hz'
[17:04:54] restart 15s
training pool: all labeled rows, 770
gen0 (seeded from BEST MODEL) WF +0.3805 blind edge +0.193 2019 -0.014 2020 -0.005 (4/7)
== EVOLUTION v3 == ledger 434
[17:07:21] gen1   die  WF +0.3820 gain +0.0015 folds 4/5  mut: icl_n=32  (37s)
[17:07:59] gen2   die  WF +0.3726 gain -0.0079 folds 2/5  mut: wk=1  (37s)
[17:08:55] restart 15s
training pool: all labeled rows, 770
== EVOLUTION v3 == ledger 434
[17:09:52] gen3   die  WF +0.3816 gain +0.0011 folds 1/5  mut: anchor=top1  (40s)
[17:10:26] gen4   die  WF +0.3644 gain -0.0161 folds 2/5  mut: thin=strong  (34s)
[17:10:59] gen5   die  WF +0.3666 gain -0.0139 folds 1/5  mut: icl_ctx=drafted  (33s)
[17:11:34] gen6   die  WF +0.4052 gain +0.0247 folds 3/5  mut: ridge=1  (35s)
[17:12:08] gen7   die  WF +0.3805 gain +0.0000 folds 0/5  mut: ridge_alpha=100.0  (34s)
[17:12:45] gen8   KEEP WF +0.3914 gain +0.0109 folds 4/5  mut: covw=1  (37s)
     -> NEW CHAMPION: blind edge +0.189 | 2019 -0.023 2020 -0.010 | 4/7 >=.2 | ledger 455
[17:14:14] gen9   die  WF +0.3703 gain -0.0211 folds 1/5  mut: icl_ctx=drafted  (38s)
[17:16:55] gen10  die  WF +0.3865 gain -0.0049 folds 2/5  mut: pss=1  (161s)
   >> review_request.json written for the critic
[17:18:12] gen11  die  WF +0.3945 gain +0.0031 folds 3/5  mut: ixc=1  (43s)
[17:19:03] gen12  die  WF +0.4124 gain +0.0209 folds 3/5  mut: ridge=1  (51s)
[17:19:42] gen13  die  WF +0.3822 gain -0.0092 folds 1/5  mut: fx=shoot  (39s)
[17:20:15] gen14  die  WF +0.3943 gain +0.0029 folds 3/5  mut: icl_topk=60  (33s)
[17:22:03] gen15  die  WF +0.3739 gain -0.0176 folds 2/5  mut: resid=1/el=1  (108s)
[17:24:06] gen16  die  WF +0.3838 gain -0.0077 folds 2/5  mut: icl_norm=none/pss=1  (123s)
   (critic suggestion) {'fx': 'posz'}
[17:24:46] gen17  KEEP WF +0.4060 gain +0.0146 folds 4/5  mut: fx=posz  (40s)
     -> NEW CHAMPION: blind edge +0.168 | 2019 -0.034 2020 -0.046 | 4/7 >=.2 | ledger 476
   (critic suggestion) {'fx': 'shoot+age'}
[17:26:24] gen18  die  WF +0.3805 gain -0.0256 folds 1/5  mut: fx=shoot+age  (41s)
   (critic suggestion) {'risk': 'q25'}
[17:27:02] gen19  die  WF +0.3958 gain -0.0102 folds 2/5  mut: risk=q25  (38s)
   (critic suggestion) {'knn': 1}
[17:27:58] gen20  die  WF +0.4076 gain +0.0016 folds 4/5  mut: knn=1  (56s)
   >> review_request.json written for the critic
   (critic suggestion) {'icl_norm': 'power', 'icl_n': 32}
[17:29:20] gen21  die  WF +0.3857 gain -0.0203 folds 2/5  mut: icl_norm=power/icl_n=32  (45s)
[17:30:06] gen22  die  WF +0.4103 gain +0.0043 folds 3/5  mut: ixc=1  (46s)
[17:30:48] gen23  die  WF +0.3865 gain -0.0195 folds 1/5  mut: intl=0  (43s)
[17:31:26] gen24  die  WF +0.4060 gain +0.0000 folds 0/5  mut: ridge_alpha=1000.0  (38s)
[17:32:42] gen25  die  WF +0.4048 gain -0.0012 folds 3/5  mut: bag=9  (76s)
[17:33:18] gen26  die  WF +0.3920 gain -0.0140 folds 0/5  mut: icl_outlier=8.0  (36s)
[17:33:57] gen27  die  WF +0.3661 gain -0.0399 folds 0/5  mut: icl_shuffle=random/icl_ctx=drafted  (39s)
   (critic suggestion) {'ridge': 1, 'bag': 9}
[17:35:29] gen28  KEEP WF +0.4192 gain +0.0131 folds 4/5  mut: ridge=1  (92s)
     -> NEW CHAMPION: blind edge +0.149 | 2019 -0.059 2020 -0.021 | 3/7 >=.2 | ledger 504
   (critic suggestion) {'bag': 9}
   (critic suggestion) {'ridge': 1, 'icl_outlier': 2.0}
[17:38:49] gen29  die  WF +0.4177 gain -0.0015 folds 2/5  mut: icl_outlier=2.0  (88s)
   (critic suggestion) {'ridge': 1, 'icl_n': 32}
[17:40:19] gen30  die  WF +0.4120 gain -0.0071 folds 0/5  mut: icl_n=32  (90s)
   >> review_request.json written for the critic
   (critic suggestion) {'labelmix': 'mix2'}
[17:44:10] gen31  die  WF +0.4098 gain -0.0093 folds 2/5  mut: labelmix=mix2  (159s)
[17:51:04] gen32  die  WF +0.4033 gain -0.0159 folds 2/5  mut: pss=1/wk=1  (414s)
   (critic suggestion) {'ixc': 1, 'icl_n': 32}
[17:52:46] gen33  die  WF +0.4120 gain -0.0071 folds 0/5  mut: ixc=1/icl_n=32  (102s)
   (critic suggestion) {'mono': 'off', 'ridge_alpha': 300.0}
[17:54:12] gen34  die  WF +0.4179 gain -0.0013 folds 2/5  mut: ridge_alpha=300.0  (86s)
   (critic suggestion) {'ixc': 1, 'icl_outlier': 2.0}
[17:55:51] gen35  die  WF +0.4177 gain -0.0015 folds 2/5  mut: icl_outlier=2.0/ixc=1  (99s)
   (critic suggestion) {'icl_outlier': 2.0, 'icl_norm': 'power'}
[17:57:15] gen36  die  WF +0.4100 gain -0.0091 folds 0/5  mut: icl_norm=power/icl_outlier=2.0  (84s)
   (critic suggestion) {'labelmix': 'mix2'}
/home/ubuntu/nba/.venv/lib/python3.12/site-packages/sklearn/preprocessing/_data.py:2905: UserWarning: n_quantiles (1000) is greater than the total number of samples (310). n_quantiles is set to n_samples.
  warnings.warn(
/home/ubuntu/nba/.venv/lib/python3.12/site-packages/sklearn/preprocessing/_data.py:2905: UserWarning: n_quantiles (1000) is greater than the total number of samples (310). n_quantiles is set to n_samples.
  warnings.warn(
/home/ubuntu/nba/.venv/lib/python3.12/site-packages/sklearn/preprocessing/_data.py:2905: UserWarning: n_quantiles (1000) is greater than the total number of samples (310). n_quantiles is set to n_samples.
  warnings.warn(
/home/ubuntu/nba/.venv/lib/python3.12/site-packages/sklearn/preprocessing/_data.py:2905: UserWarning: n_quantiles (1000) is greater than the total number of samples (310). n_quantiles is set to n_samples.
  warnings.warn(
/home/ubuntu/nba/.venv/lib/python3.12/site-packages/sklearn/preprocessing/_data.py:2905: UserWarning: n_quantiles (1000) is greater than the total number of samples (310). n_quantiles is set to n_samples.
  warnings.warn(
/home/ubuntu/nba/.venv/lib/python3.12/site-packages/sklearn/preprocessing/_data.py:2905: UserWarning: n_quantiles (1000) is greater than the total number of samples (394). n_quantiles is set to n_samples.
  warnings.warn(
/home/ubuntu/nba/.venv/lib/python3.12/site-packages/sklearn/preprocessing/_data.py:2905: UserWarning: n_quantiles (1000) is greater than the total number of samples (394). n_quantiles is set to n_samples.
  warnings.warn(
/home/ubuntu/nba/.venv/lib/python3.12/site-packages/sklearn/preprocessing/_data.py:2905: UserWarning: n_quantiles (1000) is greater than the total number of samples (394). n_quantiles is set to n_samples.
  warnings.warn(
/home/ubuntu/nba/.venv/lib/python3.12/site-packages/sklearn/preprocessing/_data.py:2905: UserWarning: n_quantiles (1000) is greater than the total number of samples (394). n_quantiles is set to n_samples.
  warnings.warn(
/home/ubuntu/nba/.venv/lib/python3.12/site-packages/sklearn/preprocessing/_data.py:2905: UserWarning: n_quantiles (1000) is greater than the total number of samples (394). n_quantiles is set to n_samples.
  warnings.warn(
/home/ubuntu/nba/.venv/lib/python3.12/site-packages/sklearn/preprocessing/_data.py:2905: UserWarning: n_quantiles (1000) is greater than the total number of samples (460). n_quantiles is set to n_samples.
  warnings.warn(
/home/ubuntu/nba/.venv/lib/python3.12/site-packages/sklearn/preprocessing/_data.py:2905: UserWarning: n_quantiles (1000) is greater than the total number of samples (460). n_quantiles is set to n_samples.
  warnings.warn(
/home/ubuntu/nba/.venv/lib/python3.12/site-packages/sklearn/preprocessing/_data.py:2905: UserWarning: n_quantiles (1000) is greater than the total number of samples (460). n_quantiles is set to n_samples.
  warnings.warn(
/home/ubuntu/nba/.venv/lib/python3.12/site-packages/sklearn/preprocessing/_data.py:2905: UserWarning: n_quantiles (1000) is greater than the total number of samples (460). n_quantiles is set to n_samples.
  warnings.warn(
/home/ubuntu/nba/.venv/lib/python3.12/site-packages/sklearn/preprocessing/_data.py:2905: UserWarning: n_quantiles (1000) is greater than the total number of samples (460). n_quantiles is set to n_samples.
  warnings.warn(
/home/ubuntu/nba/.venv/lib/python3.12/site-packages/sklearn/preprocessing/_data.py:2905: UserWarning: n_quantiles (1000) is greater than the total number of samples (549). n_quantiles is set to n_samples.
  warnings.warn(
/home/ubuntu/nba/.venv/lib/python3.12/site-packages/sklearn/preprocessing/_data.py:2905: UserWarning: n_quantiles (1000) is greater than the total number of samples (549). n_quantiles is set to n_samples.
  warnings.warn(
/home/ubuntu/nba/.venv/lib/python3.12/site-packages/sklearn/preprocessing/_data.py:2905: UserWarning: n_quantiles (1000) is greater than the total number of samples (549). n_quantiles is set to n_samples.
  warnings.warn(
/home/ubuntu/nba/.venv/lib/python3.12/site-packages/sklearn/preprocessing/_data.py:2905: UserWarning: n_quantiles (1000) is greater than the total number of samples (549). n_quantiles is set to n_samples.
  warnings.warn(
/home/ubuntu/nba/.venv/lib/python3.12/site-packages/sklearn/preprocessing/_data.py:2905: UserWarning: n_quantiles (1000) is greater than the total number of samples (549). n_quantiles is set to n_samples.
  warnings.warn(
/home/ubuntu/nba/.venv/lib/python3.12/site-packages/sklearn/preprocessing/_data.py:2905: UserWarning: n_quantiles (1000) is greater than the total number of samples (666). n_quantiles is set to n_samples.
  warnings.warn(
/home/ubuntu/nba/.venv/lib/python3.12/site-packages/sklearn/preprocessing/_data.py:2905: UserWarning: n_quantiles (1000) is greater than the total number of samples (666). n_quantiles is set to n_samples.
  warnings.warn(
/home/ubuntu/nba/.venv/lib/python3.12/site-packages/sklearn/preprocessing/_data.py:2905: UserWarning: n_quantiles (1000) is greater than the total number of samples (666). n_quantiles is set to n_samples.
  warnings.warn(
/home/ubuntu/nba/.venv/lib/python3.12/site-packages/sklearn/preprocessing/_data.py:2905: UserWarning: n_quantiles (1000) is greater than the total number of samples (666). n_quantiles is set to n_samples.
  warnings.warn(
/home/ubuntu/nba/.venv/lib/python3.12/site-packages/sklearn/preprocessing/_data.py:2905: UserWarning: n_quantiles (1000) is greater than the total number of samples (666). n_quantiles is set to n_samples.
  warnings.warn(
[18:02:43] gen37  die  WF +0.4254 gain +0.0062 folds 2/5  mut: icl_norm=quantile/hz=1  (328s)
[18:04:13] gen38  die  WF +0.3980 gain -0.0212 folds 1/5  mut: risk=q25  (89s)
[18:06:36] gen39  die  WF +0.4254 gain +0.0062 folds 2/5  mut: resid=1/risk=q25  (143s)
[18:07:51] gen40  die  WF +0.4115 gain -0.0077 folds 2/5  mut: ridge_alpha=1000.0  (76s)
   >> review_request.json written for the critic
[18:10:18] gen41  die  WF +0.3513 gain -0.0679 folds 1/5  mut: hw=top2/hurdle=1  (86s)
[18:13:59] gen42  die  WF +0.4232 gain +0.0040 folds 2/5  mut: labelmix=mix3  (221s)
[18:16:25] gen43  die  WF +0.4197 gain +0.0006 folds 3/5  mut: knn=1  (146s)
   (critic suggestion) {'icl_n': 32, 'icl_outlier': 2.0}
[18:17:43] gen44  die  WF +0.4131 gain -0.0061 folds 1/5  mut: icl_outlier=2.0/icl_n=32  (79s)
   (critic suggestion) {'ixc': 1, 'icl_norm': 'power'}
[18:19:13] gen45  die  WF +0.4038 gain -0.0153 folds 1/5  mut: icl_norm=power/ixc=1  (90s)
   (critic suggestion) {'ixc': 1, 'M': 250.0}
[18:20:42] gen46  die  WF +0.4149 gain -0.0042 folds 2/5  mut: ixc=1  (89s)
   (critic suggestion) {'icl_outlier': 2.0, 'M': 250.0}
[18:21:57] gen47  die  WF +0.4182 gain -0.0009 folds 2/5  mut: icl_outlier=2.0  (75s)
   (critic suggestion) {'icl_n': 32, 'M': 250.0}
[18:23:16] gen48  die  WF +0.4082 gain -0.0109 folds 1/5  mut: icl_n=32  (80s)
[18:25:29] gen49  die  WF +0.4192 gain +0.0000 folds 0/5  mut: resid=1  (133s)
[18:27:56] gen50  KEEP WF +0.4256 gain +0.0064 folds 4/5  mut: icl_outlier=2.0/knn=1  (146s)
     -> NEW CHAMPION: blind edge +0.154 | 2019 -0.006 2020 -0.017 | 2/7 >=.2 | ledger 602
   >> review_request.json written for the critic
[18:33:15] gen51  die  WF +0.4316 gain +0.0060 folds 2/5  mut: el=1  (158s)
[18:35:42] gen52  die  WF +0.4256 gain +0.0000 folds 0/5  mut: risk=q25  (147s)
   (critic suggestion) {'icl_outlier': 4.0}
[18:38:10] gen53  die  WF +0.4242 gain -0.0013 folds 3/5  mut: icl_outlier=4.0  (147s)
   (critic suggestion) {'icl_norm': 'power', 'M': 250.0}
[18:40:37] gen54  die  WF +0.4240 gain -0.0015 folds 1/5  mut: icl_norm=power  (147s)
   (critic suggestion) {'ixc': 1, 'M': 250.0}
[18:43:16] gen55  die  WF +0.4235 gain -0.0021 folds 1/5  mut: ixc=1  (160s)
   (critic suggestion) {'thin': 'mild', 'ixc': 1}
[18:45:58] gen56  die  WF +0.4215 gain -0.0040 folds 2/5  mut: ixc=1  (162s)
   (critic suggestion) {'bag': 3, 'icl_norm': 'power'}
[18:47:54] gen57  die  WF +0.4222 gain -0.0033 folds 2/5  mut: icl_norm=power  (116s)
[18:50:20] gen58  die  WF +0.4149 gain -0.0107 folds 2/5  mut: fx=shoot+age  (146s)
[18:51:24] gen59  die  WF +0.4055 gain -0.0200 folds 1/5  mut: knn=0/ridge=0  (64s)
[18:54:00] gen60  die  WF +0.4029 gain -0.0227 folds 1/5  mut: wk=1  (157s)
   >> review_request.json written for the critic
[18:57:38] gen61  die  WF +0.4341 gain +0.0085 folds 3/5  mut: ridge_alpha=1000.0  (155s)
[18:59:54] gen62  die  WF +0.4129 gain -0.0127 folds 2/5  mut: labelmix=mix2/ridge=0  (136s)
   (critic suggestion) {'el': 1, 'icl_norm': 'power'}
[19:02:30] gen63  die  WF +0.4330 gain +0.0075 folds 3/5  mut: icl_norm=power/el=1  (156s)
   (critic suggestion) {'el': 1, 'icl_topk': 60}
[19:05:04] gen64  die  WF +0.4249 gain -0.0006 folds 1/5  mut: icl_topk=60/el=1  (154s)
   (critic suggestion) {'ixc': 1, 'el': 1}
[19:07:56] gen65  die  WF +0.4316 gain +0.0060 folds 2/5  mut: ixc=1/el=1  (172s)
   (critic suggestion) {'ixc': 1, 'M': 250.0}
   (critic suggestion) {'ixc': 1, 'icl_topk': 60}
[19:10:37] gen66  die  WF +0.4125 gain -0.0131 folds 1/5  mut: ixc=1/icl_topk=60  (160s)
[19:12:13] gen67  die  WF +0.4271 gain +0.0015 folds 3/5  mut: ridge=0  (96s)
[19:18:36] gen68  die  WF +0.4171 gain -0.0085 folds 2/5  mut: hz=1  (384s)
/home/ubuntu/nba/.venv/lib/python3.12/site-packages/sklearn/preprocessing/_data.py:2905: UserWarning: n_quantiles (1000) is greater than the total number of samples (310). n_quantiles is set to n_samples.
  warnings.warn(
/home/ubuntu/nba/.venv/lib/python3.12/site-packages/sklearn/preprocessing/_data.py:2905: UserWarning: n_quantiles (1000) is greater than the total number of samples (394). n_quantiles is set to n_samples.
  warnings.warn(
/home/ubuntu/nba/.venv/lib/python3.12/site-packages/sklearn/preprocessing/_data.py:2905: UserWarning: n_quantiles (1000) is greater than the total number of samples (460). n_quantiles is set to n_samples.
  warnings.warn(
/home/ubuntu/nba/.venv/lib/python3.12/site-packages/sklearn/preprocessing/_data.py:2905: UserWarning: n_quantiles (1000) is greater than the total number of samples (549). n_quantiles is set to n_samples.
  warnings.warn(
/home/ubuntu/nba/.venv/lib/python3.12/site-packages/sklearn/preprocessing/_data.py:2905: UserWarning: n_quantiles (1000) is greater than the total number of samples (666). n_quantiles is set to n_samples.
  warnings.warn(
[19:21:02] gen69  die  WF +0.4235 gain -0.0021 folds 3/5  mut: icl_norm=quantile  (145s)
[19:23:00] gen70  die  WF +0.4256 gain +0.0000 folds 0/5  mut: bag=3/mono=off  (118s)
   >> review_request.json written for the critic
[19:26:36] gen71  die  WF +0.4088 gain -0.0167 folds 1/5  mut: hw=disc70/label=rank  (149s)
[19:33:10] gen72  die  WF +0.4174 gain -0.0082 folds 2/5  mut: hz=1  (393s)
   (critic suggestion) {'ridge_alpha': 1000, 'ixc': 1}
[19:35:56] gen73  die  WF +0.4205 gain -0.0051 folds 2/5  mut: ixc=1/ridge_alpha=1000  (166s)
   (critic suggestion) {'M': 250, 'ridge_alpha': 300}
[19:38:26] gen74  die  WF +0.4290 gain +0.0034 folds 3/5  mut: ridge_alpha=300  (150s)
   (critic suggestion) {'icl_norm': 'power', 'icl_topk': 60}
[19:40:52] gen75  die  WF +0.4103 gain -0.0153 folds 2/5  mut: icl_norm=power/icl_topk=60  (146s)
   (critic suggestion) {'el': 1, 'ridge_alpha': 1000}
[19:43:33] gen76  die  WF +0.4233 gain -0.0022 folds 2/5  mut: ridge_alpha=1000/el=1  (161s)
   (critic suggestion) {'icl_outlier': 4.0, 'icl_norm': 'power'}
[19:45:58] gen77  die  WF +0.4171 gain -0.0085 folds 2/5  mut: icl_norm=power/icl_outlier=4.0  (145s)
[19:48:21] gen78  die  WF +0.4191 gain -0.0065 folds 1/5  mut: icl_shuffle=random  (143s)
[19:49:23] gen79  die  WF +0.3980 gain -0.0276 folds 1/5  mut: covw=0  (62s)
[19:52:01] gen80  die  WF +0.4119 gain -0.0137 folds 1/5  mut: ixc=1/icl_ctx=drafted  (158s)
   >> review_request.json written for the critic
[19:59:35] gen81  die  WF +0.4174 gain -0.0082 folds 2/5  mut: hz=1  (392s)
   (critic suggestion) {'icl_norm': 'quantile', 'icl_outlier': 4.0}
/home/ubuntu/nba/.venv/lib/python3.12/site-packages/sklearn/preprocessing/_data.py:2905: UserWarning: n_quantiles (1000) is greater than the total number of samples (310). n_quantiles is set to n_samples.
  warnings.warn(
/home/ubuntu/nba/.venv/lib/python3.12/site-packages/sklearn/preprocessing/_data.py:2905: UserWarning: n_quantiles (1000) is greater than the total number of samples (394). n_quantiles is set to n_samples.
  warnings.warn(
/home/ubuntu/nba/.venv/lib/python3.12/site-packages/sklearn/preprocessing/_data.py:2905: UserWarning: n_quantiles (1000) is greater than the total number of samples (460). n_quantiles is set to n_samples.
  warnings.warn(
/home/ubuntu/nba/.venv/lib/python3.12/site-packages/sklearn/preprocessing/_data.py:2905: UserWarning: n_quantiles (1000) is greater than the total number of samples (549). n_quantiles is set to n_samples.
  warnings.warn(
/home/ubuntu/nba/.venv/lib/python3.12/site-packages/sklearn/preprocessing/_data.py:2905: UserWarning: n_quantiles (1000) is greater than the total number of samples (666). n_quantiles is set to n_samples.
  warnings.warn(
[20:02:04] gen82  die  WF +0.4427 gain +0.0171 folds 3/5  mut: icl_norm=quantile/icl_outlier=4.0  (149s)
   (critic suggestion) {'ridge_alpha': 1000.0, 'icl_outlier': 4.0}
[20:04:29] gen83  die  WF +0.4141 gain -0.0115 folds 2/5  mut: icl_outlier=4.0/ridge_alpha=1000.0  (145s)
   (critic suggestion) {'el': 1, 'ridge_alpha': 300.0}
[20:07:06] gen84  die  WF +0.4326 gain +0.0070 folds 2/5  mut: ridge_alpha=300.0/el=1  (157s)
   (critic suggestion) {'ixc': 1, 'ridge_alpha': 300.0}
[20:09:49] gen85  die  WF +0.4258 gain +0.0002 folds 3/5  mut: ixc=1/ridge_alpha=300.0  (164s)
   (critic suggestion) {'icl_norm': 'quantile', 'el': 1}
/home/ubuntu/nba/.venv/lib/python3.12/site-packages/sklearn/preprocessing/_data.py:2905: UserWarning: n_quantiles (1000) is greater than the total number of samples (310). n_quantiles is set to n_samples.
  warnings.warn(
/home/ubuntu/nba/.venv/lib/python3.12/site-packages/sklearn/preprocessing/_data.py:2905: UserWarning: n_quantiles (1000) is greater than the total number of samples (394). n_quantiles is set to n_samples.
  warnings.warn(
/home/ubuntu/nba/.venv/lib/python3.12/site-packages/sklearn/preprocessing/_data.py:2905: UserWarning: n_quantiles (1000) is greater than the total number of samples (460). n_quantiles is set to n_samples.
  warnings.warn(
/home/ubuntu/nba/.venv/lib/python3.12/site-packages/sklearn/preprocessing/_data.py:2905: UserWarning: n_quantiles (1000) is greater than the total number of samples (549). n_quantiles is set to n_samples.
  warnings.warn(
/home/ubuntu/nba/.venv/lib/python3.12/site-packages/sklearn/preprocessing/_data.py:2905: UserWarning: n_quantiles (1000) is greater than the total number of samples (666). n_quantiles is set to n_samples.
  warnings.warn(
[20:12:15] gen86  KEEP WF +0.4487 gain +0.0231 folds 4/5  mut: icl_norm=quantile/el=1  (146s)
/home/ubuntu/nba/.venv/lib/python3.12/site-packages/sklearn/preprocessing/_data.py:2905: UserWarning: n_quantiles (1000) is greater than the total number of samples (770). n_quantiles is set to n_samples.
  warnings.warn(
/home/ubuntu/nba/.venv/lib/python3.12/site-packages/sklearn/preprocessing/_data.py:2905: UserWarning: n_quantiles (1000) is greater than the total number of samples (770). n_quantiles is set to n_samples.
  warnings.warn(
/home/ubuntu/nba/.venv/lib/python3.12/site-packages/sklearn/preprocessing/_data.py:2905: UserWarning: n_quantiles (1000) is greater than the total number of samples (770). n_quantiles is set to n_samples.
  warnings.warn(
/home/ubuntu/nba/.venv/lib/python3.12/site-packages/sklearn/preprocessing/_data.py:2905: UserWarning: n_quantiles (1000) is greater than the total number of samples (770). n_quantiles is set to n_samples.
  warnings.warn(
/home/ubuntu/nba/.venv/lib/python3.12/site-packages/sklearn/preprocessing/_data.py:2905: UserWarning: n_quantiles (1000) is greater than the total number of samples (770). n_quantiles is set to n_samples.
  warnings.warn(
/home/ubuntu/nba/.venv/lib/python3.12/site-packages/sklearn/preprocessing/_data.py:2905: UserWarning: n_quantiles (1000) is greater than the total number of samples (770). n_quantiles is set to n_samples.
  warnings.warn(
/home/ubuntu/nba/.venv/lib/python3.12/site-packages/sklearn/preprocessing/_data.py:2905: UserWarning: n_quantiles (1000) is greater than the total number of samples (770). n_quantiles is set to n_samples.
  warnings.warn(
     -> NEW CHAMPION: blind edge +0.167 | 2019 +0.008 2020 -0.056 | 3/7 >=.2 | ledger 637
/home/ubuntu/nba/.venv/lib/python3.12/site-packages/sklearn/preprocessing/_data.py:2905: UserWarning: n_quantiles (1000) is greater than the total number of samples (310). n_quantiles is set to n_samples.
  warnings.warn(
/home/ubuntu/nba/.venv/lib/python3.12/site-packages/sklearn/preprocessing/_data.py:2905: UserWarning: n_quantiles (1000) is greater than the total number of samples (310). n_quantiles is set to n_samples.
  warnings.warn(
/home/ubuntu/nba/.venv/lib/python3.12/site-packages/sklearn/preprocessing/_data.py:2905: UserWarning: n_quantiles (1000) is greater than the total number of samples (394). n_quantiles is set to n_samples.
  warnings.warn(
/home/ubuntu/nba/.venv/lib/python3.12/site-packages/sklearn/preprocessing/_data.py:2905: UserWarning: n_quantiles (1000) is greater than the total number of samples (394). n_quantiles is set to n_samples.
  warnings.warn(
/home/ubuntu/nba/.venv/lib/python3.12/site-packages/sklearn/preprocessing/_data.py:2905: UserWarning: n_quantiles (1000) is greater than the total number of samples (460). n_quantiles is set to n_samples.
  warnings.warn(
/home/ubuntu/nba/.venv/lib/python3.12/site-packages/sklearn/preprocessing/_data.py:2905: UserWarning: n_quantiles (1000) is greater than the total number of samples (460). n_quantiles is set to n_samples.
  warnings.warn(
/home/ubuntu/nba/.venv/lib/python3.12/site-packages/sklearn/preprocessing/_data.py:2905: UserWarning: n_quantiles (1000) is greater than the total number of samples (549). n_quantiles is set to n_samples.
  warnings.warn(
/home/ubuntu/nba/.venv/lib/python3.12/site-packages/sklearn/preprocessing/_data.py:2905: UserWarning: n_quantiles (1000) is greater than the total number of samples (549). n_quantiles is set to n_samples.
  warnings.warn(
/home/ubuntu/nba/.venv/lib/python3.12/site-packages/sklearn/preprocessing/_data.py:2905: UserWarning: n_quantiles (1000) is greater than the total number of samples (666). n_quantiles is set to n_samples.
  warnings.warn(
/home/ubuntu/nba/.venv/lib/python3.12/site-packages/sklearn/preprocessing/_data.py:2905: UserWarning: n_quantiles (1000) is greater than the total number of samples (666). n_quantiles is set to n_samples.
  warnings.warn(
[20:17:25] gen87  die  WF +0.4417 gain -0.0070 folds 2/5  mut: labelmix=mix2  (205s)
/home/ubuntu/nba/.venv/lib/python3.12/site-packages/sklearn/preprocessing/_data.py:2905: UserWarning: n_quantiles (1000) is greater than the total number of samples (310). n_quantiles is set to n_samples.
  warnings.warn(
/home/ubuntu/nba/.venv/lib/python3.12/site-packages/sklearn/preprocessing/_data.py:2905: UserWarning: n_quantiles (1000) is greater than the total number of samples (394). n_quantiles is set to n_samples.
  warnings.warn(
/home/ubuntu/nba/.venv/lib/python3.12/site-packages/sklearn/preprocessing/_data.py:2905: UserWarning: n_quantiles (1000) is greater than the total number of samples (460). n_quantiles is set to n_samples.
  warnings.warn(
/home/ubuntu/nba/.venv/lib/python3.12/site-packages/sklearn/preprocessing/_data.py:2905: UserWarning: n_quantiles (1000) is greater than the total number of samples (549). n_quantiles is set to n_samples.
  warnings.warn(
/home/ubuntu/nba/.venv/lib/python3.12/site-packages/sklearn/preprocessing/_data.py:2905: UserWarning: n_quantiles (1000) is greater than the total number of samples (666). n_quantiles is set to n_samples.
  warnings.warn(
[20:19:53] gen88  die  WF +0.4487 gain +0.0000 folds 0/5  mut: clip=log1p  (148s)
/home/ubuntu/nba/.venv/lib/python3.12/site-packages/sklearn/preprocessing/_data.py:2905: UserWarning: n_quantiles (1000) is greater than the total number of samples (310). n_quantiles is set to n_samples.
  warnings.warn(
/home/ubuntu/nba/.venv/lib/python3.12/site-packages/sklearn/preprocessing/_data.py:2905: UserWarning: n_quantiles (1000) is greater than the total number of samples (394). n_quantiles is set to n_samples.
  warnings.warn(
/home/ubuntu/nba/.venv/lib/python3.12/site-packages/sklearn/preprocessing/_data.py:2905: UserWarning: n_quantiles (1000) is greater than the total number of samples (460). n_quantiles is set to n_samples.
  warnings.warn(
/home/ubuntu/nba/.venv/lib/python3.12/site-packages/sklearn/preprocessing/_data.py:2905: UserWarning: n_quantiles (1000) is greater than the total number of samples (549). n_quantiles is set to n_samples.
  warnings.warn(
/home/ubuntu/nba/.venv/lib/python3.12/site-packages/sklearn/preprocessing/_data.py:2905: UserWarning: n_quantiles (1000) is greater than the total number of samples (666). n_quantiles is set to n_samples.
  warnings.warn(
[20:21:45] gen89  die  WF +0.4487 gain +0.0000 folds 0/5  mut: bag=3  (111s)
/home/ubuntu/nba/.venv/lib/python3.12/site-packages/sklearn/preprocessing/_data.py:2905: UserWarning: n_quantiles (1000) is greater than the total number of samples (310). n_quantiles is set to n_samples.
  warnings.warn(
/home/ubuntu/nba/.venv/lib/python3.12/site-packages/sklearn/preprocessing/_data.py:2905: UserWarning: n_quantiles (1000) is greater than the total number of samples (394). n_quantiles is set to n_samples.
  warnings.warn(
/home/ubuntu/nba/.venv/lib/python3.12/site-packages/sklearn/preprocessing/_data.py:2905: UserWarning: n_quantiles (1000) is greater than the total number of samples (460). n_quantiles is set to n_samples.
  warnings.warn(
/home/ubuntu/nba/.venv/lib/python3.12/site-packages/sklearn/preprocessing/_data.py:2905: UserWarning: n_quantiles (1000) is greater than the total number of samples (549). n_quantiles is set to n_samples.
  warnings.warn(
/home/ubuntu/nba/.venv/lib/python3.12/site-packages/sklearn/preprocessing/_data.py:2905: UserWarning: n_quantiles (1000) is greater than the total number of samples (666). n_quantiles is set to n_samples.
  warnings.warn(
[20:24:11] gen90  die  WF +0.4487 gain +0.0000 folds 0/5  mut: clip=none  (147s)
/home/ubuntu/nba/.venv/lib/python3.12/site-packages/sklearn/preprocessing/_data.py:2905: UserWarning: n_quantiles (1000) is greater than the total number of samples (310). n_quantiles is set to n_samples.
  warnings.warn(
/home/ubuntu/nba/.venv/lib/python3.12/site-packages/sklearn/preprocessing/_data.py:2905: UserWarning: n_quantiles (1000) is greater than the total number of samples (394). n_quantiles is set to n_samples.
  warnings.warn(
/home/ubuntu/nba/.venv/lib/python3.12/site-packages/sklearn/preprocessing/_data.py:2905: UserWarning: n_quantiles (1000) is greater than the total number of samples (460). n_quantiles is set to n_samples.
  warnings.warn(
/home/ubuntu/nba/.venv/lib/python3.12/site-packages/sklearn/preprocessing/_data.py:2905: UserWarning: n_quantiles (1000) is greater than the total number of samples (549). n_quantiles is set to n_samples.
  warnings.warn(
/home/ubuntu/nba/.venv/lib/python3.12/site-packages/sklearn/preprocessing/_data.py:2905: UserWarning: n_quantiles (1000) is greater than the total number of samples (666). n_quantiles is set to n_samples.
  warnings.warn(
   >> review_request.json written for the critic
/home/ubuntu/nba/.venv/lib/python3.12/site-packages/sklearn/preprocessing/_data.py:2905: UserWarning: n_quantiles (1000) is greater than the total number of samples (310). n_quantiles is set to n_samples.
  warnings.warn(
/home/ubuntu/nba/.venv/lib/python3.12/site-packages/sklearn/preprocessing/_data.py:2905: UserWarning: n_quantiles (1000) is greater than the total number of samples (394). n_quantiles is set to n_samples.
  warnings.warn(
/home/ubuntu/nba/.venv/lib/python3.12/site-packages/sklearn/preprocessing/_data.py:2905: UserWarning: n_quantiles (1000) is greater than the total number of samples (460). n_quantiles is set to n_samples.
  warnings.warn(
/home/ubuntu/nba/.venv/lib/python3.12/site-packages/sklearn/preprocessing/_data.py:2905: UserWarning: n_quantiles (1000) is greater than the total number of samples (549). n_quantiles is set to n_samples.
  warnings.warn(
/home/ubuntu/nba/.venv/lib/python3.12/site-packages/sklearn/preprocessing/_data.py:2905: UserWarning: n_quantiles (1000) is greater than the total number of samples (666). n_quantiles is set to n_samples.
  warnings.warn(
[20:27:51] gen91  die  WF +0.4403 gain -0.0084 folds 1/5  mut: thin=mild  (153s)
/home/ubuntu/nba/.venv/lib/python3.12/site-packages/sklearn/preprocessing/_data.py:2905: UserWarning: n_quantiles (1000) is greater than the total number of samples (310). n_quantiles is set to n_samples.
  warnings.warn(
/home/ubuntu/nba/.venv/lib/python3.12/site-packages/sklearn/preprocessing/_data.py:2905: UserWarning: n_quantiles (1000) is greater than the total number of samples (394). n_quantiles is set to n_samples.
  warnings.warn(
/home/ubuntu/nba/.venv/lib/python3.12/site-packages/sklearn/preprocessing/_data.py:2905: UserWarning: n_quantiles (1000) is greater than the total number of samples (460). n_quantiles is set to n_samples.
  warnings.warn(
/home/ubuntu/nba/.venv/lib/python3.12/site-packages/sklearn/preprocessing/_data.py:2905: UserWarning: n_quantiles (1000) is greater than the total number of samples (549). n_quantiles is set to n_samples.
  warnings.warn(
/home/ubuntu/nba/.venv/lib/python3.12/site-packages/sklearn/preprocessing/_data.py:2905: UserWarning: n_quantiles (1000) is greater than the total number of samples (666). n_quantiles is set to n_samples.
  warnings.warn(
[20:30:17] gen92  die  WF +0.4435 gain -0.0052 folds 2/5  mut: icl_shuffle=random  (146s)
/home/ubuntu/nba/.venv/lib/python3.12/site-packages/sklearn/preprocessing/_data.py:2905: UserWarning: n_quantiles (1000) is greater than the total number of samples (310). n_quantiles is set to n_samples.
  warnings.warn(
/home/ubuntu/nba/.venv/lib/python3.12/site-packages/sklearn/preprocessing/_data.py:2905: UserWarning: n_quantiles (1000) is greater than the total number of samples (394). n_quantiles is set to n_samples.
  warnings.warn(
/home/ubuntu/nba/.venv/lib/python3.12/site-packages/sklearn/preprocessing/_data.py:2905: UserWarning: n_quantiles (1000) is greater than the total number of samples (460). n_quantiles is set to n_samples.
  warnings.warn(
/home/ubuntu/nba/.venv/lib/python3.12/site-packages/sklearn/preprocessing/_data.py:2905: UserWarning: n_quantiles (1000) is greater than the total number of samples (549). n_quantiles is set to n_samples.
  warnings.warn(
/home/ubuntu/nba/.venv/lib/python3.12/site-packages/sklearn/preprocessing/_data.py:2905: UserWarning: n_quantiles (1000) is greater than the total number of samples (666). n_quantiles is set to n_samples.
  warnings.warn(
[20:32:45] gen93  die  WF +0.4421 gain -0.0067 folds 3/5  mut: ridge_alpha=300.0  (149s)
   (critic suggestion) {'icl_outlier': 4.0, 'ridge_alpha': 300.0}
/home/ubuntu/nba/.venv/lib/python3.12/site-packages/sklearn/preprocessing/_data.py:2905: UserWarning: n_quantiles (1000) is greater than the total number of samples (310). n_quantiles is set to n_samples.
  warnings.warn(
/home/ubuntu/nba/.venv/lib/python3.12/site-packages/sklearn/preprocessing/_data.py:2905: UserWarning: n_quantiles (1000) is greater than the total number of samples (394). n_quantiles is set to n_samples.
  warnings.warn(
/home/ubuntu/nba/.venv/lib/python3.12/site-packages/sklearn/preprocessing/_data.py:2905: UserWarning: n_quantiles (1000) is greater than the total number of samples (460). n_quantiles is set to n_samples.
  warnings.warn(
/home/ubuntu/nba/.venv/lib/python3.12/site-packages/sklearn/preprocessing/_data.py:2905: UserWarning: n_quantiles (1000) is greater than the total number of samples (549). n_quantiles is set to n_samples.
  warnings.warn(
/home/ubuntu/nba/.venv/lib/python3.12/site-packages/sklearn/preprocessing/_data.py:2905: UserWarning: n_quantiles (1000) is greater than the total number of samples (666). n_quantiles is set to n_samples.
  warnings.warn(
[20:35:13] gen94  die  WF +0.4497 gain +0.0009 folds 4/5  mut: icl_outlier=4.0/ridge_alpha=300.0  (147s)
   (critic suggestion) {'icl_outlier': 4.0, 'M': 250.0}
/home/ubuntu/nba/.venv/lib/python3.12/site-packages/sklearn/preprocessing/_data.py:2905: UserWarning: n_quantiles (1000) is greater than the total number of samples (310). n_quantiles is set to n_samples.
  warnings.warn(
/home/ubuntu/nba/.venv/lib/python3.12/site-packages/sklearn/preprocessing/_data.py:2905: UserWarning: n_quantiles (1000) is greater than the total number of samples (394). n_quantiles is set to n_samples.
  warnings.warn(
/home/ubuntu/nba/.venv/lib/python3.12/site-packages/sklearn/preprocessing/_data.py:2905: UserWarning: n_quantiles (1000) is greater than the total number of samples (460). n_quantiles is set to n_samples.
  warnings.warn(
/home/ubuntu/nba/.venv/lib/python3.12/site-packages/sklearn/preprocessing/_data.py:2905: UserWarning: n_quantiles (1000) is greater than the total number of samples (549). n_quantiles is set to n_samples.
  warnings.warn(
/home/ubuntu/nba/.venv/lib/python3.12/site-packages/sklearn/preprocessing/_data.py:2905: UserWarning: n_quantiles (1000) is greater than the total number of samples (666). n_quantiles is set to n_samples.
  warnings.warn(
[20:37:40] gen95  die  WF +0.4464 gain -0.0023 folds 2/5  mut: icl_outlier=4.0  (147s)
   (critic suggestion) {'ixc': 1, 'M': 250.0}
/home/ubuntu/nba/.venv/lib/python3.12/site-packages/sklearn/preprocessing/_data.py:2905: UserWarning: n_quantiles (1000) is greater than the total number of samples (310). n_quantiles is set to n_samples.
  warnings.warn(
/home/ubuntu/nba/.venv/lib/python3.12/site-packages/sklearn/preprocessing/_data.py:2905: UserWarning: n_quantiles (1000) is greater than the total number of samples (394). n_quantiles is set to n_samples.
  warnings.warn(
/home/ubuntu/nba/.venv/lib/python3.12/site-packages/sklearn/preprocessing/_data.py:2905: UserWarning: n_quantiles (1000) is greater than the total number of samples (460). n_quantiles is set to n_samples.
  warnings.warn(
/home/ubuntu/nba/.venv/lib/python3.12/site-packages/sklearn/preprocessing/_data.py:2905: UserWarning: n_quantiles (1000) is greater than the total number of samples (549). n_quantiles is set to n_samples.
  warnings.warn(
/home/ubuntu/nba/.venv/lib/python3.12/site-packages/sklearn/preprocessing/_data.py:2905: UserWarning: n_quantiles (1000) is greater than the total number of samples (666). n_quantiles is set to n_samples.
  warnings.warn(
[20:40:22] gen96  die  WF +0.4482 gain -0.0006 folds 4/5  mut: ixc=1  (162s)
   (critic suggestion) {'ixc': 1, 'icl_outlier': 4.0}
/home/ubuntu/nba/.venv/lib/python3.12/site-packages/sklearn/preprocessing/_data.py:2905: UserWarning: n_quantiles (1000) is greater than the total number of samples (310). n_quantiles is set to n_samples.
  warnings.warn(
/home/ubuntu/nba/.venv/lib/python3.12/site-packages/sklearn/preprocessing/_data.py:2905: UserWarning: n_quantiles (1000) is greater than the total number of samples (394). n_quantiles is set to n_samples.
  warnings.warn(
/home/ubuntu/nba/.venv/lib/python3.12/site-packages/sklearn/preprocessing/_data.py:2905: UserWarning: n_quantiles (1000) is greater than the total number of samples (460). n_quantiles is set to n_samples.
  warnings.warn(
/home/ubuntu/nba/.venv/lib/python3.12/site-packages/sklearn/preprocessing/_data.py:2905: UserWarning: n_quantiles (1000) is greater than the total number of samples (549). n_quantiles is set to n_samples.
  warnings.warn(
/home/ubuntu/nba/.venv/lib/python3.12/site-packages/sklearn/preprocessing/_data.py:2905: UserWarning: n_quantiles (1000) is greater than the total number of samples (666). n_quantiles is set to n_samples.
  warnings.warn(
[20:43:07] gen97  die  WF +0.4517 gain +0.0029 folds 2/5  mut: icl_outlier=4.0/ixc=1  (165s)
   (critic suggestion) {'icl_n': 32, 'icl_outlier': 4.0}
/home/ubuntu/nba/.venv/lib/python3.12/site-packages/sklearn/preprocessing/_data.py:2905: UserWarning: n_quantiles (1000) is greater than the total number of samples (310). n_quantiles is set to n_samples.
  warnings.warn(
/home/ubuntu/nba/.venv/lib/python3.12/site-packages/sklearn/preprocessing/_data.py:2905: UserWarning: n_quantiles (1000) is greater than the total number of samples (394). n_quantiles is set to n_samples.
  warnings.warn(
/home/ubuntu/nba/.venv/lib/python3.12/site-packages/sklearn/preprocessing/_data.py:2905: UserWarning: n_quantiles (1000) is greater than the total number of samples (460). n_quantiles is set to n_samples.
  warnings.warn(
/home/ubuntu/nba/.venv/lib/python3.12/site-packages/sklearn/preprocessing/_data.py:2905: UserWarning: n_quantiles (1000) is greater than the total number of samples (549). n_quantiles is set to n_samples.
  warnings.warn(
/home/ubuntu/nba/.venv/lib/python3.12/site-packages/sklearn/preprocessing/_data.py:2905: UserWarning: n_quantiles (1000) is greater than the total number of samples (666). n_quantiles is set to n_samples.
  warnings.warn(
[20:45:38] gen98  die  WF +0.4487 gain -0.0000 folds 3/5  mut: icl_outlier=4.0/icl_n=32  (151s)
/home/ubuntu/nba/.venv/lib/python3.12/site-packages/sklearn/preprocessing/_data.py:2905: UserWarning: n_quantiles (1000) is greater than the total number of samples (310). n_quantiles is set to n_samples.
  warnings.warn(
/home/ubuntu/nba/.venv/lib/python3.12/site-packages/sklearn/preprocessing/_data.py:2905: UserWarning: n_quantiles (1000) is greater than the total number of samples (394). n_quantiles is set to n_samples.
  warnings.warn(
/home/ubuntu/nba/.venv/lib/python3.12/site-packages/sklearn/preprocessing/_data.py:2905: UserWarning: n_quantiles (1000) is greater than the total number of samples (460). n_quantiles is set to n_samples.
  warnings.warn(
/home/ubuntu/nba/.venv/lib/python3.12/site-packages/sklearn/preprocessing/_data.py:2905: UserWarning: n_quantiles (1000) is greater than the total number of samples (549). n_quantiles is set to n_samples.
  warnings.warn(
/home/ubuntu/nba/.venv/lib/python3.12/site-packages/sklearn/preprocessing/_data.py:2905: UserWarning: n_quantiles (1000) is greater than the total number of samples (666). n_quantiles is set to n_samples.
  warnings.warn(
[20:48:11] gen99  die  WF +0.4386 gain -0.0101 folds 2/5  mut: ridge_alpha=300.0/icl_n=32  (153s)
/home/ubuntu/nba/.venv/lib/python3.12/site-packages/sklearn/preprocessing/_data.py:2905: UserWarning: n_quantiles (1000) is greater than the total number of samples (310). n_quantiles is set to n_samples.
  warnings.warn(
/home/ubuntu/nba/.venv/lib/python3.12/site-packages/sklearn/preprocessing/_data.py:2905: UserWarning: n_quantiles (1000) is greater than the total number of samples (310). n_quantiles is set to n_samples.
  warnings.warn(
/home/ubuntu/nba/.venv/lib/python3.12/site-packages/sklearn/preprocessing/_data.py:2905: UserWarning: n_quantiles (1000) is greater than the total number of samples (310). n_quantiles is set to n_samples.
  warnings.warn(
/home/ubuntu/nba/.venv/lib/python3.12/site-packages/sklearn/preprocessing/_data.py:2905: UserWarning: n_quantiles (1000) is greater than the total number of samples (310). n_quantiles is set to n_samples.
  warnings.warn(
/home/ubuntu/nba/.venv/lib/python3.12/site-packages/sklearn/preprocessing/_data.py:2905: UserWarning: n_quantiles (1000) is greater than the total number of samples (310). n_quantiles is set to n_samples.
  warnings.warn(
/home/ubuntu/nba/.venv/lib/python3.12/site-packages/sklearn/preprocessing/_data.py:2905: UserWarning: n_quantiles (1000) is greater than the total number of samples (394). n_quantiles is set to n_samples.
  warnings.warn(
/home/ubuntu/nba/.venv/lib/python3.12/site-packages/sklearn/preprocessing/_data.py:2905: UserWarning: n_quantiles (1000) is greater than the total number of samples (394). n_quantiles is set to n_samples.
  warnings.warn(
/home/ubuntu/nba/.venv/lib/python3.12/site-packages/sklearn/preprocessing/_data.py:2905: UserWarning: n_quantiles (1000) is greater than the total number of samples (394). n_quantiles is set to n_samples.
  warnings.warn(
/home/ubuntu/nba/.venv/lib/python3.12/site-packages/sklearn/preprocessing/_data.py:2905: UserWarning: n_quantiles (1000) is greater than the total number of samples (394). n_quantiles is set to n_samples.
  warnings.warn(
/home/ubuntu/nba/.venv/lib/python3.12/site-packages/sklearn/preprocessing/_data.py:2905: UserWarning: n_quantiles (1000) is greater than the total number of samples (394). n_quantiles is set to n_samples.
  warnings.warn(
/home/ubuntu/nba/.venv/lib/python3.12/site-packages/sklearn/preprocessing/_data.py:2905: UserWarning: n_quantiles (1000) is greater than the total number of samples (460). n_quantiles is set to n_samples.
  warnings.warn(
/home/ubuntu/nba/.venv/lib/python3.12/site-packages/sklearn/preprocessing/_data.py:2905: UserWarning: n_quantiles (1000) is greater than the total number of samples (460). n_quantiles is set to n_samples.
  warnings.warn(
/home/ubuntu/nba/.venv/lib/python3.12/site-packages/sklearn/preprocessing/_data.py:2905: UserWarning: n_quantiles (1000) is greater than the total number of samples (460). n_quantiles is set to n_samples.
  warnings.warn(
/home/ubuntu/nba/.venv/lib/python3.12/site-packages/sklearn/preprocessing/_data.py:2905: UserWarning: n_quantiles (1000) is greater than the total number of samples (460). n_quantiles is set to n_samples.
  warnings.warn(
/home/ubuntu/nba/.venv/lib/python3.12/site-packages/sklearn/preprocessing/_data.py:2905: UserWarning: n_quantiles (1000) is greater than the total number of samples (460). n_quantiles is set to n_samples.
  warnings.warn(
/home/ubuntu/nba/.venv/lib/python3.12/site-packages/sklearn/preprocessing/_data.py:2905: UserWarning: n_quantiles (1000) is greater than the total number of samples (549). n_quantiles is set to n_samples.
  warnings.warn(
/home/ubuntu/nba/.venv/lib/python3.12/site-packages/sklearn/preprocessing/_data.py:2905: UserWarning: n_quantiles (1000) is greater than the total number of samples (549). n_quantiles is set to n_samples.
  warnings.warn(
/home/ubuntu/nba/.venv/lib/python3.12/site-packages/sklearn/preprocessing/_data.py:2905: UserWarning: n_quantiles (1000) is greater than the total number of samples (549). n_quantiles is set to n_samples.
  warnings.warn(
/home/ubuntu/nba/.venv/lib/python3.12/site-packages/sklearn/preprocessing/_data.py:2905: UserWarning: n_quantiles (1000) is greater than the total number of samples (549). n_quantiles is set to n_samples.
  warnings.warn(
/home/ubuntu/nba/.venv/lib/python3.12/site-packages/sklearn/preprocessing/_data.py:2905: UserWarning: n_quantiles (1000) is greater than the total number of samples (549). n_quantiles is set to n_samples.
  warnings.warn(
/home/ubuntu/nba/.venv/lib/python3.12/site-packages/sklearn/preprocessing/_data.py:2905: UserWarning: n_quantiles (1000) is greater than the total number of samples (666). n_quantiles is set to n_samples.
  warnings.warn(
/home/ubuntu/nba/.venv/lib/python3.12/site-packages/sklearn/preprocessing/_data.py:2905: UserWarning: n_quantiles (1000) is greater than the total number of samples (666). n_quantiles is set to n_samples.
  warnings.warn(
/home/ubuntu/nba/.venv/lib/python3.12/site-packages/sklearn/preprocessing/_data.py:2905: UserWarning: n_quantiles (1000) is greater than the total number of samples (666). n_quantiles is set to n_samples.
  warnings.warn(
/home/ubuntu/nba/.venv/lib/python3.12/site-packages/sklearn/preprocessing/_data.py:2905: UserWarning: n_quantiles (1000) is greater than the total number of samples (666). n_quantiles is set to n_samples.
  warnings.warn(
/home/ubuntu/nba/.venv/lib/python3.12/site-packages/sklearn/preprocessing/_data.py:2905: UserWarning: n_quantiles (1000) is greater than the total number of samples (666). n_quantiles is set to n_samples.
  warnings.warn(
[20:51:56] gen100 die  WF +0.4369 gain -0.0118 folds 2/5  mut: hz=1  (225s)
/home/ubuntu/nba/.venv/lib/python3.12/site-packages/sklearn/preprocessing/_data.py:2905: UserWarning: n_quantiles (1000) is greater than the total number of samples (310). n_quantiles is set to n_samples.
  warnings.warn(
/home/ubuntu/nba/.venv/lib/python3.12/site-packages/sklearn/preprocessing/_data.py:2905: UserWarning: n_quantiles (1000) is greater than the total number of samples (394). n_quantiles is set to n_samples.
  warnings.warn(
/home/ubuntu/nba/.venv/lib/python3.12/site-packages/sklearn/preprocessing/_data.py:2905: UserWarning: n_quantiles (1000) is greater than the total number of samples (460). n_quantiles is set to n_samples.
  warnings.warn(
/home/ubuntu/nba/.venv/lib/python3.12/site-packages/sklearn/preprocessing/_data.py:2905: UserWarning: n_quantiles (1000) is greater than the total number of samples (549). n_quantiles is set to n_samples.
  warnings.warn(
/home/ubuntu/nba/.venv/lib/python3.12/site-packages/sklearn/preprocessing/_data.py:2905: UserWarning: n_quantiles (1000) is greater than the total number of samples (666). n_quantiles is set to n_samples.
  warnings.warn(
   >> review_request.json written for the critic
/home/ubuntu/nba/.venv/lib/python3.12/site-packages/sklearn/preprocessing/_data.py:2905: UserWarning: n_quantiles (1000) is greater than the total number of samples (310). n_quantiles is set to n_samples.
  warnings.warn(
/home/ubuntu/nba/.venv/lib/python3.12/site-packages/sklearn/preprocessing/_data.py:2905: UserWarning: n_quantiles (1000) is greater than the total number of samples (394). n_quantiles is set to n_samples.
  warnings.warn(
/home/ubuntu/nba/.venv/lib/python3.12/site-packages/sklearn/preprocessing/_data.py:2905: UserWarning: n_quantiles (1000) is greater than the total number of samples (460). n_quantiles is set to n_samples.
  warnings.warn(
/home/ubuntu/nba/.venv/lib/python3.12/site-packages/sklearn/preprocessing/_data.py:2905: UserWarning: n_quantiles (1000) is greater than the total number of samples (549). n_quantiles is set to n_samples.
  warnings.warn(
/home/ubuntu/nba/.venv/lib/python3.12/site-packages/sklearn/preprocessing/_data.py:2905: UserWarning: n_quantiles (1000) is greater than the total number of samples (666). n_quantiles is set to n_samples.
  warnings.warn(
[20:55:30] gen101 die  WF +0.4252 gain -0.0235 folds 1/5  mut: icl_shuffle=random/icl_topk=100  (151s)
/home/ubuntu/nba/.venv/lib/python3.12/site-packages/sklearn/preprocessing/_data.py:2905: UserWarning: n_quantiles (1000) is greater than the total number of samples (310). n_quantiles is set to n_samples.
  warnings.warn(
/home/ubuntu/nba/.venv/lib/python3.12/site-packages/sklearn/preprocessing/_data.py:2905: UserWarning: n_quantiles (1000) is greater than the total number of samples (394). n_quantiles is set to n_samples.
  warnings.warn(
/home/ubuntu/nba/.venv/lib/python3.12/site-packages/sklearn/preprocessing/_data.py:2905: UserWarning: n_quantiles (1000) is greater than the total number of samples (460). n_quantiles is set to n_samples.
  warnings.warn(
/home/ubuntu/nba/.venv/lib/python3.12/site-packages/sklearn/preprocessing/_data.py:2905: UserWarning: n_quantiles (1000) is greater than the total number of samples (549). n_quantiles is set to n_samples.
  warnings.warn(
/home/ubuntu/nba/.venv/lib/python3.12/site-packages/sklearn/preprocessing/_data.py:2905: UserWarning: n_quantiles (1000) is greater than the total number of samples (666). n_quantiles is set to n_samples.
  warnings.warn(
[20:56:52] gen102 die  WF +0.4250 gain -0.0237 folds 1/5  mut: ridge=0  (82s)
/home/ubuntu/nba/.venv/lib/python3.12/site-packages/sklearn/preprocessing/_data.py:2905: UserWarning: n_quantiles (1000) is greater than the total number of samples (206). n_quantiles is set to n_samples.
  warnings.warn(
/home/ubuntu/nba/.venv/lib/python3.12/site-packages/sklearn/preprocessing/_data.py:2905: UserWarning: n_quantiles (1000) is greater than the total number of samples (207). n_quantiles is set to n_samples.
  warnings.warn(
/home/ubuntu/nba/.venv/lib/python3.12/site-packages/sklearn/preprocessing/_data.py:2905: UserWarning: n_quantiles (1000) is greater than the total number of samples (207). n_quantiles is set to n_samples.
  warnings.warn(
/home/ubuntu/nba/.venv/lib/python3.12/site-packages/sklearn/preprocessing/_data.py:2905: UserWarning: n_quantiles (1000) is greater than the total number of samples (310). n_quantiles is set to n_samples.
  warnings.warn(
/home/ubuntu/nba/.venv/lib/python3.12/site-packages/sklearn/preprocessing/_data.py:2905: UserWarning: n_quantiles (1000) is greater than the total number of samples (310). n_quantiles is set to n_samples.
  warnings.warn(
/home/ubuntu/nba/.venv/lib/python3.12/site-packages/sklearn/preprocessing/_data.py:2905: UserWarning: n_quantiles (1000) is greater than the total number of samples (262). n_quantiles is set to n_samples.
  warnings.warn(
/home/ubuntu/nba/.venv/lib/python3.12/site-packages/sklearn/preprocessing/_data.py:2905: UserWarning: n_quantiles (1000) is greater than the total number of samples (263). n_quantiles is set to n_samples.
  warnings.warn(
/home/ubuntu/nba/.venv/lib/python3.12/site-packages/sklearn/preprocessing/_data.py:2905: UserWarning: n_quantiles (1000) is greater than the total number of samples (263). n_quantiles is set to n_samples.
  warnings.warn(
/home/ubuntu/nba/.venv/lib/python3.12/site-packages/sklearn/preprocessing/_data.py:2905: UserWarning: n_quantiles (1000) is greater than the total number of samples (394). n_quantiles is set to n_samples.
  warnings.warn(
/home/ubuntu/nba/.venv/lib/python3.12/site-packages/sklearn/preprocessing/_data.py:2905: UserWarning: n_quantiles (1000) is greater than the total number of samples (394). n_quantiles is set to n_samples.
  warnings.warn(
/home/ubuntu/nba/.venv/lib/python3.12/site-packages/sklearn/preprocessing/_data.py:2905: UserWarning: n_quantiles (1000) is greater than the total number of samples (306). n_quantiles is set to n_samples.
  warnings.warn(
/home/ubuntu/nba/.venv/lib/python3.12/site-packages/sklearn/preprocessing/_data.py:2905: UserWarning: n_quantiles (1000) is greater than the total number of samples (307). n_quantiles is set to n_samples.
  warnings.warn(
/home/ubuntu/nba/.venv/lib/python3.12/site-packages/sklearn/preprocessing/_data.py:2905: UserWarning: n_quantiles (1000) is greater than the total number of samples (307). n_quantiles is set to n_samples.
  warnings.warn(
/home/ubuntu/nba/.venv/lib/python3.12/site-packages/sklearn/preprocessing/_data.py:2905: UserWarning: n_quantiles (1000) is greater than the total number of samples (460). n_quantiles is set to n_samples.
  warnings.warn(
/home/ubuntu/nba/.venv/lib/python3.12/site-packages/sklearn/preprocessing/_data.py:2905: UserWarning: n_quantiles (1000) is greater than the total number of samples (460). n_quantiles is set to n_samples.
  warnings.warn(
/home/ubuntu/nba/.venv/lib/python3.12/site-packages/sklearn/preprocessing/_data.py:2905: UserWarning: n_quantiles (1000) is greater than the total number of samples (366). n_quantiles is set to n_samples.
  warnings.warn(
/home/ubuntu/nba/.venv/lib/python3.12/site-packages/sklearn/preprocessing/_data.py:2905: UserWarning: n_quantiles (1000) is greater than the total number of samples (366). n_quantiles is set to n_samples.
  warnings.warn(
/home/ubuntu/nba/.venv/lib/python3.12/site-packages/sklearn/preprocessing/_data.py:2905: UserWarning: n_quantiles (1000) is greater than the total number of samples (366). n_quantiles is set to n_samples.
  warnings.warn(
/home/ubuntu/nba/.venv/lib/python3.12/site-packages/sklearn/preprocessing/_data.py:2905: UserWarning: n_quantiles (1000) is greater than the total number of samples (549). n_quantiles is set to n_samples.
  warnings.warn(
/home/ubuntu/nba/.venv/lib/python3.12/site-packages/sklearn/preprocessing/_data.py:2905: UserWarning: n_quantiles (1000) is greater than the total number of samples (549). n_quantiles is set to n_samples.
  warnings.warn(
/home/ubuntu/nba/.venv/lib/python3.12/site-packages/sklearn/preprocessing/_data.py:2905: UserWarning: n_quantiles (1000) is greater than the total number of samples (444). n_quantiles is set to n_samples.
  warnings.warn(
/home/ubuntu/nba/.venv/lib/python3.12/site-packages/sklearn/preprocessing/_data.py:2905: UserWarning: n_quantiles (1000) is greater than the total number of samples (444). n_quantiles is set to n_samples.
  warnings.warn(
/home/ubuntu/nba/.venv/lib/python3.12/site-packages/sklearn/preprocessing/_data.py:2905: UserWarning: n_quantiles (1000) is greater than the total number of samples (444). n_quantiles is set to n_samples.
  warnings.warn(
/home/ubuntu/nba/.venv/lib/python3.12/site-packages/sklearn/preprocessing/_data.py:2905: UserWarning: n_quantiles (1000) is greater than the total number of samples (666). n_quantiles is set to n_samples.
  warnings.warn(
/home/ubuntu/nba/.venv/lib/python3.12/site-packages/sklearn/preprocessing/_data.py:2905: UserWarning: n_quantiles (1000) is greater than the total number of samples (666). n_quantiles is set to n_samples.
  warnings.warn(
[20:59:45] gen103 die  WF +0.4487 gain +0.0000 folds 0/5  mut: resid=1  (173s)
   (critic suggestion) {'icl_n': 32, 'ridge_alpha': 1000.0}
/home/ubuntu/nba/.venv/lib/python3.12/site-packages/sklearn/preprocessing/_data.py:2905: UserWarning: n_quantiles (1000) is greater than the total number of samples (310). n_quantiles is set to n_samples.
  warnings.warn(
/home/ubuntu/nba/.venv/lib/python3.12/site-packages/sklearn/preprocessing/_data.py:2905: UserWarning: n_quantiles (1000) is greater than the total number of samples (394). n_quantiles is set to n_samples.
  warnings.warn(
/home/ubuntu/nba/.venv/lib/python3.12/site-packages/sklearn/preprocessing/_data.py:2905: UserWarning: n_quantiles (1000) is greater than the total number of samples (460). n_quantiles is set to n_samples.
  warnings.warn(
/home/ubuntu/nba/.venv/lib/python3.12/site-packages/sklearn/preprocessing/_data.py:2905: UserWarning: n_quantiles (1000) is greater than the total number of samples (549). n_quantiles is set to n_samples.
  warnings.warn(
/home/ubuntu/nba/.venv/lib/python3.12/site-packages/sklearn/preprocessing/_data.py:2905: UserWarning: n_quantiles (1000) is greater than the total number of samples (666). n_quantiles is set to n_samples.
  warnings.warn(
[21:02:15] gen104 die  WF +0.4312 gain -0.0176 folds 1/5  mut: ridge_alpha=1000.0/icl_n=32  (150s)
   (critic suggestion) {'icl_norm': 'default', 'icl_outlier': 4.0}
[21:04:49] gen105 die  WF +0.4252 gain -0.0235 folds 1/5  mut: icl_norm=default/icl_outlier=4.0  (154s)
   (critic suggestion) {'icl_n': 32, 'mono': 'off'}
/home/ubuntu/nba/.venv/lib/python3.12/site-packages/sklearn/preprocessing/_data.py:2905: UserWarning: n_quantiles (1000) is greater than the total number of samples (310). n_quantiles is set to n_samples.
  warnings.warn(
/home/ubuntu/nba/.venv/lib/python3.12/site-packages/sklearn/preprocessing/_data.py:2905: UserWarning: n_quantiles (1000) is greater than the total number of samples (394). n_quantiles is set to n_samples.
  warnings.warn(
/home/ubuntu/nba/.venv/lib/python3.12/site-packages/sklearn/preprocessing/_data.py:2905: UserWarning: n_quantiles (1000) is greater than the total number of samples (460). n_quantiles is set to n_samples.
  warnings.warn(
/home/ubuntu/nba/.venv/lib/python3.12/site-packages/sklearn/preprocessing/_data.py:2905: UserWarning: n_quantiles (1000) is greater than the total number of samples (549). n_quantiles is set to n_samples.
  warnings.warn(
/home/ubuntu/nba/.venv/lib/python3.12/site-packages/sklearn/preprocessing/_data.py:2905: UserWarning: n_quantiles (1000) is greater than the total number of samples (666). n_quantiles is set to n_samples.
  warnings.warn(
[21:07:21] gen106 die  WF +0.4431 gain -0.0056 folds 3/5  mut: icl_n=32  (152s)
   (critic suggestion) {'icl_norm': 'default'}
   (critic suggestion) {'ridge_alpha': 1000.0, 'mono': 'off'}
/home/ubuntu/nba/.venv/lib/python3.12/site-packages/sklearn/preprocessing/_data.py:2905: UserWarning: n_quantiles (1000) is greater than the total number of samples (310). n_quantiles is set to n_samples.
  warnings.warn(
/home/ubuntu/nba/.venv/lib/python3.12/site-packages/sklearn/preprocessing/_data.py:2905: UserWarning: n_quantiles (1000) is greater than the total number of samples (394). n_quantiles is set to n_samples.
  warnings.warn(
/home/ubuntu/nba/.venv/lib/python3.12/site-packages/sklearn/preprocessing/_data.py:2905: UserWarning: n_quantiles (1000) is greater than the total number of samples (460). n_quantiles is set to n_samples.
  warnings.warn(
/home/ubuntu/nba/.venv/lib/python3.12/site-packages/sklearn/preprocessing/_data.py:2905: UserWarning: n_quantiles (1000) is greater than the total number of samples (549). n_quantiles is set to n_samples.
  warnings.warn(
/home/ubuntu/nba/.venv/lib/python3.12/site-packages/sklearn/preprocessing/_data.py:2905: UserWarning: n_quantiles (1000) is greater than the total number of samples (666). n_quantiles is set to n_samples.
  warnings.warn(
[21:09:46] gen107 die  WF +0.4330 gain -0.0158 folds 0/5  mut: ridge_alpha=1000.0  (144s)
/home/ubuntu/nba/.venv/lib/python3.12/site-packages/sklearn/preprocessing/_data.py:2905: UserWarning: n_quantiles (1000) is greater than the total number of samples (310). n_quantiles is set to n_samples.
  warnings.warn(
/home/ubuntu/nba/.venv/lib/python3.12/site-packages/sklearn/preprocessing/_data.py:2905: UserWarning: n_quantiles (1000) is greater than the total number of samples (394). n_quantiles is set to n_samples.
  warnings.warn(
/home/ubuntu/nba/.venv/lib/python3.12/site-packages/sklearn/preprocessing/_data.py:2905: UserWarning: n_quantiles (1000) is greater than the total number of samples (460). n_quantiles is set to n_samples.
  warnings.warn(
/home/ubuntu/nba/.venv/lib/python3.12/site-packages/sklearn/preprocessing/_data.py:2905: UserWarning: n_quantiles (1000) is greater than the total number of samples (549). n_quantiles is set to n_samples.
  warnings.warn(
/home/ubuntu/nba/.venv/lib/python3.12/site-packages/sklearn/preprocessing/_data.py:2905: UserWarning: n_quantiles (1000) is greater than the total number of samples (666). n_quantiles is set to n_samples.
  warnings.warn(
[21:11:04] gen108 die  WF +0.4167 gain -0.0320 folds 0/5  mut: knn=0  (78s)
/home/ubuntu/nba/.venv/lib/python3.12/site-packages/sklearn/preprocessing/_data.py:2905: UserWarning: n_quantiles (1000) is greater than the total number of samples (215). n_quantiles is set to n_samples.
  warnings.warn(
/home/ubuntu/nba/.venv/lib/python3.12/site-packages/sklearn/preprocessing/_data.py:2905: UserWarning: n_quantiles (1000) is greater than the total number of samples (269). n_quantiles is set to n_samples.
  warnings.warn(
/home/ubuntu/nba/.venv/lib/python3.12/site-packages/sklearn/preprocessing/_data.py:2905: UserWarning: n_quantiles (1000) is greater than the total number of samples (313). n_quantiles is set to n_samples.
  warnings.warn(
/home/ubuntu/nba/.venv/lib/python3.12/site-packages/sklearn/preprocessing/_data.py:2905: UserWarning: n_quantiles (1000) is greater than the total number of samples (368). n_quantiles is set to n_samples.
  warnings.warn(
/home/ubuntu/nba/.venv/lib/python3.12/site-packages/sklearn/preprocessing/_data.py:2905: UserWarning: n_quantiles (1000) is greater than the total number of samples (425). n_quantiles is set to n_samples.
  warnings.warn(
[21:12:22] gen109 die  WF +0.4059 gain -0.0428 folds 0/5  mut: icl_ctx=drafted/ridge=0  (78s)
/home/ubuntu/nba/.venv/lib/python3.12/site-packages/sklearn/preprocessing/_data.py:2905: UserWarning: n_quantiles (1000) is greater than the total number of samples (310). n_quantiles is set to n_samples.
  warnings.warn(
/home/ubuntu/nba/.venv/lib/python3.12/site-packages/sklearn/preprocessing/_data.py:2905: UserWarning: n_quantiles (1000) is greater than the total number of samples (394). n_quantiles is set to n_samples.
  warnings.warn(
/home/ubuntu/nba/.venv/lib/python3.12/site-packages/sklearn/preprocessing/_data.py:2905: UserWarning: n_quantiles (1000) is greater than the total number of samples (460). n_quantiles is set to n_samples.
  warnings.warn(
/home/ubuntu/nba/.venv/lib/python3.12/site-packages/sklearn/preprocessing/_data.py:2905: UserWarning: n_quantiles (1000) is greater than the total number of samples (549). n_quantiles is set to n_samples.
  warnings.warn(
/home/ubuntu/nba/.venv/lib/python3.12/site-packages/sklearn/preprocessing/_data.py:2905: UserWarning: n_quantiles (1000) is greater than the total number of samples (666). n_quantiles is set to n_samples.
  warnings.warn(
[21:14:43] gen110 die  WF +0.4160 gain -0.0327 folds 1/5  mut: el=0  (141s)
/home/ubuntu/nba/.venv/lib/python3.12/site-packages/sklearn/preprocessing/_data.py:2905: UserWarning: n_quantiles (1000) is greater than the total number of samples (310). n_quantiles is set to n_samples.
  warnings.warn(
/home/ubuntu/nba/.venv/lib/python3.12/site-packages/sklearn/preprocessing/_data.py:2905: UserWarning: n_quantiles (1000) is greater than the total number of samples (394). n_quantiles is set to n_samples.
  warnings.warn(
/home/ubuntu/nba/.venv/lib/python3.12/site-packages/sklearn/preprocessing/_data.py:2905: UserWarning: n_quantiles (1000) is greater than the total number of samples (460). n_quantiles is set to n_samples.
  warnings.warn(
/home/ubuntu/nba/.venv/lib/python3.12/site-packages/sklearn/preprocessing/_data.py:2905: UserWarning: n_quantiles (1000) is greater than the total number of samples (549). n_quantiles is set to n_samples.
  warnings.warn(
/home/ubuntu/nba/.venv/lib/python3.12/site-packages/sklearn/preprocessing/_data.py:2905: UserWarning: n_quantiles (1000) is greater than the total number of samples (666). n_quantiles is set to n_samples.
  warnings.warn(
   >> review_request.json written for the critic
/home/ubuntu/nba/.venv/lib/python3.12/site-packages/sklearn/preprocessing/_data.py:2905: UserWarning: n_quantiles (1000) is greater than the total number of samples (310). n_quantiles is set to n_samples.
  warnings.warn(
/home/ubuntu/nba/.venv/lib/python3.12/site-packages/sklearn/preprocessing/_data.py:2905: UserWarning: n_quantiles (1000) is greater than the total number of samples (394). n_quantiles is set to n_samples.
  warnings.warn(
/home/ubuntu/nba/.venv/lib/python3.12/site-packages/sklearn/preprocessing/_data.py:2905: UserWarning: n_quantiles (1000) is greater than the total number of samples (460). n_quantiles is set to n_samples.
  warnings.warn(
/home/ubuntu/nba/.venv/lib/python3.12/site-packages/sklearn/preprocessing/_data.py:2905: UserWarning: n_quantiles (1000) is greater than the total number of samples (549). n_quantiles is set to n_samples.
  warnings.warn(
/home/ubuntu/nba/.venv/lib/python3.12/site-packages/sklearn/preprocessing/_data.py:2905: UserWarning: n_quantiles (1000) is greater than the total number of samples (666). n_quantiles is set to n_samples.
  warnings.warn(
[21:18:19] gen111 die  WF +0.4445 gain -0.0042 folds 1/5  mut: icl_outlier=8.0/risk=q25  (152s)
/home/ubuntu/nba/.venv/lib/python3.12/site-packages/sklearn/preprocessing/_data.py:2905: UserWarning: n_quantiles (1000) is greater than the total number of samples (310). n_quantiles is set to n_samples.
  warnings.warn(
/home/ubuntu/nba/.venv/lib/python3.12/site-packages/sklearn/preprocessing/_data.py:2905: UserWarning: n_quantiles (1000) is greater than the total number of samples (394). n_quantiles is set to n_samples.
  warnings.warn(
/home/ubuntu/nba/.venv/lib/python3.12/site-packages/sklearn/preprocessing/_data.py:2905: UserWarning: n_quantiles (1000) is greater than the total number of samples (460). n_quantiles is set to n_samples.
  warnings.warn(
/home/ubuntu/nba/.venv/lib/python3.12/site-packages/sklearn/preprocessing/_data.py:2905: UserWarning: n_quantiles (1000) is greater than the total number of samples (549). n_quantiles is set to n_samples.
  warnings.warn(
/home/ubuntu/nba/.venv/lib/python3.12/site-packages/sklearn/preprocessing/_data.py:2905: UserWarning: n_quantiles (1000) is greater than the total number of samples (666). n_quantiles is set to n_samples.
  warnings.warn(
[21:20:46] gen112 die  WF +0.4281 gain -0.0206 folds 0/5  mut: icl_shuffle=random/ridge_alpha=1000.0  (147s)
/home/ubuntu/nba/.venv/lib/python3.12/site-packages/sklearn/preprocessing/_data.py:2905: UserWarning: n_quantiles (1000) is greater than the total number of samples (310). n_quantiles is set to n_samples.
  warnings.warn(
/home/ubuntu/nba/.venv/lib/python3.12/site-packages/sklearn/preprocessing/_data.py:2905: UserWarning: n_quantiles (1000) is greater than the total number of samples (394). n_quantiles is set to n_samples.
  warnings.warn(
/home/ubuntu/nba/.venv/lib/python3.12/site-packages/sklearn/preprocessing/_data.py:2905: UserWarning: n_quantiles (1000) is greater than the total number of samples (460). n_quantiles is set to n_samples.
  warnings.warn(
/home/ubuntu/nba/.venv/lib/python3.12/site-packages/sklearn/preprocessing/_data.py:2905: UserWarning: n_quantiles (1000) is greater than the total number of samples (549). n_quantiles is set to n_samples.
  warnings.warn(
/home/ubuntu/nba/.venv/lib/python3.12/site-packages/sklearn/preprocessing/_data.py:2905: UserWarning: n_quantiles (1000) is greater than the total number of samples (666). n_quantiles is set to n_samples.
  warnings.warn(
[21:23:11] gen113 die  WF +0.4290 gain -0.0197 folds 1/5  mut: ridge_alpha=100.0/el=0  (145s)
   (critic suggestion) {'ridge_alpha': 300, 'icl_norm': 'power'}
[21:25:44] gen114 die  WF +0.4332 gain -0.0156 folds 2/5  mut: icl_norm=power/ridge_alpha=300  (153s)
   (critic suggestion) {'ridge_alpha': 1000, 'icl_norm': 'power'}
[21:28:17] gen115 die  WF +0.4228 gain -0.0259 folds 1/5  mut: icl_norm=power/ridge_alpha=1000  (153s)
   (critic suggestion) {'ridge_alpha': 300, 'icl_topk': 60}
/home/ubuntu/nba/.venv/lib/python3.12/site-packages/sklearn/preprocessing/_data.py:2905: UserWarning: n_quantiles (1000) is greater than the total number of samples (310). n_quantiles is set to n_samples.
  warnings.warn(
/home/ubuntu/nba/.venv/lib/python3.12/site-packages/sklearn/preprocessing/_data.py:2905: UserWarning: n_quantiles (1000) is greater than the total number of samples (394). n_quantiles is set to n_samples.
  warnings.warn(
/home/ubuntu/nba/.venv/lib/python3.12/site-packages/sklearn/preprocessing/_data.py:2905: UserWarning: n_quantiles (1000) is greater than the total number of samples (460). n_quantiles is set to n_samples.
  warnings.warn(
/home/ubuntu/nba/.venv/lib/python3.12/site-packages/sklearn/preprocessing/_data.py:2905: UserWarning: n_quantiles (1000) is greater than the total number of samples (549). n_quantiles is set to n_samples.
  warnings.warn(
/home/ubuntu/nba/.venv/lib/python3.12/site-packages/sklearn/preprocessing/_data.py:2905: UserWarning: n_quantiles (1000) is greater than the total number of samples (666). n_quantiles is set to n_samples.
  warnings.warn(
[21:30:44] gen116 die  WF +0.4302 gain -0.0185 folds 0/5  mut: ridge_alpha=300/icl_topk=60  (147s)
   (critic suggestion) {'icl_outlier': 4.0, 'icl_topk': 60}
/home/ubuntu/nba/.venv/lib/python3.12/site-packages/sklearn/preprocessing/_data.py:2905: UserWarning: n_quantiles (1000) is greater than the total number of samples (310). n_quantiles is set to n_samples.
  warnings.warn(
/home/ubuntu/nba/.venv/lib/python3.12/site-packages/sklearn/preprocessing/_data.py:2905: UserWarning: n_quantiles (1000) is greater than the total number of samples (394). n_quantiles is set to n_samples.
  warnings.warn(
/home/ubuntu/nba/.venv/lib/python3.12/site-packages/sklearn/preprocessing/_data.py:2905: UserWarning: n_quantiles (1000) is greater than the total number of samples (460). n_quantiles is set to n_samples.
  warnings.warn(
/home/ubuntu/nba/.venv/lib/python3.12/site-packages/sklearn/preprocessing/_data.py:2905: UserWarning: n_quantiles (1000) is greater than the total number of samples (549). n_quantiles is set to n_samples.
  warnings.warn(
/home/ubuntu/nba/.venv/lib/python3.12/site-packages/sklearn/preprocessing/_data.py:2905: UserWarning: n_quantiles (1000) is greater than the total number of samples (666). n_quantiles is set to n_samples.
  warnings.warn(
[21:33:10] gen117 die  WF +0.4195 gain -0.0292 folds 0/5  mut: icl_outlier=4.0/icl_topk=60  (147s)
   (critic suggestion) {'ixc': 1, 'M': 250}
/home/ubuntu/nba/.venv/lib/python3.12/site-packages/sklearn/preprocessing/_data.py:2905: UserWarning: n_quantiles (1000) is greater than the total number of samples (310). n_quantiles is set to n_samples.
  warnings.warn(
/home/ubuntu/nba/.venv/lib/python3.12/site-packages/sklearn/preprocessing/_data.py:2905: UserWarning: n_quantiles (1000) is greater than the total number of samples (394). n_quantiles is set to n_samples.
  warnings.warn(
/home/ubuntu/nba/.venv/lib/python3.12/site-packages/sklearn/preprocessing/_data.py:2905: UserWarning: n_quantiles (1000) is greater than the total number of samples (460). n_quantiles is set to n_samples.
  warnings.warn(
/home/ubuntu/nba/.venv/lib/python3.12/site-packages/sklearn/preprocessing/_data.py:2905: UserWarning: n_quantiles (1000) is greater than the total number of samples (549). n_quantiles is set to n_samples.
  warnings.warn(
/home/ubuntu/nba/.venv/lib/python3.12/site-packages/sklearn/preprocessing/_data.py:2905: UserWarning: n_quantiles (1000) is greater than the total number of samples (666). n_quantiles is set to n_samples.
  warnings.warn(
[21:35:52] gen118 die  WF +0.4482 gain -0.0006 folds 4/5  mut: ixc=1  (162s)
/home/ubuntu/nba/.venv/lib/python3.12/site-packages/sklearn/preprocessing/_data.py:2905: UserWarning: n_quantiles (1000) is greater than the total number of samples (310). n_quantiles is set to n_samples.
  warnings.warn(
/home/ubuntu/nba/.venv/lib/python3.12/site-packages/sklearn/preprocessing/_data.py:2905: UserWarning: n_quantiles (1000) is greater than the total number of samples (310). n_quantiles is set to n_samples.
  warnings.warn(
/home/ubuntu/nba/.venv/lib/python3.12/site-packages/sklearn/preprocessing/_data.py:2905: UserWarning: n_quantiles (1000) is greater than the total number of samples (310). n_quantiles is set to n_samples.
  warnings.warn(
/home/ubuntu/nba/.venv/lib/python3.12/site-packages/sklearn/preprocessing/_data.py:2905: UserWarning: n_quantiles (1000) is greater than the total number of samples (310). n_quantiles is set to n_samples.
  warnings.warn(
/home/ubuntu/nba/.venv/lib/python3.12/site-packages/sklearn/preprocessing/_data.py:2905: UserWarning: n_quantiles (1000) is greater than the total number of samples (310). n_quantiles is set to n_samples.
  warnings.warn(
/home/ubuntu/nba/.venv/lib/python3.12/site-packages/sklearn/preprocessing/_data.py:2905: UserWarning: n_quantiles (1000) is greater than the total number of samples (394). n_quantiles is set to n_samples.
  warnings.warn(
/home/ubuntu/nba/.venv/lib/python3.12/site-packages/sklearn/preprocessing/_data.py:2905: UserWarning: n_quantiles (1000) is greater than the total number of samples (394). n_quantiles is set to n_samples.
  warnings.warn(
/home/ubuntu/nba/.venv/lib/python3.12/site-packages/sklearn/preprocessing/_data.py:2905: UserWarning: n_quantiles (1000) is greater than the total number of samples (394). n_quantiles is set to n_samples.
  warnings.warn(
/home/ubuntu/nba/.venv/lib/python3.12/site-packages/sklearn/preprocessing/_data.py:2905: UserWarning: n_quantiles (1000) is greater than the total number of samples (394). n_quantiles is set to n_samples.
  warnings.warn(
/home/ubuntu/nba/.venv/lib/python3.12/site-packages/sklearn/preprocessing/_data.py:2905: UserWarning: n_quantiles (1000) is greater than the total number of samples (394). n_quantiles is set to n_samples.
  warnings.warn(
/home/ubuntu/nba/.venv/lib/python3.12/site-packages/sklearn/preprocessing/_data.py:2905: UserWarning: n_quantiles (1000) is greater than the total number of samples (460). n_quantiles is set to n_samples.
  warnings.warn(
/home/ubuntu/nba/.venv/lib/python3.12/site-packages/sklearn/preprocessing/_data.py:2905: UserWarning: n_quantiles (1000) is greater than the total number of samples (460). n_quantiles is set to n_samples.
  warnings.warn(
/home/ubuntu/nba/.venv/lib/python3.12/site-packages/sklearn/preprocessing/_data.py:2905: UserWarning: n_quantiles (1000) is greater than the total number of samples (460). n_quantiles is set to n_samples.
  warnings.warn(
/home/ubuntu/nba/.venv/lib/python3.12/site-packages/sklearn/preprocessing/_data.py:2905: UserWarning: n_quantiles (1000) is greater than the total number of samples (460). n_quantiles is set to n_samples.
  warnings.warn(
/home/ubuntu/nba/.venv/lib/python3.12/site-packages/sklearn/preprocessing/_data.py:2905: UserWarning: n_quantiles (1000) is greater than the total number of samples (460). n_quantiles is set to n_samples.
  warnings.warn(
/home/ubuntu/nba/.venv/lib/python3.12/site-packages/sklearn/preprocessing/_data.py:2905: UserWarning: n_quantiles (1000) is greater than the total number of samples (549). n_quantiles is set to n_samples.
  warnings.warn(
/home/ubuntu/nba/.venv/lib/python3.12/site-packages/sklearn/preprocessing/_data.py:2905: UserWarning: n_quantiles (1000) is greater than the total number of samples (549). n_quantiles is set to n_samples.
  warnings.warn(
/home/ubuntu/nba/.venv/lib/python3.12/site-packages/sklearn/preprocessing/_data.py:2905: UserWarning: n_quantiles (1000) is greater than the total number of samples (549). n_quantiles is set to n_samples.
  warnings.warn(
/home/ubuntu/nba/.venv/lib/python3.12/site-packages/sklearn/preprocessing/_data.py:2905: UserWarning: n_quantiles (1000) is greater than the total number of samples (549). n_quantiles is set to n_samples.
  warnings.warn(
/home/ubuntu/nba/.venv/lib/python3.12/site-packages/sklearn/preprocessing/_data.py:2905: UserWarning: n_quantiles (1000) is greater than the total number of samples (549). n_quantiles is set to n_samples.
  warnings.warn(
/home/ubuntu/nba/.venv/lib/python3.12/site-packages/sklearn/preprocessing/_data.py:2905: UserWarning: n_quantiles (1000) is greater than the total number of samples (666). n_quantiles is set to n_samples.
  warnings.warn(
/home/ubuntu/nba/.venv/lib/python3.12/site-packages/sklearn/preprocessing/_data.py:2905: UserWarning: n_quantiles (1000) is greater than the total number of samples (666). n_quantiles is set to n_samples.
  warnings.warn(
/home/ubuntu/nba/.venv/lib/python3.12/site-packages/sklearn/preprocessing/_data.py:2905: UserWarning: n_quantiles (1000) is greater than the total number of samples (666). n_quantiles is set to n_samples.
  warnings.warn(
/home/ubuntu/nba/.venv/lib/python3.12/site-packages/sklearn/preprocessing/_data.py:2905: UserWarning: n_quantiles (1000) is greater than the total number of samples (666). n_quantiles is set to n_samples.
  warnings.warn(
/home/ubuntu/nba/.venv/lib/python3.12/site-packages/sklearn/preprocessing/_data.py:2905: UserWarning: n_quantiles (1000) is greater than the total number of samples (666). n_quantiles is set to n_samples.
  warnings.warn(
[21:42:09] gen119 die  WF +0.4216 gain -0.0272 folds 0/5  mut: pss=1  (377s)
[21:45:33] gen120 die  WF +0.4322 gain -0.0166 folds 2/5  mut: icl_norm=none/labelmix=mix2  (204s)
/home/ubuntu/nba/.venv/lib/python3.12/site-packages/sklearn/preprocessing/_data.py:2905: UserWarning: n_quantiles (1000) is greater than the total number of samples (310). n_quantiles is set to n_samples.
  warnings.warn(
/home/ubuntu/nba/.venv/lib/python3.12/site-packages/sklearn/preprocessing/_data.py:2905: UserWarning: n_quantiles (1000) is greater than the total number of samples (394). n_quantiles is set to n_samples.
  warnings.warn(
/home/ubuntu/nba/.venv/lib/python3.12/site-packages/sklearn/preprocessing/_data.py:2905: UserWarning: n_quantiles (1000) is greater than the total number of samples (460). n_quantiles is set to n_samples.
  warnings.warn(
/home/ubuntu/nba/.venv/lib/python3.12/site-packages/sklearn/preprocessing/_data.py:2905: UserWarning: n_quantiles (1000) is greater than the total number of samples (549). n_quantiles is set to n_samples.
  warnings.warn(
/home/ubuntu/nba/.venv/lib/python3.12/site-packages/sklearn/preprocessing/_data.py:2905: UserWarning: n_quantiles (1000) is greater than the total number of samples (666). n_quantiles is set to n_samples.
  warnings.warn(
   >> review_request.json written for the critic
/home/ubuntu/nba/.venv/lib/python3.12/site-packages/sklearn/preprocessing/_data.py:2905: UserWarning: n_quantiles (1000) is greater than the total number of samples (310). n_quantiles is set to n_samples.
  warnings.warn(
/home/ubuntu/nba/.venv/lib/python3.12/site-packages/sklearn/preprocessing/_data.py:2905: UserWarning: n_quantiles (1000) is greater than the total number of samples (394). n_quantiles is set to n_samples.
  warnings.warn(
/home/ubuntu/nba/.venv/lib/python3.12/site-packages/sklearn/preprocessing/_data.py:2905: UserWarning: n_quantiles (1000) is greater than the total number of samples (460). n_quantiles is set to n_samples.
  warnings.warn(
/home/ubuntu/nba/.venv/lib/python3.12/site-packages/sklearn/preprocessing/_data.py:2905: UserWarning: n_quantiles (1000) is greater than the total number of samples (549). n_quantiles is set to n_samples.
  warnings.warn(
/home/ubuntu/nba/.venv/lib/python3.12/site-packages/sklearn/preprocessing/_data.py:2905: UserWarning: n_quantiles (1000) is greater than the total number of samples (666). n_quantiles is set to n_samples.
  warnings.warn(
[21:49:03] gen121 die  WF +0.4420 gain -0.0067 folds 2/5  mut: icl_shuffle=random  (147s)
[21:51:36] gen122 die  WF +0.4328 gain -0.0159 folds 2/5  mut: icl_norm=default/icl_shuffle=random  (152s)
/home/ubuntu/nba/.venv/lib/python3.12/site-packages/sklearn/preprocessing/_data.py:2905: UserWarning: n_quantiles (1000) is greater than the total number of samples (310). n_quantiles is set to n_samples.
  warnings.warn(
/home/ubuntu/nba/.venv/lib/python3.12/site-packages/sklearn/preprocessing/_data.py:2905: UserWarning: n_quantiles (1000) is greater than the total number of samples (394). n_quantiles is set to n_samples.
  warnings.warn(
/home/ubuntu/nba/.venv/lib/python3.12/site-packages/sklearn/preprocessing/_data.py:2905: UserWarning: n_quantiles (1000) is greater than the total number of samples (460). n_quantiles is set to n_samples.
  warnings.warn(
/home/ubuntu/nba/.venv/lib/python3.12/site-packages/sklearn/preprocessing/_data.py:2905: UserWarning: n_quantiles (1000) is greater than the total number of samples (549). n_quantiles is set to n_samples.
  warnings.warn(
/home/ubuntu/nba/.venv/lib/python3.12/site-packages/sklearn/preprocessing/_data.py:2905: UserWarning: n_quantiles (1000) is greater than the total number of samples (666). n_quantiles is set to n_samples.
  warnings.warn(
[21:53:56] gen123 die  WF +0.4002 gain -0.0485 folds 1/5  mut: fx=base/thin=strong  (140s)
   (critic suggestion) {'M': 250.0, 'ridge_alpha': 300.0}
/home/ubuntu/nba/.venv/lib/python3.12/site-packages/sklearn/preprocessing/_data.py:2905: UserWarning: n_quantiles (1000) is greater than the total number of samples (310). n_quantiles is set to n_samples.
  warnings.warn(
/home/ubuntu/nba/.venv/lib/python3.12/site-packages/sklearn/preprocessing/_data.py:2905: UserWarning: n_quantiles (1000) is greater than the total number of samples (394). n_quantiles is set to n_samples.
  warnings.warn(
/home/ubuntu/nba/.venv/lib/python3.12/site-packages/sklearn/preprocessing/_data.py:2905: UserWarning: n_quantiles (1000) is greater than the total number of samples (460). n_quantiles is set to n_samples.
  warnings.warn(
/home/ubuntu/nba/.venv/lib/python3.12/site-packages/sklearn/preprocessing/_data.py:2905: UserWarning: n_quantiles (1000) is greater than the total number of samples (549). n_quantiles is set to n_samples.
  warnings.warn(
/home/ubuntu/nba/.venv/lib/python3.12/site-packages/sklearn/preprocessing/_data.py:2905: UserWarning: n_quantiles (1000) is greater than the total number of samples (666). n_quantiles is set to n_samples.
  warnings.warn(
[21:56:22] gen124 die  WF +0.4415 gain -0.0072 folds 2/5  mut: ridge_alpha=300.0  (146s)
   (critic suggestion) {'M': 250.0, 'ridge_alpha': 1000.0}
/home/ubuntu/nba/.venv/lib/python3.12/site-packages/sklearn/preprocessing/_data.py:2905: UserWarning: n_quantiles (1000) is greater than the total number of samples (310). n_quantiles is set to n_samples.
  warnings.warn(
/home/ubuntu/nba/.venv/lib/python3.12/site-packages/sklearn/preprocessing/_data.py:2905: UserWarning: n_quantiles (1000) is greater than the total number of samples (394). n_quantiles is set to n_samples.
  warnings.warn(
/home/ubuntu/nba/.venv/lib/python3.12/site-packages/sklearn/preprocessing/_data.py:2905: UserWarning: n_quantiles (1000) is greater than the total number of samples (460). n_quantiles is set to n_samples.
  warnings.warn(
/home/ubuntu/nba/.venv/lib/python3.12/site-packages/sklearn/preprocessing/_data.py:2905: UserWarning: n_quantiles (1000) is greater than the total number of samples (549). n_quantiles is set to n_samples.
  warnings.warn(
/home/ubuntu/nba/.venv/lib/python3.12/site-packages/sklearn/preprocessing/_data.py:2905: UserWarning: n_quantiles (1000) is greater than the total number of samples (666). n_quantiles is set to n_samples.
  warnings.warn(
[21:58:46] gen125 die  WF +0.4306 gain -0.0182 folds 1/5  mut: ridge_alpha=1000.0  (144s)
   (critic suggestion) {'M': 250.0, 'ixc': 1}
   (critic suggestion) {'M': 250.0, 'icl_outlier': 4.0}
   (critic suggestion) {'M': 250.0, 'icl_norm': 'power'}
[22:01:18] gen126 die  WF +0.4273 gain -0.0214 folds 1/5  mut: icl_norm=power  (152s)
/home/ubuntu/nba/.venv/lib/python3.12/site-packages/sklearn/preprocessing/_data.py:2905: UserWarning: n_quantiles (1000) is greater than the total number of samples (310). n_quantiles is set to n_samples.
  warnings.warn(
/home/ubuntu/nba/.venv/lib/python3.12/site-packages/sklearn/preprocessing/_data.py:2905: UserWarning: n_quantiles (1000) is greater than the total number of samples (310). n_quantiles is set to n_samples.
  warnings.warn(
/home/ubuntu/nba/.venv/lib/python3.12/site-packages/sklearn/preprocessing/_data.py:2905: UserWarning: n_quantiles (1000) is greater than the total number of samples (310). n_quantiles is set to n_samples.
  warnings.warn(
/home/ubuntu/nba/.venv/lib/python3.12/site-packages/sklearn/preprocessing/_data.py:2905: UserWarning: n_quantiles (1000) is greater than the total number of samples (310). n_quantiles is set to n_samples.
  warnings.warn(
/home/ubuntu/nba/.venv/lib/python3.12/site-packages/sklearn/preprocessing/_data.py:2905: UserWarning: n_quantiles (1000) is greater than the total number of samples (310). n_quantiles is set to n_samples.
  warnings.warn(
/home/ubuntu/nba/.venv/lib/python3.12/site-packages/sklearn/preprocessing/_data.py:2905: UserWarning: n_quantiles (1000) is greater than the total number of samples (394). n_quantiles is set to n_samples.
  warnings.warn(
/home/ubuntu/nba/.venv/lib/python3.12/site-packages/sklearn/preprocessing/_data.py:2905: UserWarning: n_quantiles (1000) is greater than the total number of samples (394). n_quantiles is set to n_samples.
  warnings.warn(
/home/ubuntu/nba/.venv/lib/python3.12/site-packages/sklearn/preprocessing/_data.py:2905: UserWarning: n_quantiles (1000) is greater than the total number of samples (394). n_quantiles is set to n_samples.
  warnings.warn(
/home/ubuntu/nba/.venv/lib/python3.12/site-packages/sklearn/preprocessing/_data.py:2905: UserWarning: n_quantiles (1000) is greater than the total number of samples (394). n_quantiles is set to n_samples.
  warnings.warn(
/home/ubuntu/nba/.venv/lib/python3.12/site-packages/sklearn/preprocessing/_data.py:2905: UserWarning: n_quantiles (1000) is greater than the total number of samples (394). n_quantiles is set to n_samples.
  warnings.warn(
/home/ubuntu/nba/.venv/lib/python3.12/site-packages/sklearn/preprocessing/_data.py:2905: UserWarning: n_quantiles (1000) is greater than the total number of samples (460). n_quantiles is set to n_samples.
  warnings.warn(
/home/ubuntu/nba/.venv/lib/python3.12/site-packages/sklearn/preprocessing/_data.py:2905: UserWarning: n_quantiles (1000) is greater than the total number of samples (460). n_quantiles is set to n_samples.
  warnings.warn(
/home/ubuntu/nba/.venv/lib/python3.12/site-packages/sklearn/preprocessing/_data.py:2905: UserWarning: n_quantiles (1000) is greater than the total number of samples (460). n_quantiles is set to n_samples.
  warnings.warn(
/home/ubuntu/nba/.venv/lib/python3.12/site-packages/sklearn/preprocessing/_data.py:2905: UserWarning: n_quantiles (1000) is greater than the total number of samples (460). n_quantiles is set to n_samples.
  warnings.warn(
/home/ubuntu/nba/.venv/lib/python3.12/site-packages/sklearn/preprocessing/_data.py:2905: UserWarning: n_quantiles (1000) is greater than the total number of samples (460). n_quantiles is set to n_samples.
  warnings.warn(
/home/ubuntu/nba/.venv/lib/python3.12/site-packages/sklearn/preprocessing/_data.py:2905: UserWarning: n_quantiles (1000) is greater than the total number of samples (549). n_quantiles is set to n_samples.
  warnings.warn(
/home/ubuntu/nba/.venv/lib/python3.12/site-packages/sklearn/preprocessing/_data.py:2905: UserWarning: n_quantiles (1000) is greater than the total number of samples (549). n_quantiles is set to n_samples.
  warnings.warn(
/home/ubuntu/nba/.venv/lib/python3.12/site-packages/sklearn/preprocessing/_data.py:2905: UserWarning: n_quantiles (1000) is greater than the total number of samples (549). n_quantiles is set to n_samples.
  warnings.warn(
/home/ubuntu/nba/.venv/lib/python3.12/site-packages/sklearn/preprocessing/_data.py:2905: UserWarning: n_quantiles (1000) is greater than the total number of samples (549). n_quantiles is set to n_samples.
  warnings.warn(
/home/ubuntu/nba/.venv/lib/python3.12/site-packages/sklearn/preprocessing/_data.py:2905: UserWarning: n_quantiles (1000) is greater than the total number of samples (549). n_quantiles is set to n_samples.
  warnings.warn(
/home/ubuntu/nba/.venv/lib/python3.12/site-packages/sklearn/preprocessing/_data.py:2905: UserWarning: n_quantiles (1000) is greater than the total number of samples (666). n_quantiles is set to n_samples.
  warnings.warn(
/home/ubuntu/nba/.venv/lib/python3.12/site-packages/sklearn/preprocessing/_data.py:2905: UserWarning: n_quantiles (1000) is greater than the total number of samples (666). n_quantiles is set to n_samples.
  warnings.warn(
/home/ubuntu/nba/.venv/lib/python3.12/site-packages/sklearn/preprocessing/_data.py:2905: UserWarning: n_quantiles (1000) is greater than the total number of samples (666). n_quantiles is set to n_samples.
  warnings.warn(
/home/ubuntu/nba/.venv/lib/python3.12/site-packages/sklearn/preprocessing/_data.py:2905: UserWarning: n_quantiles (1000) is greater than the total number of samples (666). n_quantiles is set to n_samples.
  warnings.warn(
/home/ubuntu/nba/.venv/lib/python3.12/site-packages/sklearn/preprocessing/_data.py:2905: UserWarning: n_quantiles (1000) is greater than the total number of samples (666). n_quantiles is set to n_samples.
  warnings.warn(
[22:07:35] gen127 die  WF +0.4200 gain -0.0287 folds 1/5  mut: pss=1  (378s)
/home/ubuntu/nba/.venv/lib/python3.12/site-packages/sklearn/preprocessing/_data.py:2905: UserWarning: n_quantiles (1000) is greater than the total number of samples (310). n_quantiles is set to n_samples.
  warnings.warn(
/home/ubuntu/nba/.venv/lib/python3.12/site-packages/sklearn/preprocessing/_data.py:2905: UserWarning: n_quantiles (1000) is greater than the total number of samples (310). n_quantiles is set to n_samples.
  warnings.warn(
/home/ubuntu/nba/.venv/lib/python3.12/site-packages/sklearn/preprocessing/_data.py:2905: UserWarning: n_quantiles (1000) is greater than the total number of samples (310). n_quantiles is set to n_samples.
  warnings.warn(
/home/ubuntu/nba/.venv/lib/python3.12/site-packages/sklearn/preprocessing/_data.py:2905: UserWarning: n_quantiles (1000) is greater than the total number of samples (310). n_quantiles is set to n_samples.
  warnings.warn(
/home/ubuntu/nba/.venv/lib/python3.12/site-packages/sklearn/preprocessing/_data.py:2905: UserWarning: n_quantiles (1000) is greater than the total number of samples (310). n_quantiles is set to n_samples.
  warnings.warn(
/home/ubuntu/nba/.venv/lib/python3.12/site-packages/sklearn/preprocessing/_data.py:2905: UserWarning: n_quantiles (1000) is greater than the total number of samples (394). n_quantiles is set to n_samples.
  warnings.warn(
/home/ubuntu/nba/.venv/lib/python3.12/site-packages/sklearn/preprocessing/_data.py:2905: UserWarning: n_quantiles (1000) is greater than the total number of samples (394). n_quantiles is set to n_samples.
  warnings.warn(
/home/ubuntu/nba/.venv/lib/python3.12/site-packages/sklearn/preprocessing/_data.py:2905: UserWarning: n_quantiles (1000) is greater than the total number of samples (394). n_quantiles is set to n_samples.
  warnings.warn(
/home/ubuntu/nba/.venv/lib/python3.12/site-packages/sklearn/preprocessing/_data.py:2905: UserWarning: n_quantiles (1000) is greater than the total number of samples (394). n_quantiles is set to n_samples.
  warnings.warn(
/home/ubuntu/nba/.venv/lib/python3.12/site-packages/sklearn/preprocessing/_data.py:2905: UserWarning: n_quantiles (1000) is greater than the total number of samples (394). n_quantiles is set to n_samples.
  warnings.warn(
/home/ubuntu/nba/.venv/lib/python3.12/site-packages/sklearn/preprocessing/_data.py:2905: UserWarning: n_quantiles (1000) is greater than the total number of samples (460). n_quantiles is set to n_samples.
  warnings.warn(
/home/ubuntu/nba/.venv/lib/python3.12/site-packages/sklearn/preprocessing/_data.py:2905: UserWarning: n_quantiles (1000) is greater than the total number of samples (460). n_quantiles is set to n_samples.
  warnings.warn(
/home/ubuntu/nba/.venv/lib/python3.12/site-packages/sklearn/preprocessing/_data.py:2905: UserWarning: n_quantiles (1000) is greater than the total number of samples (460). n_quantiles is set to n_samples.
  warnings.warn(
/home/ubuntu/nba/.venv/lib/python3.12/site-packages/sklearn/preprocessing/_data.py:2905: UserWarning: n_quantiles (1000) is greater than the total number of samples (460). n_quantiles is set to n_samples.
  warnings.warn(
/home/ubuntu/nba/.venv/lib/python3.12/site-packages/sklearn/preprocessing/_data.py:2905: UserWarning: n_quantiles (1000) is greater than the total number of samples (460). n_quantiles is set to n_samples.
  warnings.warn(
/home/ubuntu/nba/.venv/lib/python3.12/site-packages/sklearn/preprocessing/_data.py:2905: UserWarning: n_quantiles (1000) is greater than the total number of samples (549). n_quantiles is set to n_samples.
  warnings.warn(
/home/ubuntu/nba/.venv/lib/python3.12/site-packages/sklearn/preprocessing/_data.py:2905: UserWarning: n_quantiles (1000) is greater than the total number of samples (549). n_quantiles is set to n_samples.
  warnings.warn(
/home/ubuntu/nba/.venv/lib/python3.12/site-packages/sklearn/preprocessing/_data.py:2905: UserWarning: n_quantiles (1000) is greater than the total number of samples (549). n_quantiles is set to n_samples.
  warnings.warn(
/home/ubuntu/nba/.venv/lib/python3.12/site-packages/sklearn/preprocessing/_data.py:2905: UserWarning: n_quantiles (1000) is greater than the total number of samples (549). n_quantiles is set to n_samples.
  warnings.warn(
/home/ubuntu/nba/.venv/lib/python3.12/site-packages/sklearn/preprocessing/_data.py:2905: UserWarning: n_quantiles (1000) is greater than the total number of samples (549). n_quantiles is set to n_samples.
  warnings.warn(
/home/ubuntu/nba/.venv/lib/python3.12/site-packages/sklearn/preprocessing/_data.py:2905: UserWarning: n_quantiles (1000) is greater than the total number of samples (666). n_quantiles is set to n_samples.
  warnings.warn(
/home/ubuntu/nba/.venv/lib/python3.12/site-packages/sklearn/preprocessing/_data.py:2905: UserWarning: n_quantiles (1000) is greater than the total number of samples (666). n_quantiles is set to n_samples.
  warnings.warn(
/home/ubuntu/nba/.venv/lib/python3.12/site-packages/sklearn/preprocessing/_data.py:2905: UserWarning: n_quantiles (1000) is greater than the total number of samples (666). n_quantiles is set to n_samples.
  warnings.warn(
/home/ubuntu/nba/.venv/lib/python3.12/site-packages/sklearn/preprocessing/_data.py:2905: UserWarning: n_quantiles (1000) is greater than the total number of samples (666). n_quantiles is set to n_samples.
  warnings.warn(
/home/ubuntu/nba/.venv/lib/python3.12/site-packages/sklearn/preprocessing/_data.py:2905: UserWarning: n_quantiles (1000) is greater than the total number of samples (666). n_quantiles is set to n_samples.
  warnings.warn(
[22:12:49] gen128 die  WF +0.4259 gain -0.0228 folds 2/5  mut: hz=1/covw=0  (314s)
/home/ubuntu/nba/.venv/lib/python3.12/site-packages/sklearn/preprocessing/_data.py:2905: UserWarning: n_quantiles (1000) is greater than the total number of samples (310). n_quantiles is set to n_samples.
  warnings.warn(
/home/ubuntu/nba/.venv/lib/python3.12/site-packages/sklearn/preprocessing/_data.py:2905: UserWarning: n_quantiles (1000) is greater than the total number of samples (394). n_quantiles is set to n_samples.
  warnings.warn(
/home/ubuntu/nba/.venv/lib/python3.12/site-packages/sklearn/preprocessing/_data.py:2905: UserWarning: n_quantiles (1000) is greater than the total number of samples (460). n_quantiles is set to n_samples.
  warnings.warn(
/home/ubuntu/nba/.venv/lib/python3.12/site-packages/sklearn/preprocessing/_data.py:2905: UserWarning: n_quantiles (1000) is greater than the total number of samples (549). n_quantiles is set to n_samples.
  warnings.warn(
/home/ubuntu/nba/.venv/lib/python3.12/site-packages/sklearn/preprocessing/_data.py:2905: UserWarning: n_quantiles (1000) is greater than the total number of samples (666). n_quantiles is set to n_samples.
  warnings.warn(
[22:15:11] gen129 die  WF +0.4197 gain -0.0290 folds 1/5  mut: icl_n=32  (142s)
/home/ubuntu/nba/.venv/lib/python3.12/site-packages/sklearn/preprocessing/_data.py:2905: UserWarning: n_quantiles (1000) is greater than the total number of samples (310). n_quantiles is set to n_samples.
  warnings.warn(
/home/ubuntu/nba/.venv/lib/python3.12/site-packages/sklearn/preprocessing/_data.py:2905: UserWarning: n_quantiles (1000) is greater than the total number of samples (394). n_quantiles is set to n_samples.
  warnings.warn(
/home/ubuntu/nba/.venv/lib/python3.12/site-packages/sklearn/preprocessing/_data.py:2905: UserWarning: n_quantiles (1000) is greater than the total number of samples (460). n_quantiles is set to n_samples.
  warnings.warn(
/home/ubuntu/nba/.venv/lib/python3.12/site-packages/sklearn/preprocessing/_data.py:2905: UserWarning: n_quantiles (1000) is greater than the total number of samples (549). n_quantiles is set to n_samples.
  warnings.warn(
/home/ubuntu/nba/.venv/lib/python3.12/site-packages/sklearn/preprocessing/_data.py:2905: UserWarning: n_quantiles (1000) is greater than the total number of samples (666). n_quantiles is set to n_samples.
  warnings.warn(
[22:17:42] gen130 die  WF +0.4496 gain +0.0009 folds 3/5  mut: icl_outlier=4.0  (151s)
/home/ubuntu/nba/.venv/lib/python3.12/site-packages/sklearn/preprocessing/_data.py:2905: UserWarning: n_quantiles (1000) is greater than the total number of samples (310). n_quantiles is set to n_samples.
  warnings.warn(
/home/ubuntu/nba/.venv/lib/python3.12/site-packages/sklearn/preprocessing/_data.py:2905: UserWarning: n_quantiles (1000) is greater than the total number of samples (394). n_quantiles is set to n_samples.
  warnings.warn(
/home/ubuntu/nba/.venv/lib/python3.12/site-packages/sklearn/preprocessing/_data.py:2905: UserWarning: n_quantiles (1000) is greater than the total number of samples (460). n_quantiles is set to n_samples.
  warnings.warn(
/home/ubuntu/nba/.venv/lib/python3.12/site-packages/sklearn/preprocessing/_data.py:2905: UserWarning: n_quantiles (1000) is greater than the total number of samples (549). n_quantiles is set to n_samples.
  warnings.warn(
/home/ubuntu/nba/.venv/lib/python3.12/site-packages/sklearn/preprocessing/_data.py:2905: UserWarning: n_quantiles (1000) is greater than the total number of samples (666). n_quantiles is set to n_samples.
  warnings.warn(
   >> review_request.json written for the critic
/home/ubuntu/nba/.venv/lib/python3.12/site-packages/sklearn/preprocessing/_data.py:2905: UserWarning: n_quantiles (1000) is greater than the total number of samples (310). n_quantiles is set to n_samples.
  warnings.warn(
/home/ubuntu/nba/.venv/lib/python3.12/site-packages/sklearn/preprocessing/_data.py:2905: UserWarning: n_quantiles (1000) is greater than the total number of samples (394). n_quantiles is set to n_samples.
  warnings.warn(
/home/ubuntu/nba/.venv/lib/python3.12/site-packages/sklearn/preprocessing/_data.py:2905: UserWarning: n_quantiles (1000) is greater than the total number of samples (460). n_quantiles is set to n_samples.
  warnings.warn(
/home/ubuntu/nba/.venv/lib/python3.12/site-packages/sklearn/preprocessing/_data.py:2905: UserWarning: n_quantiles (1000) is greater than the total number of samples (549). n_quantiles is set to n_samples.
  warnings.warn(
/home/ubuntu/nba/.venv/lib/python3.12/site-packages/sklearn/preprocessing/_data.py:2905: UserWarning: n_quantiles (1000) is greater than the total number of samples (666). n_quantiles is set to n_samples.
  warnings.warn(
[22:21:14] gen131 die  WF +0.4114 gain -0.0374 folds 0/5  mut: icl_topk=60  (146s)
/home/ubuntu/nba/.venv/lib/python3.12/site-packages/sklearn/preprocessing/_data.py:2905: UserWarning: n_quantiles (1000) is greater than the total number of samples (310). n_quantiles is set to n_samples.
  warnings.warn(
/home/ubuntu/nba/.venv/lib/python3.12/site-packages/sklearn/preprocessing/_data.py:2905: UserWarning: n_quantiles (1000) is greater than the total number of samples (394). n_quantiles is set to n_samples.
  warnings.warn(
/home/ubuntu/nba/.venv/lib/python3.12/site-packages/sklearn/preprocessing/_data.py:2905: UserWarning: n_quantiles (1000) is greater than the total number of samples (460). n_quantiles is set to n_samples.
  warnings.warn(
/home/ubuntu/nba/.venv/lib/python3.12/site-packages/sklearn/preprocessing/_data.py:2905: UserWarning: n_quantiles (1000) is greater than the total number of samples (549). n_quantiles is set to n_samples.
  warnings.warn(
/home/ubuntu/nba/.venv/lib/python3.12/site-packages/sklearn/preprocessing/_data.py:2905: UserWarning: n_quantiles (1000) is greater than the total number of samples (666). n_quantiles is set to n_samples.
  warnings.warn(
[22:23:43] gen132 die  WF +0.4354 gain -0.0134 folds 2/5  mut: el=0/wk=1  (149s)
/home/ubuntu/nba/.venv/lib/python3.12/site-packages/sklearn/preprocessing/_data.py:2905: UserWarning: n_quantiles (1000) is greater than the total number of samples (310). n_quantiles is set to n_samples.
  warnings.warn(
/home/ubuntu/nba/.venv/lib/python3.12/site-packages/sklearn/preprocessing/_data.py:2905: UserWarning: n_quantiles (1000) is greater than the total number of samples (394). n_quantiles is set to n_samples.
  warnings.warn(
/home/ubuntu/nba/.venv/lib/python3.12/site-packages/sklearn/preprocessing/_data.py:2905: UserWarning: n_quantiles (1000) is greater than the total number of samples (460). n_quantiles is set to n_samples.
  warnings.warn(
/home/ubuntu/nba/.venv/lib/python3.12/site-packages/sklearn/preprocessing/_data.py:2905: UserWarning: n_quantiles (1000) is greater than the total number of samples (549). n_quantiles is set to n_samples.
  warnings.warn(
/home/ubuntu/nba/.venv/lib/python3.12/site-packages/sklearn/preprocessing/_data.py:2905: UserWarning: n_quantiles (1000) is greater than the total number of samples (666). n_quantiles is set to n_samples.
  warnings.warn(
[22:25:05] gen133 die  WF +0.3854 gain -0.0633 folds 0/5  mut: ridge=0  (82s)
   (critic suggestion) {'icl_n': 32, 'icl_topk': 60}
/home/ubuntu/nba/.venv/lib/python3.12/site-packages/sklearn/preprocessing/_data.py:2905: UserWarning: n_quantiles (1000) is greater than the total number of samples (310). n_quantiles is set to n_samples.
  warnings.warn(
/home/ubuntu/nba/.venv/lib/python3.12/site-packages/sklearn/preprocessing/_data.py:2905: UserWarning: n_quantiles (1000) is greater than the total number of samples (394). n_quantiles is set to n_samples.
  warnings.warn(
/home/ubuntu/nba/.venv/lib/python3.12/site-packages/sklearn/preprocessing/_data.py:2905: UserWarning: n_quantiles (1000) is greater than the total number of samples (460). n_quantiles is set to n_samples.
  warnings.warn(
/home/ubuntu/nba/.venv/lib/python3.12/site-packages/sklearn/preprocessing/_data.py:2905: UserWarning: n_quantiles (1000) is greater than the total number of samples (549). n_quantiles is set to n_samples.
  warnings.warn(
/home/ubuntu/nba/.venv/lib/python3.12/site-packages/sklearn/preprocessing/_data.py:2905: UserWarning: n_quantiles (1000) is greater than the total number of samples (666). n_quantiles is set to n_samples.
  warnings.warn(
[22:27:39] gen134 die  WF +0.4202 gain -0.0286 folds 0/5  mut: icl_topk=60/icl_n=32  (154s)
   (critic suggestion) {'ixc': 1, 'M': 250.0}
   (critic suggestion) {'M': 250.0, 'icl_outlier': 4.0}
   (critic suggestion) {'ixc': 1, 'ridge_alpha': 100.0}
/home/ubuntu/nba/.venv/lib/python3.12/site-packages/sklearn/preprocessing/_data.py:2905: UserWarning: n_quantiles (1000) is greater than the total number of samples (310). n_quantiles is set to n_samples.
  warnings.warn(
/home/ubuntu/nba/.venv/lib/python3.12/site-packages/sklearn/preprocessing/_data.py:2905: UserWarning: n_quantiles (1000) is greater than the total number of samples (394). n_quantiles is set to n_samples.
  warnings.warn(
/home/ubuntu/nba/.venv/lib/python3.12/site-packages/sklearn/preprocessing/_data.py:2905: UserWarning: n_quantiles (1000) is greater than the total number of samples (460). n_quantiles is set to n_samples.
  warnings.warn(
/home/ubuntu/nba/.venv/lib/python3.12/site-packages/sklearn/preprocessing/_data.py:2905: UserWarning: n_quantiles (1000) is greater than the total number of samples (549). n_quantiles is set to n_samples.
  warnings.warn(
/home/ubuntu/nba/.venv/lib/python3.12/site-packages/sklearn/preprocessing/_data.py:2905: UserWarning: n_quantiles (1000) is greater than the total number of samples (666). n_quantiles is set to n_samples.
  warnings.warn(
[22:30:24] gen135 die  WF +0.4413 gain -0.0074 folds 2/5  mut: ixc=1/ridge_alpha=100.0  (165s)
   (critic suggestion) {'ridge_alpha': 100.0, 'M': 250.0}
/home/ubuntu/nba/.venv/lib/python3.12/site-packages/sklearn/preprocessing/_data.py:2905: UserWarning: n_quantiles (1000) is greater than the total number of samples (310). n_quantiles is set to n_samples.
  warnings.warn(
/home/ubuntu/nba/.venv/lib/python3.12/site-packages/sklearn/preprocessing/_data.py:2905: UserWarning: n_quantiles (1000) is greater than the total number of samples (394). n_quantiles is set to n_samples.
  warnings.warn(
/home/ubuntu/nba/.venv/lib/python3.12/site-packages/sklearn/preprocessing/_data.py:2905: UserWarning: n_quantiles (1000) is greater than the total number of samples (460). n_quantiles is set to n_samples.
  warnings.warn(
/home/ubuntu/nba/.venv/lib/python3.12/site-packages/sklearn/preprocessing/_data.py:2905: UserWarning: n_quantiles (1000) is greater than the total number of samples (549). n_quantiles is set to n_samples.
  warnings.warn(
/home/ubuntu/nba/.venv/lib/python3.12/site-packages/sklearn/preprocessing/_data.py:2905: UserWarning: n_quantiles (1000) is greater than the total number of samples (666). n_quantiles is set to n_samples.
  warnings.warn(
[22:32:59] gen136 die  WF +0.4394 gain -0.0094 folds 1/5  mut: ridge_alpha=100.0  (155s)
/home/ubuntu/nba/.venv/lib/python3.12/site-packages/sklearn/preprocessing/_data.py:2905: UserWarning: n_quantiles (1000) is greater than the total number of samples (310). n_quantiles is set to n_samples.
  warnings.warn(
/home/ubuntu/nba/.venv/lib/python3.12/site-packages/sklearn/preprocessing/_data.py:2905: UserWarning: n_quantiles (1000) is greater than the total number of samples (310). n_quantiles is set to n_samples.
  warnings.warn(
/home/ubuntu/nba/.venv/lib/python3.12/site-packages/sklearn/preprocessing/_data.py:2905: UserWarning: n_quantiles (1000) is greater than the total number of samples (394). n_quantiles is set to n_samples.
  warnings.warn(
/home/ubuntu/nba/.venv/lib/python3.12/site-packages/sklearn/preprocessing/_data.py:2905: UserWarning: n_quantiles (1000) is greater than the total number of samples (394). n_quantiles is set to n_samples.
  warnings.warn(
/home/ubuntu/nba/.venv/lib/python3.12/site-packages/sklearn/preprocessing/_data.py:2905: UserWarning: n_quantiles (1000) is greater than the total number of samples (460). n_quantiles is set to n_samples.
  warnings.warn(
/home/ubuntu/nba/.venv/lib/python3.12/site-packages/sklearn/preprocessing/_data.py:2905: UserWarning: n_quantiles (1000) is greater than the total number of samples (460). n_quantiles is set to n_samples.
  warnings.warn(
/home/ubuntu/nba/.venv/lib/python3.12/site-packages/sklearn/preprocessing/_data.py:2905: UserWarning: n_quantiles (1000) is greater than the total number of samples (549). n_quantiles is set to n_samples.
  warnings.warn(
/home/ubuntu/nba/.venv/lib/python3.12/site-packages/sklearn/preprocessing/_data.py:2905: UserWarning: n_quantiles (1000) is greater than the total number of samples (549). n_quantiles is set to n_samples.
  warnings.warn(
/home/ubuntu/nba/.venv/lib/python3.12/site-packages/sklearn/preprocessing/_data.py:2905: UserWarning: n_quantiles (1000) is greater than the total number of samples (666). n_quantiles is set to n_samples.
  warnings.warn(
/home/ubuntu/nba/.venv/lib/python3.12/site-packages/sklearn/preprocessing/_data.py:2905: UserWarning: n_quantiles (1000) is greater than the total number of samples (666). n_quantiles is set to n_samples.
  warnings.warn(
[22:36:24] gen137 die  WF +0.4355 gain -0.0132 folds 2/5  mut: ridge_alpha=1000.0/labelmix=mix2  (205s)
/home/ubuntu/nba/.venv/lib/python3.12/site-packages/sklearn/preprocessing/_data.py:2905: UserWarning: n_quantiles (1000) is greater than the total number of samples (215). n_quantiles is set to n_samples.
  warnings.warn(
/home/ubuntu/nba/.venv/lib/python3.12/site-packages/sklearn/preprocessing/_data.py:2905: UserWarning: n_quantiles (1000) is greater than the total number of samples (269). n_quantiles is set to n_samples.
  warnings.warn(
/home/ubuntu/nba/.venv/lib/python3.12/site-packages/sklearn/preprocessing/_data.py:2905: UserWarning: n_quantiles (1000) is greater than the total number of samples (313). n_quantiles is set to n_samples.
  warnings.warn(
/home/ubuntu/nba/.venv/lib/python3.12/site-packages/sklearn/preprocessing/_data.py:2905: UserWarning: n_quantiles (1000) is greater than the total number of samples (368). n_quantiles is set to n_samples.
  warnings.warn(
/home/ubuntu/nba/.venv/lib/python3.12/site-packages/sklearn/preprocessing/_data.py:2905: UserWarning: n_quantiles (1000) is greater than the total number of samples (425). n_quantiles is set to n_samples.
  warnings.warn(
[22:39:03] gen138 die  WF +0.4263 gain -0.0224 folds 1/5  mut: icl_ctx=drafted  (159s)
[22:40:27] gen139 die  WF +0.4155 gain -0.0333 folds 2/5  mut: icl_norm=power/knn=0  (85s)
/home/ubuntu/nba/.venv/lib/python3.12/site-packages/sklearn/preprocessing/_data.py:2905: UserWarning: n_quantiles (1000) is greater than the total number of samples (206). n_quantiles is set to n_samples.
  warnings.warn(
/home/ubuntu/nba/.venv/lib/python3.12/site-packages/sklearn/preprocessing/_data.py:2905: UserWarning: n_quantiles (1000) is greater than the total number of samples (207). n_quantiles is set to n_samples.
  warnings.warn(
/home/ubuntu/nba/.venv/lib/python3.12/site-packages/sklearn/preprocessing/_data.py:2905: UserWarning: n_quantiles (1000) is greater than the total number of samples (207). n_quantiles is set to n_samples.
  warnings.warn(
/home/ubuntu/nba/.venv/lib/python3.12/site-packages/sklearn/preprocessing/_data.py:2905: UserWarning: n_quantiles (1000) is greater than the total number of samples (310). n_quantiles is set to n_samples.
  warnings.warn(
/home/ubuntu/nba/.venv/lib/python3.12/site-packages/sklearn/preprocessing/_data.py:2905: UserWarning: n_quantiles (1000) is greater than the total number of samples (310). n_quantiles is set to n_samples.
  warnings.warn(
/home/ubuntu/nba/.venv/lib/python3.12/site-packages/sklearn/preprocessing/_data.py:2905: UserWarning: n_quantiles (1000) is greater than the total number of samples (262). n_quantiles is set to n_samples.
  warnings.warn(
/home/ubuntu/nba/.venv/lib/python3.12/site-packages/sklearn/preprocessing/_data.py:2905: UserWarning: n_quantiles (1000) is greater than the total number of samples (263). n_quantiles is set to n_samples.
  warnings.warn(
/home/ubuntu/nba/.venv/lib/python3.12/site-packages/sklearn/preprocessing/_data.py:2905: UserWarning: n_quantiles (1000) is greater than the total number of samples (263). n_quantiles is set to n_samples.
  warnings.warn(
/home/ubuntu/nba/.venv/lib/python3.12/site-packages/sklearn/preprocessing/_data.py:2905: UserWarning: n_quantiles (1000) is greater than the total number of samples (394). n_quantiles is set to n_samples.
  warnings.warn(
/home/ubuntu/nba/.venv/lib/python3.12/site-packages/sklearn/preprocessing/_data.py:2905: UserWarning: n_quantiles (1000) is greater than the total number of samples (394). n_quantiles is set to n_samples.
  warnings.warn(
/home/ubuntu/nba/.venv/lib/python3.12/site-packages/sklearn/preprocessing/_data.py:2905: UserWarning: n_quantiles (1000) is greater than the total number of samples (306). n_quantiles is set to n_samples.
  warnings.warn(
/home/ubuntu/nba/.venv/lib/python3.12/site-packages/sklearn/preprocessing/_data.py:2905: UserWarning: n_quantiles (1000) is greater than the total number of samples (307). n_quantiles is set to n_samples.
  warnings.warn(
/home/ubuntu/nba/.venv/lib/python3.12/site-packages/sklearn/preprocessing/_data.py:2905: UserWarning: n_quantiles (1000) is greater than the total number of samples (307). n_quantiles is set to n_samples.
  warnings.warn(
/home/ubuntu/nba/.venv/lib/python3.12/site-packages/sklearn/preprocessing/_data.py:2905: UserWarning: n_quantiles (1000) is greater than the total number of samples (460). n_quantiles is set to n_samples.
  warnings.warn(
/home/ubuntu/nba/.venv/lib/python3.12/site-packages/sklearn/preprocessing/_data.py:2905: UserWarning: n_quantiles (1000) is greater than the total number of samples (460). n_quantiles is set to n_samples.
  warnings.warn(
/home/ubuntu/nba/.venv/lib/python3.12/site-packages/sklearn/preprocessing/_data.py:2905: UserWarning: n_quantiles (1000) is greater than the total number of samples (366). n_quantiles is set to n_samples.
  warnings.warn(
/home/ubuntu/nba/.venv/lib/python3.12/site-packages/sklearn/preprocessing/_data.py:2905: UserWarning: n_quantiles (1000) is greater than the total number of samples (366). n_quantiles is set to n_samples.
  warnings.warn(
/home/ubuntu/nba/.venv/lib/python3.12/site-packages/sklearn/preprocessing/_data.py:2905: UserWarning: n_quantiles (1000) is greater than the total number of samples (366). n_quantiles is set to n_samples.
  warnings.warn(
/home/ubuntu/nba/.venv/lib/python3.12/site-packages/sklearn/preprocessing/_data.py:2905: UserWarning: n_quantiles (1000) is greater than the total number of samples (549). n_quantiles is set to n_samples.
  warnings.warn(
/home/ubuntu/nba/.venv/lib/python3.12/site-packages/sklearn/preprocessing/_data.py:2905: UserWarning: n_quantiles (1000) is greater than the total number of samples (549). n_quantiles is set to n_samples.
  warnings.warn(
/home/ubuntu/nba/.venv/lib/python3.12/site-packages/sklearn/preprocessing/_data.py:2905: UserWarning: n_quantiles (1000) is greater than the total number of samples (444). n_quantiles is set to n_samples.
  warnings.warn(
/home/ubuntu/nba/.venv/lib/python3.12/site-packages/sklearn/preprocessing/_data.py:2905: UserWarning: n_quantiles (1000) is greater than the total number of samples (444). n_quantiles is set to n_samples.
  warnings.warn(
/home/ubuntu/nba/.venv/lib/python3.12/site-packages/sklearn/preprocessing/_data.py:2905: UserWarning: n_quantiles (1000) is greater than the total number of samples (444). n_quantiles is set to n_samples.
  warnings.warn(
/home/ubuntu/nba/.venv/lib/python3.12/site-packages/sklearn/preprocessing/_data.py:2905: UserWarning: n_quantiles (1000) is greater than the total number of samples (666). n_quantiles is set to n_samples.
  warnings.warn(
/home/ubuntu/nba/.venv/lib/python3.12/site-packages/sklearn/preprocessing/_data.py:2905: UserWarning: n_quantiles (1000) is greater than the total number of samples (666). n_quantiles is set to n_samples.
  warnings.warn(
[22:43:15] gen140 die  WF +0.4482 gain -0.0006 folds 4/5  mut: resid=1  (167s)
/home/ubuntu/nba/.venv/lib/python3.12/site-packages/sklearn/preprocessing/_data.py:2905: UserWarning: n_quantiles (1000) is greater than the total number of samples (310). n_quantiles is set to n_samples.
  warnings.warn(
/home/ubuntu/nba/.venv/lib/python3.12/site-packages/sklearn/preprocessing/_data.py:2905: UserWarning: n_quantiles (1000) is greater than the total number of samples (394). n_quantiles is set to n_samples.
  warnings.warn(
/home/ubuntu/nba/.venv/lib/python3.12/site-packages/sklearn/preprocessing/_data.py:2905: UserWarning: n_quantiles (1000) is greater than the total number of samples (460). n_quantiles is set to n_samples.
  warnings.warn(
/home/ubuntu/nba/.venv/lib/python3.12/site-packages/sklearn/preprocessing/_data.py:2905: UserWarning: n_quantiles (1000) is greater than the total number of samples (549). n_quantiles is set to n_samples.
  warnings.warn(
/home/ubuntu/nba/.venv/lib/python3.12/site-packages/sklearn/preprocessing/_data.py:2905: UserWarning: n_quantiles (1000) is greater than the total number of samples (666). n_quantiles is set to n_samples.
  warnings.warn(
   >> review_request.json written for the critic
/home/ubuntu/nba/.venv/lib/python3.12/site-packages/sklearn/preprocessing/_data.py:2905: UserWarning: n_quantiles (1000) is greater than the total number of samples (215). n_quantiles is set to n_samples.
  warnings.warn(
/home/ubuntu/nba/.venv/lib/python3.12/site-packages/sklearn/preprocessing/_data.py:2905: UserWarning: n_quantiles (1000) is greater than the total number of samples (269). n_quantiles is set to n_samples.
  warnings.warn(
/home/ubuntu/nba/.venv/lib/python3.12/site-packages/sklearn/preprocessing/_data.py:2905: UserWarning: n_quantiles (1000) is greater than the total number of samples (313). n_quantiles is set to n_samples.
  warnings.warn(
/home/ubuntu/nba/.venv/lib/python3.12/site-packages/sklearn/preprocessing/_data.py:2905: UserWarning: n_quantiles (1000) is greater than the total number of samples (368). n_quantiles is set to n_samples.
  warnings.warn(
/home/ubuntu/nba/.venv/lib/python3.12/site-packages/sklearn/preprocessing/_data.py:2905: UserWarning: n_quantiles (1000) is greater than the total number of samples (425). n_quantiles is set to n_samples.
  warnings.warn(
[22:46:11] gen141 die  WF +0.4246 gain -0.0242 folds 2/5  mut: icl_ctx=drafted  (111s)
/home/ubuntu/nba/.venv/lib/python3.12/site-packages/sklearn/preprocessing/_data.py:2905: UserWarning: n_quantiles (1000) is greater than the total number of samples (310). n_quantiles is set to n_samples.
  warnings.warn(
/home/ubuntu/nba/.venv/lib/python3.12/site-packages/sklearn/preprocessing/_data.py:2905: UserWarning: n_quantiles (1000) is greater than the total number of samples (394). n_quantiles is set to n_samples.
  warnings.warn(
/home/ubuntu/nba/.venv/lib/python3.12/site-packages/sklearn/preprocessing/_data.py:2905: UserWarning: n_quantiles (1000) is greater than the total number of samples (460). n_quantiles is set to n_samples.
  warnings.warn(
/home/ubuntu/nba/.venv/lib/python3.12/site-packages/sklearn/preprocessing/_data.py:2905: UserWarning: n_quantiles (1000) is greater than the total number of samples (549). n_quantiles is set to n_samples.
  warnings.warn(
/home/ubuntu/nba/.venv/lib/python3.12/site-packages/sklearn/preprocessing/_data.py:2905: UserWarning: n_quantiles (1000) is greater than the total number of samples (666). n_quantiles is set to n_samples.
  warnings.warn(
[22:48:37] gen142 die  WF +0.4411 gain -0.0077 folds 2/5  mut: label=rank/M=250.0  (146s)
   (critic suggestion) {'M': 250.0, 'ridge_alpha': 300.0}
   (critic suggestion) {'M': 250.0, 'icl_n': 32}
/home/ubuntu/nba/.venv/lib/python3.12/site-packages/sklearn/preprocessing/_data.py:2905: UserWarning: n_quantiles (1000) is greater than the total number of samples (310). n_quantiles is set to n_samples.
  warnings.warn(
/home/ubuntu/nba/.venv/lib/python3.12/site-packages/sklearn/preprocessing/_data.py:2905: UserWarning: n_quantiles (1000) is greater than the total number of samples (394). n_quantiles is set to n_samples.
  warnings.warn(
/home/ubuntu/nba/.venv/lib/python3.12/site-packages/sklearn/preprocessing/_data.py:2905: UserWarning: n_quantiles (1000) is greater than the total number of samples (460). n_quantiles is set to n_samples.
  warnings.warn(
/home/ubuntu/nba/.venv/lib/python3.12/site-packages/sklearn/preprocessing/_data.py:2905: UserWarning: n_quantiles (1000) is greater than the total number of samples (549). n_quantiles is set to n_samples.
  warnings.warn(
/home/ubuntu/nba/.venv/lib/python3.12/site-packages/sklearn/preprocessing/_data.py:2905: UserWarning: n_quantiles (1000) is greater than the total number of samples (666). n_quantiles is set to n_samples.
  warnings.warn(
[22:51:08] gen143 die  WF +0.4413 gain -0.0074 folds 3/5  mut: icl_n=32  (151s)
   (critic suggestion) {'M': 250.0, 'ixc': 1}
   (critic suggestion) {'cat': 1, 'M': 250.0}
/home/ubuntu/nba/.venv/lib/python3.12/site-packages/sklearn/preprocessing/_data.py:2905: UserWarning: n_quantiles (1000) is greater than the total number of samples (310). n_quantiles is set to n_samples.
  warnings.warn(
/home/ubuntu/nba/.venv/lib/python3.12/site-packages/sklearn/preprocessing/_data.py:2905: UserWarning: n_quantiles (1000) is greater than the total number of samples (394). n_quantiles is set to n_samples.
  warnings.warn(
/home/ubuntu/nba/.venv/lib/python3.12/site-packages/sklearn/preprocessing/_data.py:2905: UserWarning: n_quantiles (1000) is greater than the total number of samples (460). n_quantiles is set to n_samples.
  warnings.warn(
/home/ubuntu/nba/.venv/lib/python3.12/site-packages/sklearn/preprocessing/_data.py:2905: UserWarning: n_quantiles (1000) is greater than the total number of samples (549). n_quantiles is set to n_samples.
  warnings.warn(
/home/ubuntu/nba/.venv/lib/python3.12/site-packages/sklearn/preprocessing/_data.py:2905: UserWarning: n_quantiles (1000) is greater than the total number of samples (666). n_quantiles is set to n_samples.
  warnings.warn(
[22:58:46] gen144 die  WF +0.4482 gain -0.0006 folds 4/5  mut: cat=1  (458s)
   (critic suggestion) {'cat': 1, 'ixc': 1}
/home/ubuntu/nba/.venv/lib/python3.12/site-packages/sklearn/preprocessing/_data.py:2905: UserWarning: n_quantiles (1000) is greater than the total number of samples (310). n_quantiles is set to n_samples.
  warnings.warn(
/home/ubuntu/nba/.venv/lib/python3.12/site-packages/sklearn/preprocessing/_data.py:2905: UserWarning: n_quantiles (1000) is greater than the total number of samples (394). n_quantiles is set to n_samples.
  warnings.warn(
/home/ubuntu/nba/.venv/lib/python3.12/site-packages/sklearn/preprocessing/_data.py:2905: UserWarning: n_quantiles (1000) is greater than the total number of samples (460). n_quantiles is set to n_samples.
  warnings.warn(
/home/ubuntu/nba/.venv/lib/python3.12/site-packages/sklearn/preprocessing/_data.py:2905: UserWarning: n_quantiles (1000) is greater than the total number of samples (549). n_quantiles is set to n_samples.
  warnings.warn(
/home/ubuntu/nba/.venv/lib/python3.12/site-packages/sklearn/preprocessing/_data.py:2905: UserWarning: n_quantiles (1000) is greater than the total number of samples (666). n_quantiles is set to n_samples.
  warnings.warn(
[23:06:42] gen145 die  WF +0.4487 gain +0.0000 folds 0/5  mut: cat=1/ixc=1  (477s)
/home/ubuntu/nba/.venv/lib/python3.12/site-packages/sklearn/preprocessing/_data.py:2905: UserWarning: n_quantiles (1000) is greater than the total number of samples (310). n_quantiles is set to n_samples.
  warnings.warn(
/home/ubuntu/nba/.venv/lib/python3.12/site-packages/sklearn/preprocessing/_data.py:2905: UserWarning: n_quantiles (1000) is greater than the total number of samples (394). n_quantiles is set to n_samples.
  warnings.warn(
/home/ubuntu/nba/.venv/lib/python3.12/site-packages/sklearn/preprocessing/_data.py:2905: UserWarning: n_quantiles (1000) is greater than the total number of samples (460). n_quantiles is set to n_samples.
  warnings.warn(
/home/ubuntu/nba/.venv/lib/python3.12/site-packages/sklearn/preprocessing/_data.py:2905: UserWarning: n_quantiles (1000) is greater than the total number of samples (549). n_quantiles is set to n_samples.
  warnings.warn(
/home/ubuntu/nba/.venv/lib/python3.12/site-packages/sklearn/preprocessing/_data.py:2905: UserWarning: n_quantiles (1000) is greater than the total number of samples (666). n_quantiles is set to n_samples.
  warnings.warn(
[23:14:24] gen146 die  WF +0.4345 gain -0.0142 folds 3/5  mut: cat=1/icl_topk=100  (461s)
/home/ubuntu/nba/.venv/lib/python3.12/site-packages/sklearn/preprocessing/_data.py:2905: UserWarning: n_quantiles (1000) is greater than the total number of samples (206). n_quantiles is set to n_samples.
  warnings.warn(
/home/ubuntu/nba/.venv/lib/python3.12/site-packages/sklearn/preprocessing/_data.py:2905: UserWarning: n_quantiles (1000) is greater than the total number of samples (207). n_quantiles is set to n_samples.
  warnings.warn(
/home/ubuntu/nba/.venv/lib/python3.12/site-packages/sklearn/preprocessing/_data.py:2905: UserWarning: n_quantiles (1000) is greater than the total number of samples (207). n_quantiles is set to n_samples.
  warnings.warn(
/home/ubuntu/nba/.venv/lib/python3.12/site-packages/sklearn/preprocessing/_data.py:2905: UserWarning: n_quantiles (1000) is greater than the total number of samples (310). n_quantiles is set to n_samples.
  warnings.warn(
/home/ubuntu/nba/.venv/lib/python3.12/site-packages/sklearn/preprocessing/_data.py:2905: UserWarning: n_quantiles (1000) is greater than the total number of samples (310). n_quantiles is set to n_samples.
  warnings.warn(
/home/ubuntu/nba/.venv/lib/python3.12/site-packages/sklearn/preprocessing/_data.py:2905: UserWarning: n_quantiles (1000) is greater than the total number of samples (262). n_quantiles is set to n_samples.
  warnings.warn(
/home/ubuntu/nba/.venv/lib/python3.12/site-packages/sklearn/preprocessing/_data.py:2905: UserWarning: n_quantiles (1000) is greater than the total number of samples (263). n_quantiles is set to n_samples.
  warnings.warn(
/home/ubuntu/nba/.venv/lib/python3.12/site-packages/sklearn/preprocessing/_data.py:2905: UserWarning: n_quantiles (1000) is greater than the total number of samples (263). n_quantiles is set to n_samples.
  warnings.warn(
/home/ubuntu/nba/.venv/lib/python3.12/site-packages/sklearn/preprocessing/_data.py:2905: UserWarning: n_quantiles (1000) is greater than the total number of samples (394). n_quantiles is set to n_samples.
  warnings.warn(
/home/ubuntu/nba/.venv/lib/python3.12/site-packages/sklearn/preprocessing/_data.py:2905: UserWarning: n_quantiles (1000) is greater than the total number of samples (394). n_quantiles is set to n_samples.
  warnings.warn(
/home/ubuntu/nba/.venv/lib/python3.12/site-packages/sklearn/preprocessing/_data.py:2905: UserWarning: n_quantiles (1000) is greater than the total number of samples (306). n_quantiles is set to n_samples.
  warnings.warn(
/home/ubuntu/nba/.venv/lib/python3.12/site-packages/sklearn/preprocessing/_data.py:2905: UserWarning: n_quantiles (1000) is greater than the total number of samples (307). n_quantiles is set to n_samples.
  warnings.warn(
/home/ubuntu/nba/.venv/lib/python3.12/site-packages/sklearn/preprocessing/_data.py:2905: UserWarning: n_quantiles (1000) is greater than the total number of samples (307). n_quantiles is set to n_samples.
  warnings.warn(
/home/ubuntu/nba/.venv/lib/python3.12/site-packages/sklearn/preprocessing/_data.py:2905: UserWarning: n_quantiles (1000) is greater than the total number of samples (460). n_quantiles is set to n_samples.
  warnings.warn(
/home/ubuntu/nba/.venv/lib/python3.12/site-packages/sklearn/preprocessing/_data.py:2905: UserWarning: n_quantiles (1000) is greater than the total number of samples (460). n_quantiles is set to n_samples.
  warnings.warn(
/home/ubuntu/nba/.venv/lib/python3.12/site-packages/sklearn/preprocessing/_data.py:2905: UserWarning: n_quantiles (1000) is greater than the total number of samples (366). n_quantiles is set to n_samples.
  warnings.warn(
/home/ubuntu/nba/.venv/lib/python3.12/site-packages/sklearn/preprocessing/_data.py:2905: UserWarning: n_quantiles (1000) is greater than the total number of samples (366). n_quantiles is set to n_samples.
  warnings.warn(
/home/ubuntu/nba/.venv/lib/python3.12/site-packages/sklearn/preprocessing/_data.py:2905: UserWarning: n_quantiles (1000) is greater than the total number of samples (366). n_quantiles is set to n_samples.
  warnings.warn(
/home/ubuntu/nba/.venv/lib/python3.12/site-packages/sklearn/preprocessing/_data.py:2905: UserWarning: n_quantiles (1000) is greater than the total number of samples (549). n_quantiles is set to n_samples.
  warnings.warn(
/home/ubuntu/nba/.venv/lib/python3.12/site-packages/sklearn/preprocessing/_data.py:2905: UserWarning: n_quantiles (1000) is greater than the total number of samples (549). n_quantiles is set to n_samples.
  warnings.warn(
/home/ubuntu/nba/.venv/lib/python3.12/site-packages/sklearn/preprocessing/_data.py:2905: UserWarning: n_quantiles (1000) is greater than the total number of samples (444). n_quantiles is set to n_samples.
  warnings.warn(
/home/ubuntu/nba/.venv/lib/python3.12/site-packages/sklearn/preprocessing/_data.py:2905: UserWarning: n_quantiles (1000) is greater than the total number of samples (444). n_quantiles is set to n_samples.
  warnings.warn(
/home/ubuntu/nba/.venv/lib/python3.12/site-packages/sklearn/preprocessing/_data.py:2905: UserWarning: n_quantiles (1000) is greater than the total number of samples (444). n_quantiles is set to n_samples.
  warnings.warn(
/home/ubuntu/nba/.venv/lib/python3.12/site-packages/sklearn/preprocessing/_data.py:2905: UserWarning: n_quantiles (1000) is greater than the total number of samples (666). n_quantiles is set to n_samples.
  warnings.warn(
/home/ubuntu/nba/.venv/lib/python3.12/site-packages/sklearn/preprocessing/_data.py:2905: UserWarning: n_quantiles (1000) is greater than the total number of samples (666). n_quantiles is set to n_samples.
  warnings.warn(
[23:17:06] gen147 die  WF +0.4527 gain +0.0040 folds 4/5  mut: resid=1/risk=q25  (162s)
/home/ubuntu/nba/.venv/lib/python3.12/site-packages/sklearn/preprocessing/_data.py:2905: UserWarning: n_quantiles (1000) is greater than the total number of samples (310). n_quantiles is set to n_samples.
  warnings.warn(
/home/ubuntu/nba/.venv/lib/python3.12/site-packages/sklearn/preprocessing/_data.py:2905: UserWarning: n_quantiles (1000) is greater than the total number of samples (394). n_quantiles is set to n_samples.
  warnings.warn(
/home/ubuntu/nba/.venv/lib/python3.12/site-packages/sklearn/preprocessing/_data.py:2905: UserWarning: n_quantiles (1000) is greater than the total number of samples (460). n_quantiles is set to n_samples.
  warnings.warn(
/home/ubuntu/nba/.venv/lib/python3.12/site-packages/sklearn/preprocessing/_data.py:2905: UserWarning: n_quantiles (1000) is greater than the total number of samples (549). n_quantiles is set to n_samples.
  warnings.warn(
/home/ubuntu/nba/.venv/lib/python3.12/site-packages/sklearn/preprocessing/_data.py:2905: UserWarning: n_quantiles (1000) is greater than the total number of samples (666). n_quantiles is set to n_samples.
  warnings.warn(
[23:19:35] gen148 die  WF +0.4369 gain -0.0119 folds 2/5  mut: icl_outlier=8.0  (149s)
/home/ubuntu/nba/.venv/lib/python3.12/site-packages/sklearn/preprocessing/_data.py:2905: UserWarning: n_quantiles (1000) is greater than the total number of samples (310). n_quantiles is set to n_samples.
  warnings.warn(
/home/ubuntu/nba/.venv/lib/python3.12/site-packages/sklearn/preprocessing/_data.py:2905: UserWarning: n_quantiles (1000) is greater than the total number of samples (394). n_quantiles is set to n_samples.
  warnings.warn(
/home/ubuntu/nba/.venv/lib/python3.12/site-packages/sklearn/preprocessing/_data.py:2905: UserWarning: n_quantiles (1000) is greater than the total number of samples (460). n_quantiles is set to n_samples.
  warnings.warn(
/home/ubuntu/nba/.venv/lib/python3.12/site-packages/sklearn/preprocessing/_data.py:2905: UserWarning: n_quantiles (1000) is greater than the total number of samples (549). n_quantiles is set to n_samples.
  warnings.warn(
/home/ubuntu/nba/.venv/lib/python3.12/site-packages/sklearn/preprocessing/_data.py:2905: UserWarning: n_quantiles (1000) is greater than the total number of samples (666). n_quantiles is set to n_samples.
  warnings.warn(
[23:22:18] gen149 die  WF +0.4459 gain -0.0028 folds 1/5  mut: icl_n=32  (163s)
/home/ubuntu/nba/.venv/lib/python3.12/site-packages/sklearn/preprocessing/_data.py:2905: UserWarning: n_quantiles (1000) is greater than the total number of samples (310). n_quantiles is set to n_samples.
  warnings.warn(
/home/ubuntu/nba/.venv/lib/python3.12/site-packages/sklearn/preprocessing/_data.py:2905: UserWarning: n_quantiles (1000) is greater than the total number of samples (394). n_quantiles is set to n_samples.
  warnings.warn(
/home/ubuntu/nba/.venv/lib/python3.12/site-packages/sklearn/preprocessing/_data.py:2905: UserWarning: n_quantiles (1000) is greater than the total number of samples (460). n_quantiles is set to n_samples.
  warnings.warn(
/home/ubuntu/nba/.venv/lib/python3.12/site-packages/sklearn/preprocessing/_data.py:2905: UserWarning: n_quantiles (1000) is greater than the total number of samples (549). n_quantiles is set to n_samples.
  warnings.warn(
/home/ubuntu/nba/.venv/lib/python3.12/site-packages/sklearn/preprocessing/_data.py:2905: UserWarning: n_quantiles (1000) is greater than the total number of samples (666). n_quantiles is set to n_samples.
  warnings.warn(
[23:24:45] gen150 die  WF +0.4290 gain -0.0197 folds 2/5  mut: intl=0/mono=off  (147s)
/home/ubuntu/nba/.venv/lib/python3.12/site-packages/sklearn/preprocessing/_data.py:2905: UserWarning: n_quantiles (1000) is greater than the total number of samples (310). n_quantiles is set to n_samples.
  warnings.warn(
/home/ubuntu/nba/.venv/lib/python3.12/site-packages/sklearn/preprocessing/_data.py:2905: UserWarning: n_quantiles (1000) is greater than the total number of samples (394). n_quantiles is set to n_samples.
  warnings.warn(
/home/ubuntu/nba/.venv/lib/python3.12/site-packages/sklearn/preprocessing/_data.py:2905: UserWarning: n_quantiles (1000) is greater than the total number of samples (460). n_quantiles is set to n_samples.
  warnings.warn(
/home/ubuntu/nba/.venv/lib/python3.12/site-packages/sklearn/preprocessing/_data.py:2905: UserWarning: n_quantiles (1000) is greater than the total number of samples (549). n_quantiles is set to n_samples.
  warnings.warn(
/home/ubuntu/nba/.venv/lib/python3.12/site-packages/sklearn/preprocessing/_data.py:2905: UserWarning: n_quantiles (1000) is greater than the total number of samples (666). n_quantiles is set to n_samples.
  warnings.warn(
   >> review_request.json written for the critic
/home/ubuntu/nba/.venv/lib/python3.12/site-packages/sklearn/preprocessing/_data.py:2905: UserWarning: n_quantiles (1000) is greater than the total number of samples (310). n_quantiles is set to n_samples.
  warnings.warn(
/home/ubuntu/nba/.venv/lib/python3.12/site-packages/sklearn/preprocessing/_data.py:2905: UserWarning: n_quantiles (1000) is greater than the total number of samples (394). n_quantiles is set to n_samples.
  warnings.warn(
/home/ubuntu/nba/.venv/lib/python3.12/site-packages/sklearn/preprocessing/_data.py:2905: UserWarning: n_quantiles (1000) is greater than the total number of samples (460). n_quantiles is set to n_samples.
  warnings.warn(
/home/ubuntu/nba/.venv/lib/python3.12/site-packages/sklearn/preprocessing/_data.py:2905: UserWarning: n_quantiles (1000) is greater than the total number of samples (549). n_quantiles is set to n_samples.
  warnings.warn(
/home/ubuntu/nba/.venv/lib/python3.12/site-packages/sklearn/preprocessing/_data.py:2905: UserWarning: n_quantiles (1000) is greater than the total number of samples (666). n_quantiles is set to n_samples.
  warnings.warn(
[23:26:53] gen151 die  WF +0.4132 gain -0.0355 folds 0/5  mut: knn=0/ridge=0  (64s)
/home/ubuntu/nba/.venv/lib/python3.12/site-packages/sklearn/preprocessing/_data.py:2905: UserWarning: n_quantiles (1000) is greater than the total number of samples (310). n_quantiles is set to n_samples.
  warnings.warn(
/home/ubuntu/nba/.venv/lib/python3.12/site-packages/sklearn/preprocessing/_data.py:2905: UserWarning: n_quantiles (1000) is greater than the total number of samples (394). n_quantiles is set to n_samples.
  warnings.warn(
/home/ubuntu/nba/.venv/lib/python3.12/site-packages/sklearn/preprocessing/_data.py:2905: UserWarning: n_quantiles (1000) is greater than the total number of samples (460). n_quantiles is set to n_samples.
  warnings.warn(
/home/ubuntu/nba/.venv/lib/python3.12/site-packages/sklearn/preprocessing/_data.py:2905: UserWarning: n_quantiles (1000) is greater than the total number of samples (549). n_quantiles is set to n_samples.
  warnings.warn(
/home/ubuntu/nba/.venv/lib/python3.12/site-packages/sklearn/preprocessing/_data.py:2905: UserWarning: n_quantiles (1000) is greater than the total number of samples (666). n_quantiles is set to n_samples.
  warnings.warn(
[23:30:24] gen152 die  WF +0.4333 gain -0.0154 folds 0/5  mut: cat=1/ridge=0  (211s)
/home/ubuntu/nba/.venv/lib/python3.12/site-packages/sklearn/preprocessing/_data.py:2905: UserWarning: n_quantiles (1000) is greater than the total number of samples (310). n_quantiles is set to n_samples.
  warnings.warn(
/home/ubuntu/nba/.venv/lib/python3.12/site-packages/sklearn/preprocessing/_data.py:2905: UserWarning: n_quantiles (1000) is greater than the total number of samples (394). n_quantiles is set to n_samples.
  warnings.warn(
/home/ubuntu/nba/.venv/lib/python3.12/site-packages/sklearn/preprocessing/_data.py:2905: UserWarning: n_quantiles (1000) is greater than the total number of samples (460). n_quantiles is set to n_samples.
  warnings.warn(
/home/ubuntu/nba/.venv/lib/python3.12/site-packages/sklearn/preprocessing/_data.py:2905: UserWarning: n_quantiles (1000) is greater than the total number of samples (549). n_quantiles is set to n_samples.
  warnings.warn(
/home/ubuntu/nba/.venv/lib/python3.12/site-packages/sklearn/preprocessing/_data.py:2905: UserWarning: n_quantiles (1000) is greater than the total number of samples (666). n_quantiles is set to n_samples.
  warnings.warn(
[23:31:41] gen153 die  WF +0.4296 gain -0.0191 folds 1/5  mut: ridge_alpha=300.0/ridge=0  (77s)
/home/ubuntu/nba/.venv/lib/python3.12/site-packages/sklearn/preprocessing/_data.py:2905: UserWarning: n_quantiles (1000) is greater than the total number of samples (310). n_quantiles is set to n_samples.
  warnings.warn(
/home/ubuntu/nba/.venv/lib/python3.12/site-packages/sklearn/preprocessing/_data.py:2905: UserWarning: n_quantiles (1000) is greater than the total number of samples (394). n_quantiles is set to n_samples.
  warnings.warn(
/home/ubuntu/nba/.venv/lib/python3.12/site-packages/sklearn/preprocessing/_data.py:2905: UserWarning: n_quantiles (1000) is greater than the total number of samples (460). n_quantiles is set to n_samples.
  warnings.warn(
/home/ubuntu/nba/.venv/lib/python3.12/site-packages/sklearn/preprocessing/_data.py:2905: UserWarning: n_quantiles (1000) is greater than the total number of samples (549). n_quantiles is set to n_samples.
  warnings.warn(
/home/ubuntu/nba/.venv/lib/python3.12/site-packages/sklearn/preprocessing/_data.py:2905: UserWarning: n_quantiles (1000) is greater than the total number of samples (666). n_quantiles is set to n_samples.
  warnings.warn(
[23:33:00] gen154 die  WF +0.4229 gain -0.0258 folds 1/5  mut: knn=0  (80s)
   (critic suggestion) {'M': 250.0, 'ixc': 1}
   (critic suggestion) {'M': 250.0, 'mono': 'off'}
/home/ubuntu/nba/.venv/lib/python3.12/site-packages/sklearn/preprocessing/_data.py:2905: UserWarning: n_quantiles (1000) is greater than the total number of samples (310). n_quantiles is set to n_samples.
  warnings.warn(
/home/ubuntu/nba/.venv/lib/python3.12/site-packages/sklearn/preprocessing/_data.py:2905: UserWarning: n_quantiles (1000) is greater than the total number of samples (394). n_quantiles is set to n_samples.
  warnings.warn(
/home/ubuntu/nba/.venv/lib/python3.12/site-packages/sklearn/preprocessing/_data.py:2905: UserWarning: n_quantiles (1000) is greater than the total number of samples (460). n_quantiles is set to n_samples.
  warnings.warn(
/home/ubuntu/nba/.venv/lib/python3.12/site-packages/sklearn/preprocessing/_data.py:2905: UserWarning: n_quantiles (1000) is greater than the total number of samples (549). n_quantiles is set to n_samples.
  warnings.warn(
/home/ubuntu/nba/.venv/lib/python3.12/site-packages/sklearn/preprocessing/_data.py:2905: UserWarning: n_quantiles (1000) is greater than the total number of samples (666). n_quantiles is set to n_samples.
  warnings.warn(
[23:35:25] gen155 die  WF +0.4482 gain -0.0006 folds 4/5  mut: M=250.0/mono=off  (145s)
   (critic suggestion) {'ixc': 1, 'mono': 'off'}
/home/ubuntu/nba/.venv/lib/python3.12/site-packages/sklearn/preprocessing/_data.py:2905: UserWarning: n_quantiles (1000) is greater than the total number of samples (310). n_quantiles is set to n_samples.
  warnings.warn(
/home/ubuntu/nba/.venv/lib/python3.12/site-packages/sklearn/preprocessing/_data.py:2905: UserWarning: n_quantiles (1000) is greater than the total number of samples (394). n_quantiles is set to n_samples.
  warnings.warn(
/home/ubuntu/nba/.venv/lib/python3.12/site-packages/sklearn/preprocessing/_data.py:2905: UserWarning: n_quantiles (1000) is greater than the total number of samples (460). n_quantiles is set to n_samples.
  warnings.warn(
/home/ubuntu/nba/.venv/lib/python3.12/site-packages/sklearn/preprocessing/_data.py:2905: UserWarning: n_quantiles (1000) is greater than the total number of samples (549). n_quantiles is set to n_samples.
  warnings.warn(
/home/ubuntu/nba/.venv/lib/python3.12/site-packages/sklearn/preprocessing/_data.py:2905: UserWarning: n_quantiles (1000) is greater than the total number of samples (666). n_quantiles is set to n_samples.
  warnings.warn(
[23:38:08] gen156 die  WF +0.4487 gain +0.0000 folds 0/5  mut: ixc=1  (163s)
   (critic suggestion) {'M': 250.0, 'icl_outlier': 4.0}
   (critic suggestion) {'mono': 'off', 'icl_outlier': 4.0}
/home/ubuntu/nba/.venv/lib/python3.12/site-packages/sklearn/preprocessing/_data.py:2905: UserWarning: n_quantiles (1000) is greater than the total number of samples (310). n_quantiles is set to n_samples.
  warnings.warn(
/home/ubuntu/nba/.venv/lib/python3.12/site-packages/sklearn/preprocessing/_data.py:2905: UserWarning: n_quantiles (1000) is greater than the total number of samples (394). n_quantiles is set to n_samples.
  warnings.warn(
/home/ubuntu/nba/.venv/lib/python3.12/site-packages/sklearn/preprocessing/_data.py:2905: UserWarning: n_quantiles (1000) is greater than the total number of samples (460). n_quantiles is set to n_samples.
  warnings.warn(
/home/ubuntu/nba/.venv/lib/python3.12/site-packages/sklearn/preprocessing/_data.py:2905: UserWarning: n_quantiles (1000) is greater than the total number of samples (549). n_quantiles is set to n_samples.
  warnings.warn(
/home/ubuntu/nba/.venv/lib/python3.12/site-packages/sklearn/preprocessing/_data.py:2905: UserWarning: n_quantiles (1000) is greater than the total number of samples (666). n_quantiles is set to n_samples.
  warnings.warn(
[23:40:34] gen157 die  WF +0.4517 gain +0.0029 folds 2/5  mut: icl_outlier=4.0  (145s)
/home/ubuntu/nba/.venv/lib/python3.12/site-packages/sklearn/preprocessing/_data.py:2905: UserWarning: n_quantiles (1000) is greater than the total number of samples (310). n_quantiles is set to n_samples.
  warnings.warn(
/home/ubuntu/nba/.venv/lib/python3.12/site-packages/sklearn/preprocessing/_data.py:2905: UserWarning: n_quantiles (1000) is greater than the total number of samples (394). n_quantiles is set to n_samples.
  warnings.warn(
/home/ubuntu/nba/.venv/lib/python3.12/site-packages/sklearn/preprocessing/_data.py:2905: UserWarning: n_quantiles (1000) is greater than the total number of samples (460). n_quantiles is set to n_samples.
  warnings.warn(
/home/ubuntu/nba/.venv/lib/python3.12/site-packages/sklearn/preprocessing/_data.py:2905: UserWarning: n_quantiles (1000) is greater than the total number of samples (549). n_quantiles is set to n_samples.
  warnings.warn(
/home/ubuntu/nba/.venv/lib/python3.12/site-packages/sklearn/preprocessing/_data.py:2905: UserWarning: n_quantiles (1000) is greater than the total number of samples (666). n_quantiles is set to n_samples.
  warnings.warn(
[23:42:25] gen158 die  WF +0.4482 gain -0.0006 folds 4/5  mut: M=250.0/bag=3  (111s)
/home/ubuntu/nba/.venv/lib/python3.12/site-packages/sklearn/preprocessing/_data.py:2905: UserWarning: n_quantiles (1000) is greater than the total number of samples (310). n_quantiles is set to n_samples.
  warnings.warn(
/home/ubuntu/nba/.venv/lib/python3.12/site-packages/sklearn/preprocessing/_data.py:2905: UserWarning: n_quantiles (1000) is greater than the total number of samples (394). n_quantiles is set to n_samples.
  warnings.warn(
/home/ubuntu/nba/.venv/lib/python3.12/site-packages/sklearn/preprocessing/_data.py:2905: UserWarning: n_quantiles (1000) is greater than the total number of samples (460). n_quantiles is set to n_samples.
  warnings.warn(
/home/ubuntu/nba/.venv/lib/python3.12/site-packages/sklearn/preprocessing/_data.py:2905: UserWarning: n_quantiles (1000) is greater than the total number of samples (549). n_quantiles is set to n_samples.
  warnings.warn(
/home/ubuntu/nba/.venv/lib/python3.12/site-packages/sklearn/preprocessing/_data.py:2905: UserWarning: n_quantiles (1000) is greater than the total number of samples (666). n_quantiles is set to n_samples.
  warnings.warn(
[23:44:51] gen159 die  WF +0.4266 gain -0.0221 folds 2/5  mut: thin=mild/intl=0  (146s)
/home/ubuntu/nba/.venv/lib/python3.12/site-packages/sklearn/preprocessing/_data.py:2905: UserWarning: n_quantiles (1000) is greater than the total number of samples (310). n_quantiles is set to n_samples.
  warnings.warn(
/home/ubuntu/nba/.venv/lib/python3.12/site-packages/sklearn/preprocessing/_data.py:2905: UserWarning: n_quantiles (1000) is greater than the total number of samples (310). n_quantiles is set to n_samples.
  warnings.warn(
/home/ubuntu/nba/.venv/lib/python3.12/site-packages/sklearn/preprocessing/_data.py:2905: UserWarning: n_quantiles (1000) is greater than the total number of samples (394). n_quantiles is set to n_samples.
  warnings.warn(
/home/ubuntu/nba/.venv/lib/python3.12/site-packages/sklearn/preprocessing/_data.py:2905: UserWarning: n_quantiles (1000) is greater than the total number of samples (394). n_quantiles is set to n_samples.
  warnings.warn(
/home/ubuntu/nba/.venv/lib/python3.12/site-packages/sklearn/preprocessing/_data.py:2905: UserWarning: n_quantiles (1000) is greater than the total number of samples (460). n_quantiles is set to n_samples.
  warnings.warn(
/home/ubuntu/nba/.venv/lib/python3.12/site-packages/sklearn/preprocessing/_data.py:2905: UserWarning: n_quantiles (1000) is greater than the total number of samples (460). n_quantiles is set to n_samples.
  warnings.warn(
/home/ubuntu/nba/.venv/lib/python3.12/site-packages/sklearn/preprocessing/_data.py:2905: UserWarning: n_quantiles (1000) is greater than the total number of samples (549). n_quantiles is set to n_samples.
  warnings.warn(
/home/ubuntu/nba/.venv/lib/python3.12/site-packages/sklearn/preprocessing/_data.py:2905: UserWarning: n_quantiles (1000) is greater than the total number of samples (549). n_quantiles is set to n_samples.
  warnings.warn(
/home/ubuntu/nba/.venv/lib/python3.12/site-packages/sklearn/preprocessing/_data.py:2905: UserWarning: n_quantiles (1000) is greater than the total number of samples (666). n_quantiles is set to n_samples.
  warnings.warn(
/home/ubuntu/nba/.venv/lib/python3.12/site-packages/sklearn/preprocessing/_data.py:2905: UserWarning: n_quantiles (1000) is greater than the total number of samples (666). n_quantiles is set to n_samples.
  warnings.warn(
[23:48:14] gen160 die  WF +0.4327 gain -0.0160 folds 2/5  mut: wk=1/labelmix=mix2  (203s)
/home/ubuntu/nba/.venv/lib/python3.12/site-packages/sklearn/preprocessing/_data.py:2905: UserWarning: n_quantiles (1000) is greater than the total number of samples (310). n_quantiles is set to n_samples.
  warnings.warn(
/home/ubuntu/nba/.venv/lib/python3.12/site-packages/sklearn/preprocessing/_data.py:2905: UserWarning: n_quantiles (1000) is greater than the total number of samples (394). n_quantiles is set to n_samples.
  warnings.warn(
/home/ubuntu/nba/.venv/lib/python3.12/site-packages/sklearn/preprocessing/_data.py:2905: UserWarning: n_quantiles (1000) is greater than the total number of samples (460). n_quantiles is set to n_samples.
  warnings.warn(
/home/ubuntu/nba/.venv/lib/python3.12/site-packages/sklearn/preprocessing/_data.py:2905: UserWarning: n_quantiles (1000) is greater than the total number of samples (549). n_quantiles is set to n_samples.
  warnings.warn(
/home/ubuntu/nba/.venv/lib/python3.12/site-packages/sklearn/preprocessing/_data.py:2905: UserWarning: n_quantiles (1000) is greater than the total number of samples (666). n_quantiles is set to n_samples.
  warnings.warn(
   >> review_request.json written for the critic
/home/ubuntu/nba/.venv/lib/python3.12/site-packages/sklearn/preprocessing/_data.py:2905: UserWarning: n_quantiles (1000) is greater than the total number of samples (310). n_quantiles is set to n_samples.
  warnings.warn(
/home/ubuntu/nba/.venv/lib/python3.12/site-packages/sklearn/preprocessing/_data.py:2905: UserWarning: n_quantiles (1000) is greater than the total number of samples (394). n_quantiles is set to n_samples.
  warnings.warn(
/home/ubuntu/nba/.venv/lib/python3.12/site-packages/sklearn/preprocessing/_data.py:2905: UserWarning: n_quantiles (1000) is greater than the total number of samples (460). n_quantiles is set to n_samples.
  warnings.warn(
/home/ubuntu/nba/.venv/lib/python3.12/site-packages/sklearn/preprocessing/_data.py:2905: UserWarning: n_quantiles (1000) is greater than the total number of samples (549). n_quantiles is set to n_samples.
  warnings.warn(
/home/ubuntu/nba/.venv/lib/python3.12/site-packages/sklearn/preprocessing/_data.py:2905: UserWarning: n_quantiles (1000) is greater than the total number of samples (666). n_quantiles is set to n_samples.
  warnings.warn(
[23:52:07] gen161 die  WF +0.4213 gain -0.0274 folds 1/5  mut: cons=0.2/hurdle=1  (169s)
/home/ubuntu/nba/.venv/lib/python3.12/site-packages/sklearn/preprocessing/_data.py:2905: UserWarning: n_quantiles (1000) is greater than the total number of samples (310). n_quantiles is set to n_samples.
  warnings.warn(
/home/ubuntu/nba/.venv/lib/python3.12/site-packages/sklearn/preprocessing/_data.py:2905: UserWarning: n_quantiles (1000) is greater than the total number of samples (394). n_quantiles is set to n_samples.
  warnings.warn(
/home/ubuntu/nba/.venv/lib/python3.12/site-packages/sklearn/preprocessing/_data.py:2905: UserWarning: n_quantiles (1000) is greater than the total number of samples (460). n_quantiles is set to n_samples.
  warnings.warn(
/home/ubuntu/nba/.venv/lib/python3.12/site-packages/sklearn/preprocessing/_data.py:2905: UserWarning: n_quantiles (1000) is greater than the total number of samples (549). n_quantiles is set to n_samples.
  warnings.warn(
/home/ubuntu/nba/.venv/lib/python3.12/site-packages/sklearn/preprocessing/_data.py:2905: UserWarning: n_quantiles (1000) is greater than the total number of samples (666). n_quantiles is set to n_samples.
  warnings.warn(
[23:53:11] gen162 die  WF +0.4324 gain -0.0163 folds 0/5  mut: covw=0  (64s)
/home/ubuntu/nba/.venv/lib/python3.12/site-packages/sklearn/preprocessing/_data.py:2905: UserWarning: n_quantiles (1000) is greater than the total number of samples (310). n_quantiles is set to n_samples.
  warnings.warn(
/home/ubuntu/nba/.venv/lib/python3.12/site-packages/sklearn/preprocessing/_data.py:2905: UserWarning: n_quantiles (1000) is greater than the total number of samples (310). n_quantiles is set to n_samples.
  warnings.warn(
/home/ubuntu/nba/.venv/lib/python3.12/site-packages/sklearn/preprocessing/_data.py:2905: UserWarning: n_quantiles (1000) is greater than the total number of samples (310). n_quantiles is set to n_samples.
  warnings.warn(
/home/ubuntu/nba/.venv/lib/python3.12/site-packages/sklearn/preprocessing/_data.py:2905: UserWarning: n_quantiles (1000) is greater than the total number of samples (310). n_quantiles is set to n_samples.
  warnings.warn(
/home/ubuntu/nba/.venv/lib/python3.12/site-packages/sklearn/preprocessing/_data.py:2905: UserWarning: n_quantiles (1000) is greater than the total number of samples (310). n_quantiles is set to n_samples.
  warnings.warn(
/home/ubuntu/nba/.venv/lib/python3.12/site-packages/sklearn/preprocessing/_data.py:2905: UserWarning: n_quantiles (1000) is greater than the total number of samples (394). n_quantiles is set to n_samples.
  warnings.warn(
/home/ubuntu/nba/.venv/lib/python3.12/site-packages/sklearn/preprocessing/_data.py:2905: UserWarning: n_quantiles (1000) is greater than the total number of samples (394). n_quantiles is set to n_samples.
  warnings.warn(
/home/ubuntu/nba/.venv/lib/python3.12/site-packages/sklearn/preprocessing/_data.py:2905: UserWarning: n_quantiles (1000) is greater than the total number of samples (394). n_quantiles is set to n_samples.
  warnings.warn(
/home/ubuntu/nba/.venv/lib/python3.12/site-packages/sklearn/preprocessing/_data.py:2905: UserWarning: n_quantiles (1000) is greater than the total number of samples (394). n_quantiles is set to n_samples.
  warnings.warn(
/home/ubuntu/nba/.venv/lib/python3.12/site-packages/sklearn/preprocessing/_data.py:2905: UserWarning: n_quantiles (1000) is greater than the total number of samples (394). n_quantiles is set to n_samples.
  warnings.warn(
/home/ubuntu/nba/.venv/lib/python3.12/site-packages/sklearn/preprocessing/_data.py:2905: UserWarning: n_quantiles (1000) is greater than the total number of samples (460). n_quantiles is set to n_samples.
  warnings.warn(
/home/ubuntu/nba/.venv/lib/python3.12/site-packages/sklearn/preprocessing/_data.py:2905: UserWarning: n_quantiles (1000) is greater than the total number of samples (460). n_quantiles is set to n_samples.
  warnings.warn(
/home/ubuntu/nba/.venv/lib/python3.12/site-packages/sklearn/preprocessing/_data.py:2905: UserWarning: n_quantiles (1000) is greater than the total number of samples (460). n_quantiles is set to n_samples.
  warnings.warn(
/home/ubuntu/nba/.venv/lib/python3.12/site-packages/sklearn/preprocessing/_data.py:2905: UserWarning: n_quantiles (1000) is greater than the total number of samples (460). n_quantiles is set to n_samples.
  warnings.warn(
/home/ubuntu/nba/.venv/lib/python3.12/site-packages/sklearn/preprocessing/_data.py:2905: UserWarning: n_quantiles (1000) is greater than the total number of samples (460). n_quantiles is set to n_samples.
  warnings.warn(
/home/ubuntu/nba/.venv/lib/python3.12/site-packages/sklearn/preprocessing/_data.py:2905: UserWarning: n_quantiles (1000) is greater than the total number of samples (549). n_quantiles is set to n_samples.
  warnings.warn(
/home/ubuntu/nba/.venv/lib/python3.12/site-packages/sklearn/preprocessing/_data.py:2905: UserWarning: n_quantiles (1000) is greater than the total number of samples (549). n_quantiles is set to n_samples.
  warnings.warn(
/home/ubuntu/nba/.venv/lib/python3.12/site-packages/sklearn/preprocessing/_data.py:2905: UserWarning: n_quantiles (1000) is greater than the total number of samples (549). n_quantiles is set to n_samples.
  warnings.warn(
/home/ubuntu/nba/.venv/lib/python3.12/site-packages/sklearn/preprocessing/_data.py:2905: UserWarning: n_quantiles (1000) is greater than the total number of samples (549). n_quantiles is set to n_samples.
  warnings.warn(
/home/ubuntu/nba/.venv/lib/python3.12/site-packages/sklearn/preprocessing/_data.py:2905: UserWarning: n_quantiles (1000) is greater than the total number of samples (549). n_quantiles is set to n_samples.
  warnings.warn(
/home/ubuntu/nba/.venv/lib/python3.12/site-packages/sklearn/preprocessing/_data.py:2905: UserWarning: n_quantiles (1000) is greater than the total number of samples (666). n_quantiles is set to n_samples.
  warnings.warn(
/home/ubuntu/nba/.venv/lib/python3.12/site-packages/sklearn/preprocessing/_data.py:2905: UserWarning: n_quantiles (1000) is greater than the total number of samples (666). n_quantiles is set to n_samples.
  warnings.warn(
/home/ubuntu/nba/.venv/lib/python3.12/site-packages/sklearn/preprocessing/_data.py:2905: UserWarning: n_quantiles (1000) is greater than the total number of samples (666). n_quantiles is set to n_samples.
  warnings.warn(
/home/ubuntu/nba/.venv/lib/python3.12/site-packages/sklearn/preprocessing/_data.py:2905: UserWarning: n_quantiles (1000) is greater than the total number of samples (666). n_quantiles is set to n_samples.
  warnings.warn(
/home/ubuntu/nba/.venv/lib/python3.12/site-packages/sklearn/preprocessing/_data.py:2905: UserWarning: n_quantiles (1000) is greater than the total number of samples (666). n_quantiles is set to n_samples.
  warnings.warn(
[23:58:36] gen163 die  WF +0.4340 gain -0.0147 folds 2/5  mut: knn=0/hz=1  (326s)
   (critic suggestion) {'ridge_alpha': 300, 'resid': 1}
/home/ubuntu/nba/.venv/lib/python3.12/site-packages/sklearn/preprocessing/_data.py:2905: UserWarning: n_quantiles (1000) is greater than the total number of samples (206). n_quantiles is set to n_samples.
  warnings.warn(
/home/ubuntu/nba/.venv/lib/python3.12/site-packages/sklearn/preprocessing/_data.py:2905: UserWarning: n_quantiles (1000) is greater than the total number of samples (207). n_quantiles is set to n_samples.
  warnings.warn(
/home/ubuntu/nba/.venv/lib/python3.12/site-packages/sklearn/preprocessing/_data.py:2905: UserWarning: n_quantiles (1000) is greater than the total number of samples (207). n_quantiles is set to n_samples.
  warnings.warn(
/home/ubuntu/nba/.venv/lib/python3.12/site-packages/sklearn/preprocessing/_data.py:2905: UserWarning: n_quantiles (1000) is greater than the total number of samples (310). n_quantiles is set to n_samples.
  warnings.warn(
/home/ubuntu/nba/.venv/lib/python3.12/site-packages/sklearn/preprocessing/_data.py:2905: UserWarning: n_quantiles (1000) is greater than the total number of samples (310). n_quantiles is set to n_samples.
  warnings.warn(
/home/ubuntu/nba/.venv/lib/python3.12/site-packages/sklearn/preprocessing/_data.py:2905: UserWarning: n_quantiles (1000) is greater than the total number of samples (262). n_quantiles is set to n_samples.
  warnings.warn(
/home/ubuntu/nba/.venv/lib/python3.12/site-packages/sklearn/preprocessing/_data.py:2905: UserWarning: n_quantiles (1000) is greater than the total number of samples (263). n_quantiles is set to n_samples.
  warnings.warn(
/home/ubuntu/nba/.venv/lib/python3.12/site-packages/sklearn/preprocessing/_data.py:2905: UserWarning: n_quantiles (1000) is greater than the total number of samples (263). n_quantiles is set to n_samples.
  warnings.warn(
/home/ubuntu/nba/.venv/lib/python3.12/site-packages/sklearn/preprocessing/_data.py:2905: UserWarning: n_quantiles (1000) is greater than the total number of samples (394). n_quantiles is set to n_samples.
  warnings.warn(
/home/ubuntu/nba/.venv/lib/python3.12/site-packages/sklearn/preprocessing/_data.py:2905: UserWarning: n_quantiles (1000) is greater than the total number of samples (394). n_quantiles is set to n_samples.
  warnings.warn(
/home/ubuntu/nba/.venv/lib/python3.12/site-packages/sklearn/preprocessing/_data.py:2905: UserWarning: n_quantiles (1000) is greater than the total number of samples (306). n_quantiles is set to n_samples.
  warnings.warn(
/home/ubuntu/nba/.venv/lib/python3.12/site-packages/sklearn/preprocessing/_data.py:2905: UserWarning: n_quantiles (1000) is greater than the total number of samples (307). n_quantiles is set to n_samples.
  warnings.warn(
/home/ubuntu/nba/.venv/lib/python3.12/site-packages/sklearn/preprocessing/_data.py:2905: UserWarning: n_quantiles (1000) is greater than the total number of samples (307). n_quantiles is set to n_samples.
  warnings.warn(
/home/ubuntu/nba/.venv/lib/python3.12/site-packages/sklearn/preprocessing/_data.py:2905: UserWarning: n_quantiles (1000) is greater than the total number of samples (460). n_quantiles is set to n_samples.
  warnings.warn(
/home/ubuntu/nba/.venv/lib/python3.12/site-packages/sklearn/preprocessing/_data.py:2905: UserWarning: n_quantiles (1000) is greater than the total number of samples (460). n_quantiles is set to n_samples.
  warnings.warn(
/home/ubuntu/nba/.venv/lib/python3.12/site-packages/sklearn/preprocessing/_data.py:2905: UserWarning: n_quantiles (1000) is greater than the total number of samples (366). n_quantiles is set to n_samples.
  warnings.warn(
/home/ubuntu/nba/.venv/lib/python3.12/site-packages/sklearn/preprocessing/_data.py:2905: UserWarning: n_quantiles (1000) is greater than the total number of samples (366). n_quantiles is set to n_samples.
  warnings.warn(
/home/ubuntu/nba/.venv/lib/python3.12/site-packages/sklearn/preprocessing/_data.py:2905: UserWarning: n_quantiles (1000) is greater than the total number of samples (366). n_quantiles is set to n_samples.
  warnings.warn(
/home/ubuntu/nba/.venv/lib/python3.12/site-packages/sklearn/preprocessing/_data.py:2905: UserWarning: n_quantiles (1000) is greater than the total number of samples (549). n_quantiles is set to n_samples.
  warnings.warn(
/home/ubuntu/nba/.venv/lib/python3.12/site-packages/sklearn/preprocessing/_data.py:2905: UserWarning: n_quantiles (1000) is greater than the total number of samples (549). n_quantiles is set to n_samples.
  warnings.warn(
/home/ubuntu/nba/.venv/lib/python3.12/site-packages/sklearn/preprocessing/_data.py:2905: UserWarning: n_quantiles (1000) is greater than the total number of samples (444). n_quantiles is set to n_samples.
  warnings.warn(
/home/ubuntu/nba/.venv/lib/python3.12/site-packages/sklearn/preprocessing/_data.py:2905: UserWarning: n_quantiles (1000) is greater than the total number of samples (444). n_quantiles is set to n_samples.
  warnings.warn(
/home/ubuntu/nba/.venv/lib/python3.12/site-packages/sklearn/preprocessing/_data.py:2905: UserWarning: n_quantiles (1000) is greater than the total number of samples (444). n_quantiles is set to n_samples.
  warnings.warn(
/home/ubuntu/nba/.venv/lib/python3.12/site-packages/sklearn/preprocessing/_data.py:2905: UserWarning: n_quantiles (1000) is greater than the total number of samples (666). n_quantiles is set to n_samples.
  warnings.warn(
/home/ubuntu/nba/.venv/lib/python3.12/site-packages/sklearn/preprocessing/_data.py:2905: UserWarning: n_quantiles (1000) is greater than the total number of samples (666). n_quantiles is set to n_samples.
  warnings.warn(
[00:01:23] gen164 die  WF +0.4481 gain -0.0006 folds 2/5  mut: resid=1/ridge_alpha=300  (167s)
   (critic suggestion) {'icl_outlier': 4.0, 'M': 250}
/home/ubuntu/nba/.venv/lib/python3.12/site-packages/sklearn/preprocessing/_data.py:2905: UserWarning: n_quantiles (1000) is greater than the total number of samples (310). n_quantiles is set to n_samples.
  warnings.warn(
/home/ubuntu/nba/.venv/lib/python3.12/site-packages/sklearn/preprocessing/_data.py:2905: UserWarning: n_quantiles (1000) is greater than the total number of samples (394). n_quantiles is set to n_samples.
  warnings.warn(
/home/ubuntu/nba/.venv/lib/python3.12/site-packages/sklearn/preprocessing/_data.py:2905: UserWarning: n_quantiles (1000) is greater than the total number of samples (460). n_quantiles is set to n_samples.
  warnings.warn(
/home/ubuntu/nba/.venv/lib/python3.12/site-packages/sklearn/preprocessing/_data.py:2905: UserWarning: n_quantiles (1000) is greater than the total number of samples (549). n_quantiles is set to n_samples.
  warnings.warn(
/home/ubuntu/nba/.venv/lib/python3.12/site-packages/sklearn/preprocessing/_data.py:2905: UserWarning: n_quantiles (1000) is greater than the total number of samples (666). n_quantiles is set to n_samples.
  warnings.warn(
[00:03:51] gen165 die  WF +0.4464 gain -0.0023 folds 2/5  mut: icl_outlier=4.0  (148s)
   (critic suggestion) {'M': 250, 'ridge_alpha': 300}
/home/ubuntu/nba/.venv/lib/python3.12/site-packages/sklearn/preprocessing/_data.py:2905: UserWarning: n_quantiles (1000) is greater than the total number of samples (310). n_quantiles is set to n_samples.
  warnings.warn(
/home/ubuntu/nba/.venv/lib/python3.12/site-packages/sklearn/preprocessing/_data.py:2905: UserWarning: n_quantiles (1000) is greater than the total number of samples (394). n_quantiles is set to n_samples.
  warnings.warn(
/home/ubuntu/nba/.venv/lib/python3.12/site-packages/sklearn/preprocessing/_data.py:2905: UserWarning: n_quantiles (1000) is greater than the total number of samples (460). n_quantiles is set to n_samples.
  warnings.warn(
/home/ubuntu/nba/.venv/lib/python3.12/site-packages/sklearn/preprocessing/_data.py:2905: UserWarning: n_quantiles (1000) is greater than the total number of samples (549). n_quantiles is set to n_samples.
  warnings.warn(
/home/ubuntu/nba/.venv/lib/python3.12/site-packages/sklearn/preprocessing/_data.py:2905: UserWarning: n_quantiles (1000) is greater than the total number of samples (666). n_quantiles is set to n_samples.
  warnings.warn(
[00:06:21] gen166 die  WF +0.4415 gain -0.0072 folds 2/5  mut: ridge_alpha=300  (150s)
   (critic suggestion) {'icl_outlier': 4.0, 'resid': 1}
/home/ubuntu/nba/.venv/lib/python3.12/site-packages/sklearn/preprocessing/_data.py:2905: UserWarning: n_quantiles (1000) is greater than the total number of samples (206). n_quantiles is set to n_samples.
  warnings.warn(
/home/ubuntu/nba/.venv/lib/python3.12/site-packages/sklearn/preprocessing/_data.py:2905: UserWarning: n_quantiles (1000) is greater than the total number of samples (207). n_quantiles is set to n_samples.
  warnings.warn(
/home/ubuntu/nba/.venv/lib/python3.12/site-packages/sklearn/preprocessing/_data.py:2905: UserWarning: n_quantiles (1000) is greater than the total number of samples (207). n_quantiles is set to n_samples.
  warnings.warn(
/home/ubuntu/nba/.venv/lib/python3.12/site-packages/sklearn/preprocessing/_data.py:2905: UserWarning: n_quantiles (1000) is greater than the total number of samples (310). n_quantiles is set to n_samples.
  warnings.warn(
/home/ubuntu/nba/.venv/lib/python3.12/site-packages/sklearn/preprocessing/_data.py:2905: UserWarning: n_quantiles (1000) is greater than the total number of samples (310). n_quantiles is set to n_samples.
  warnings.warn(
/home/ubuntu/nba/.venv/lib/python3.12/site-packages/sklearn/preprocessing/_data.py:2905: UserWarning: n_quantiles (1000) is greater than the total number of samples (262). n_quantiles is set to n_samples.
  warnings.warn(
/home/ubuntu/nba/.venv/lib/python3.12/site-packages/sklearn/preprocessing/_data.py:2905: UserWarning: n_quantiles (1000) is greater than the total number of samples (263). n_quantiles is set to n_samples.
  warnings.warn(
/home/ubuntu/nba/.venv/lib/python3.12/site-packages/sklearn/preprocessing/_data.py:2905: UserWarning: n_quantiles (1000) is greater than the total number of samples (263). n_quantiles is set to n_samples.
  warnings.warn(
/home/ubuntu/nba/.venv/lib/python3.12/site-packages/sklearn/preprocessing/_data.py:2905: UserWarning: n_quantiles (1000) is greater than the total number of samples (394). n_quantiles is set to n_samples.
  warnings.warn(
/home/ubuntu/nba/.venv/lib/python3.12/site-packages/sklearn/preprocessing/_data.py:2905: UserWarning: n_quantiles (1000) is greater than the total number of samples (394). n_quantiles is set to n_samples.
  warnings.warn(
/home/ubuntu/nba/.venv/lib/python3.12/site-packages/sklearn/preprocessing/_data.py:2905: UserWarning: n_quantiles (1000) is greater than the total number of samples (306). n_quantiles is set to n_samples.
  warnings.warn(
/home/ubuntu/nba/.venv/lib/python3.12/site-packages/sklearn/preprocessing/_data.py:2905: UserWarning: n_quantiles (1000) is greater than the total number of samples (307). n_quantiles is set to n_samples.
  warnings.warn(
/home/ubuntu/nba/.venv/lib/python3.12/site-packages/sklearn/preprocessing/_data.py:2905: UserWarning: n_quantiles (1000) is greater than the total number of samples (307). n_quantiles is set to n_samples.
  warnings.warn(
/home/ubuntu/nba/.venv/lib/python3.12/site-packages/sklearn/preprocessing/_data.py:2905: UserWarning: n_quantiles (1000) is greater than the total number of samples (460). n_quantiles is set to n_samples.
  warnings.warn(
/home/ubuntu/nba/.venv/lib/python3.12/site-packages/sklearn/preprocessing/_data.py:2905: UserWarning: n_quantiles (1000) is greater than the total number of samples (460). n_quantiles is set to n_samples.
  warnings.warn(
/home/ubuntu/nba/.venv/lib/python3.12/site-packages/sklearn/preprocessing/_data.py:2905: UserWarning: n_quantiles (1000) is greater than the total number of samples (366). n_quantiles is set to n_samples.
  warnings.warn(
/home/ubuntu/nba/.venv/lib/python3.12/site-packages/sklearn/preprocessing/_data.py:2905: UserWarning: n_quantiles (1000) is greater than the total number of samples (366). n_quantiles is set to n_samples.
  warnings.warn(
/home/ubuntu/nba/.venv/lib/python3.12/site-packages/sklearn/preprocessing/_data.py:2905: UserWarning: n_quantiles (1000) is greater than the total number of samples (366). n_quantiles is set to n_samples.
  warnings.warn(
/home/ubuntu/nba/.venv/lib/python3.12/site-packages/sklearn/preprocessing/_data.py:2905: UserWarning: n_quantiles (1000) is greater than the total number of samples (549). n_quantiles is set to n_samples.
  warnings.warn(
/home/ubuntu/nba/.venv/lib/python3.12/site-packages/sklearn/preprocessing/_data.py:2905: UserWarning: n_quantiles (1000) is greater than the total number of samples (549). n_quantiles is set to n_samples.
  warnings.warn(
/home/ubuntu/nba/.venv/lib/python3.12/site-packages/sklearn/preprocessing/_data.py:2905: UserWarning: n_quantiles (1000) is greater than the total number of samples (444). n_quantiles is set to n_samples.
  warnings.warn(
/home/ubuntu/nba/.venv/lib/python3.12/site-packages/sklearn/preprocessing/_data.py:2905: UserWarning: n_quantiles (1000) is greater than the total number of samples (444). n_quantiles is set to n_samples.
  warnings.warn(
/home/ubuntu/nba/.venv/lib/python3.12/site-packages/sklearn/preprocessing/_data.py:2905: UserWarning: n_quantiles (1000) is greater than the total number of samples (444). n_quantiles is set to n_samples.
  warnings.warn(
/home/ubuntu/nba/.venv/lib/python3.12/site-packages/sklearn/preprocessing/_data.py:2905: UserWarning: n_quantiles (1000) is greater than the total number of samples (666). n_quantiles is set to n_samples.
  warnings.warn(
/home/ubuntu/nba/.venv/lib/python3.12/site-packages/sklearn/preprocessing/_data.py:2905: UserWarning: n_quantiles (1000) is greater than the total number of samples (666). n_quantiles is set to n_samples.
  warnings.warn(
[00:09:08] gen167 die  WF +0.4517 gain +0.0029 folds 2/5  mut: icl_outlier=4.0/resid=1  (167s)
   (critic suggestion) {'ridge_alpha': 1000, 'M': 250}
/home/ubuntu/nba/.venv/lib/python3.12/site-packages/sklearn/preprocessing/_data.py:2905: UserWarning: n_quantiles (1000) is greater than the total number of samples (310). n_quantiles is set to n_samples.
  warnings.warn(
/home/ubuntu/nba/.venv/lib/python3.12/site-packages/sklearn/preprocessing/_data.py:2905: UserWarning: n_quantiles (1000) is greater than the total number of samples (394). n_quantiles is set to n_samples.
  warnings.warn(
/home/ubuntu/nba/.venv/lib/python3.12/site-packages/sklearn/preprocessing/_data.py:2905: UserWarning: n_quantiles (1000) is greater than the total number of samples (460). n_quantiles is set to n_samples.
  warnings.warn(
/home/ubuntu/nba/.venv/lib/python3.12/site-packages/sklearn/preprocessing/_data.py:2905: UserWarning: n_quantiles (1000) is greater than the total number of samples (549). n_quantiles is set to n_samples.
  warnings.warn(
/home/ubuntu/nba/.venv/lib/python3.12/site-packages/sklearn/preprocessing/_data.py:2905: UserWarning: n_quantiles (1000) is greater than the total number of samples (666). n_quantiles is set to n_samples.
  warnings.warn(
[00:11:33] gen168 die  WF +0.4306 gain -0.0182 folds 1/5  mut: ridge_alpha=1000  (145s)
/home/ubuntu/nba/.venv/lib/python3.12/site-packages/sklearn/preprocessing/_data.py:2905: UserWarning: n_quantiles (1000) is greater than the total number of samples (206). n_quantiles is set to n_samples.
  warnings.warn(
/home/ubuntu/nba/.venv/lib/python3.12/site-packages/sklearn/preprocessing/_data.py:2905: UserWarning: n_quantiles (1000) is greater than the total number of samples (207). n_quantiles is set to n_samples.
  warnings.warn(
/home/ubuntu/nba/.venv/lib/python3.12/site-packages/sklearn/preprocessing/_data.py:2905: UserWarning: n_quantiles (1000) is greater than the total number of samples (207). n_quantiles is set to n_samples.
  warnings.warn(
/home/ubuntu/nba/.venv/lib/python3.12/site-packages/sklearn/preprocessing/_data.py:2905: UserWarning: n_quantiles (1000) is greater than the total number of samples (310). n_quantiles is set to n_samples.
  warnings.warn(
/home/ubuntu/nba/.venv/lib/python3.12/site-packages/sklearn/preprocessing/_data.py:2905: UserWarning: n_quantiles (1000) is greater than the total number of samples (310). n_quantiles is set to n_samples.
  warnings.warn(
/home/ubuntu/nba/.venv/lib/python3.12/site-packages/sklearn/preprocessing/_data.py:2905: UserWarning: n_quantiles (1000) is greater than the total number of samples (262). n_quantiles is set to n_samples.
  warnings.warn(
/home/ubuntu/nba/.venv/lib/python3.12/site-packages/sklearn/preprocessing/_data.py:2905: UserWarning: n_quantiles (1000) is greater than the total number of samples (263). n_quantiles is set to n_samples.
  warnings.warn(
/home/ubuntu/nba/.venv/lib/python3.12/site-packages/sklearn/preprocessing/_data.py:2905: UserWarning: n_quantiles (1000) is greater than the total number of samples (263). n_quantiles is set to n_samples.
  warnings.warn(
/home/ubuntu/nba/.venv/lib/python3.12/site-packages/sklearn/preprocessing/_data.py:2905: UserWarning: n_quantiles (1000) is greater than the total number of samples (394). n_quantiles is set to n_samples.
  warnings.warn(
/home/ubuntu/nba/.venv/lib/python3.12/site-packages/sklearn/preprocessing/_data.py:2905: UserWarning: n_quantiles (1000) is greater than the total number of samples (394). n_quantiles is set to n_samples.
  warnings.warn(
/home/ubuntu/nba/.venv/lib/python3.12/site-packages/sklearn/preprocessing/_data.py:2905: UserWarning: n_quantiles (1000) is greater than the total number of samples (306). n_quantiles is set to n_samples.
  warnings.warn(
/home/ubuntu/nba/.venv/lib/python3.12/site-packages/sklearn/preprocessing/_data.py:2905: UserWarning: n_quantiles (1000) is greater than the total number of samples (307). n_quantiles is set to n_samples.
  warnings.warn(
/home/ubuntu/nba/.venv/lib/python3.12/site-packages/sklearn/preprocessing/_data.py:2905: UserWarning: n_quantiles (1000) is greater than the total number of samples (307). n_quantiles is set to n_samples.
  warnings.warn(
/home/ubuntu/nba/.venv/lib/python3.12/site-packages/sklearn/preprocessing/_data.py:2905: UserWarning: n_quantiles (1000) is greater than the total number of samples (460). n_quantiles is set to n_samples.
  warnings.warn(
/home/ubuntu/nba/.venv/lib/python3.12/site-packages/sklearn/preprocessing/_data.py:2905: UserWarning: n_quantiles (1000) is greater than the total number of samples (460). n_quantiles is set to n_samples.
  warnings.warn(
/home/ubuntu/nba/.venv/lib/python3.12/site-packages/sklearn/preprocessing/_data.py:2905: UserWarning: n_quantiles (1000) is greater than the total number of samples (366). n_quantiles is set to n_samples.
  warnings.warn(
/home/ubuntu/nba/.venv/lib/python3.12/site-packages/sklearn/preprocessing/_data.py:2905: UserWarning: n_quantiles (1000) is greater than the total number of samples (366). n_quantiles is set to n_samples.
  warnings.warn(
/home/ubuntu/nba/.venv/lib/python3.12/site-packages/sklearn/preprocessing/_data.py:2905: UserWarning: n_quantiles (1000) is greater than the total number of samples (366). n_quantiles is set to n_samples.
  warnings.warn(
/home/ubuntu/nba/.venv/lib/python3.12/site-packages/sklearn/preprocessing/_data.py:2905: UserWarning: n_quantiles (1000) is greater than the total number of samples (549). n_quantiles is set to n_samples.
  warnings.warn(
/home/ubuntu/nba/.venv/lib/python3.12/site-packages/sklearn/preprocessing/_data.py:2905: UserWarning: n_quantiles (1000) is greater than the total number of samples (549). n_quantiles is set to n_samples.
  warnings.warn(
/home/ubuntu/nba/.venv/lib/python3.12/site-packages/sklearn/preprocessing/_data.py:2905: UserWarning: n_quantiles (1000) is greater than the total number of samples (444). n_quantiles is set to n_samples.
  warnings.warn(
/home/ubuntu/nba/.venv/lib/python3.12/site-packages/sklearn/preprocessing/_data.py:2905: UserWarning: n_quantiles (1000) is greater than the total number of samples (444). n_quantiles is set to n_samples.
  warnings.warn(
/home/ubuntu/nba/.venv/lib/python3.12/site-packages/sklearn/preprocessing/_data.py:2905: UserWarning: n_quantiles (1000) is greater than the total number of samples (444). n_quantiles is set to n_samples.
  warnings.warn(
/home/ubuntu/nba/.venv/lib/python3.12/site-packages/sklearn/preprocessing/_data.py:2905: UserWarning: n_quantiles (1000) is greater than the total number of samples (666). n_quantiles is set to n_samples.
  warnings.warn(
/home/ubuntu/nba/.venv/lib/python3.12/site-packages/sklearn/preprocessing/_data.py:2905: UserWarning: n_quantiles (1000) is greater than the total number of samples (666). n_quantiles is set to n_samples.
  warnings.warn(
[00:13:14] gen169 die  WF +0.4363 gain -0.0125 folds 2/5  mut: resid=1/ridge=0  (101s)
/home/ubuntu/nba/.venv/lib/python3.12/site-packages/sklearn/preprocessing/_data.py:2905: UserWarning: n_quantiles (1000) is greater than the total number of samples (310). n_quantiles is set to n_samples.
  warnings.warn(
/home/ubuntu/nba/.venv/lib/python3.12/site-packages/sklearn/preprocessing/_data.py:2905: UserWarning: n_quantiles (1000) is greater than the total number of samples (394). n_quantiles is set to n_samples.
  warnings.warn(
/home/ubuntu/nba/.venv/lib/python3.12/site-packages/sklearn/preprocessing/_data.py:2905: UserWarning: n_quantiles (1000) is greater than the total number of samples (460). n_quantiles is set to n_samples.
  warnings.warn(
/home/ubuntu/nba/.venv/lib/python3.12/site-packages/sklearn/preprocessing/_data.py:2905: UserWarning: n_quantiles (1000) is greater than the total number of samples (549). n_quantiles is set to n_samples.
  warnings.warn(
/home/ubuntu/nba/.venv/lib/python3.12/site-packages/sklearn/preprocessing/_data.py:2905: UserWarning: n_quantiles (1000) is greater than the total number of samples (666). n_quantiles is set to n_samples.
  warnings.warn(
[00:15:39] gen170 die  WF +0.4371 gain -0.0117 folds 2/5  mut: hw=disc70/label=rank  (145s)
/home/ubuntu/nba/.venv/lib/python3.12/site-packages/sklearn/preprocessing/_data.py:2905: UserWarning: n_quantiles (1000) is greater than the total number of samples (310). n_quantiles is set to n_samples.
  warnings.warn(
/home/ubuntu/nba/.venv/lib/python3.12/site-packages/sklearn/preprocessing/_data.py:2905: UserWarning: n_quantiles (1000) is greater than the total number of samples (394). n_quantiles is set to n_samples.
  warnings.warn(
/home/ubuntu/nba/.venv/lib/python3.12/site-packages/sklearn/preprocessing/_data.py:2905: UserWarning: n_quantiles (1000) is greater than the total number of samples (460). n_quantiles is set to n_samples.
  warnings.warn(
/home/ubuntu/nba/.venv/lib/python3.12/site-packages/sklearn/preprocessing/_data.py:2905: UserWarning: n_quantiles (1000) is greater than the total number of samples (549). n_quantiles is set to n_samples.
  warnings.warn(
/home/ubuntu/nba/.venv/lib/python3.12/site-packages/sklearn/preprocessing/_data.py:2905: UserWarning: n_quantiles (1000) is greater than the total number of samples (666). n_quantiles is set to n_samples.
  warnings.warn(
   >> review_request.json written for the critic
/home/ubuntu/nba/.venv/lib/python3.12/site-packages/sklearn/preprocessing/_data.py:2905: UserWarning: n_quantiles (1000) is greater than the total number of samples (310). n_quantiles is set to n_samples.
  warnings.warn(
/home/ubuntu/nba/.venv/lib/python3.12/site-packages/sklearn/preprocessing/_data.py:2905: UserWarning: n_quantiles (1000) is greater than the total number of samples (394). n_quantiles is set to n_samples.
  warnings.warn(
/home/ubuntu/nba/.venv/lib/python3.12/site-packages/sklearn/preprocessing/_data.py:2905: UserWarning: n_quantiles (1000) is greater than the total number of samples (460). n_quantiles is set to n_samples.
  warnings.warn(
/home/ubuntu/nba/.venv/lib/python3.12/site-packages/sklearn/preprocessing/_data.py:2905: UserWarning: n_quantiles (1000) is greater than the total number of samples (549). n_quantiles is set to n_samples.
  warnings.warn(
/home/ubuntu/nba/.venv/lib/python3.12/site-packages/sklearn/preprocessing/_data.py:2905: UserWarning: n_quantiles (1000) is greater than the total number of samples (666). n_quantiles is set to n_samples.
  warnings.warn(
[00:18:34] gen171 die  WF +0.4315 gain -0.0173 folds 2/5  mut: el=0  (110s)
/home/ubuntu/nba/.venv/lib/python3.12/site-packages/sklearn/preprocessing/_data.py:2905: UserWarning: n_quantiles (1000) is greater than the total number of samples (310). n_quantiles is set to n_samples.
  warnings.warn(
/home/ubuntu/nba/.venv/lib/python3.12/site-packages/sklearn/preprocessing/_data.py:2905: UserWarning: n_quantiles (1000) is greater than the total number of samples (394). n_quantiles is set to n_samples.
  warnings.warn(
/home/ubuntu/nba/.venv/lib/python3.12/site-packages/sklearn/preprocessing/_data.py:2905: UserWarning: n_quantiles (1000) is greater than the total number of samples (460). n_quantiles is set to n_samples.
  warnings.warn(
/home/ubuntu/nba/.venv/lib/python3.12/site-packages/sklearn/preprocessing/_data.py:2905: UserWarning: n_quantiles (1000) is greater than the total number of samples (549). n_quantiles is set to n_samples.
  warnings.warn(
/home/ubuntu/nba/.venv/lib/python3.12/site-packages/sklearn/preprocessing/_data.py:2905: UserWarning: n_quantiles (1000) is greater than the total number of samples (666). n_quantiles is set to n_samples.
  warnings.warn(
[00:21:05] gen172 die  WF +0.4254 gain -0.0233 folds 1/5  mut: M=250.0/thin=strong  (151s)
/home/ubuntu/nba/.venv/lib/python3.12/site-packages/sklearn/preprocessing/_data.py:2905: UserWarning: n_quantiles (1000) is greater than the total number of samples (310). n_quantiles is set to n_samples.
  warnings.warn(
/home/ubuntu/nba/.venv/lib/python3.12/site-packages/sklearn/preprocessing/_data.py:2905: UserWarning: n_quantiles (1000) is greater than the total number of samples (394). n_quantiles is set to n_samples.
  warnings.warn(
/home/ubuntu/nba/.venv/lib/python3.12/site-packages/sklearn/preprocessing/_data.py:2905: UserWarning: n_quantiles (1000) is greater than the total number of samples (460). n_quantiles is set to n_samples.
  warnings.warn(
/home/ubuntu/nba/.venv/lib/python3.12/site-packages/sklearn/preprocessing/_data.py:2905: UserWarning: n_quantiles (1000) is greater than the total number of samples (549). n_quantiles is set to n_samples.
  warnings.warn(
/home/ubuntu/nba/.venv/lib/python3.12/site-packages/sklearn/preprocessing/_data.py:2905: UserWarning: n_quantiles (1000) is greater than the total number of samples (666). n_quantiles is set to n_samples.
  warnings.warn(
[00:22:22] gen173 die  WF +0.4102 gain -0.0385 folds 1/5  mut: wk=1/ridge=0  (77s)
/home/ubuntu/nba/.venv/lib/python3.12/site-packages/sklearn/preprocessing/_data.py:2905: UserWarning: n_quantiles (1000) is greater than the total number of samples (310). n_quantiles is set to n_samples.
  warnings.warn(
/home/ubuntu/nba/.venv/lib/python3.12/site-packages/sklearn/preprocessing/_data.py:2905: UserWarning: n_quantiles (1000) is greater than the total number of samples (394). n_quantiles is set to n_samples.
  warnings.warn(
/home/ubuntu/nba/.venv/lib/python3.12/site-packages/sklearn/preprocessing/_data.py:2905: UserWarning: n_quantiles (1000) is greater than the total number of samples (460). n_quantiles is set to n_samples.
  warnings.warn(
/home/ubuntu/nba/.venv/lib/python3.12/site-packages/sklearn/preprocessing/_data.py:2905: UserWarning: n_quantiles (1000) is greater than the total number of samples (549). n_quantiles is set to n_samples.
  warnings.warn(
/home/ubuntu/nba/.venv/lib/python3.12/site-packages/sklearn/preprocessing/_data.py:2905: UserWarning: n_quantiles (1000) is greater than the total number of samples (666). n_quantiles is set to n_samples.
  warnings.warn(
[00:24:25] gen174 die  WF +0.4454 gain -0.0033 folds 1/5  mut: bag=3/hurdle=1  (122s)
   (critic suggestion) {'resid': 1, 'ixc': 1}
/home/ubuntu/nba/.venv/lib/python3.12/site-packages/sklearn/preprocessing/_data.py:2905: UserWarning: n_quantiles (1000) is greater than the total number of samples (206). n_quantiles is set to n_samples.
  warnings.warn(
/home/ubuntu/nba/.venv/lib/python3.12/site-packages/sklearn/preprocessing/_data.py:2905: UserWarning: n_quantiles (1000) is greater than the total number of samples (207). n_quantiles is set to n_samples.
  warnings.warn(
/home/ubuntu/nba/.venv/lib/python3.12/site-packages/sklearn/preprocessing/_data.py:2905: UserWarning: n_quantiles (1000) is greater than the total number of samples (207). n_quantiles is set to n_samples.
  warnings.warn(
/home/ubuntu/nba/.venv/lib/python3.12/site-packages/sklearn/preprocessing/_data.py:2905: UserWarning: n_quantiles (1000) is greater than the total number of samples (310). n_quantiles is set to n_samples.
  warnings.warn(
/home/ubuntu/nba/.venv/lib/python3.12/site-packages/sklearn/preprocessing/_data.py:2905: UserWarning: n_quantiles (1000) is greater than the total number of samples (310). n_quantiles is set to n_samples.
  warnings.warn(
/home/ubuntu/nba/.venv/lib/python3.12/site-packages/sklearn/preprocessing/_data.py:2905: UserWarning: n_quantiles (1000) is greater than the total number of samples (262). n_quantiles is set to n_samples.
  warnings.warn(
/home/ubuntu/nba/.venv/lib/python3.12/site-packages/sklearn/preprocessing/_data.py:2905: UserWarning: n_quantiles (1000) is greater than the total number of samples (263). n_quantiles is set to n_samples.
  warnings.warn(
/home/ubuntu/nba/.venv/lib/python3.12/site-packages/sklearn/preprocessing/_data.py:2905: UserWarning: n_quantiles (1000) is greater than the total number of samples (263). n_quantiles is set to n_samples.
  warnings.warn(
/home/ubuntu/nba/.venv/lib/python3.12/site-packages/sklearn/preprocessing/_data.py:2905: UserWarning: n_quantiles (1000) is greater than the total number of samples (394). n_quantiles is set to n_samples.
  warnings.warn(
/home/ubuntu/nba/.venv/lib/python3.12/site-packages/sklearn/preprocessing/_data.py:2905: UserWarning: n_quantiles (1000) is greater than the total number of samples (394). n_quantiles is set to n_samples.
  warnings.warn(
/home/ubuntu/nba/.venv/lib/python3.12/site-packages/sklearn/preprocessing/_data.py:2905: UserWarning: n_quantiles (1000) is greater than the total number of samples (306). n_quantiles is set to n_samples.
  warnings.warn(
/home/ubuntu/nba/.venv/lib/python3.12/site-packages/sklearn/preprocessing/_data.py:2905: UserWarning: n_quantiles (1000) is greater than the total number of samples (307). n_quantiles is set to n_samples.
  warnings.warn(
/home/ubuntu/nba/.venv/lib/python3.12/site-packages/sklearn/preprocessing/_data.py:2905: UserWarning: n_quantiles (1000) is greater than the total number of samples (307). n_quantiles is set to n_samples.
  warnings.warn(
/home/ubuntu/nba/.venv/lib/python3.12/site-packages/sklearn/preprocessing/_data.py:2905: UserWarning: n_quantiles (1000) is greater than the total number of samples (460). n_quantiles is set to n_samples.
  warnings.warn(
/home/ubuntu/nba/.venv/lib/python3.12/site-packages/sklearn/preprocessing/_data.py:2905: UserWarning: n_quantiles (1000) is greater than the total number of samples (460). n_quantiles is set to n_samples.
  warnings.warn(
/home/ubuntu/nba/.venv/lib/python3.12/site-packages/sklearn/preprocessing/_data.py:2905: UserWarning: n_quantiles (1000) is greater than the total number of samples (366). n_quantiles is set to n_samples.
  warnings.warn(
/home/ubuntu/nba/.venv/lib/python3.12/site-packages/sklearn/preprocessing/_data.py:2905: UserWarning: n_quantiles (1000) is greater than the total number of samples (366). n_quantiles is set to n_samples.
  warnings.warn(
/home/ubuntu/nba/.venv/lib/python3.12/site-packages/sklearn/preprocessing/_data.py:2905: UserWarning: n_quantiles (1000) is greater than the total number of samples (366). n_quantiles is set to n_samples.
  warnings.warn(
/home/ubuntu/nba/.venv/lib/python3.12/site-packages/sklearn/preprocessing/_data.py:2905: UserWarning: n_quantiles (1000) is greater than the total number of samples (549). n_quantiles is set to n_samples.
  warnings.warn(
/home/ubuntu/nba/.venv/lib/python3.12/site-packages/sklearn/preprocessing/_data.py:2905: UserWarning: n_quantiles (1000) is greater than the total number of samples (549). n_quantiles is set to n_samples.
  warnings.warn(
/home/ubuntu/nba/.venv/lib/python3.12/site-packages/sklearn/preprocessing/_data.py:2905: UserWarning: n_quantiles (1000) is greater than the total number of samples (444). n_quantiles is set to n_samples.
  warnings.warn(
/home/ubuntu/nba/.venv/lib/python3.12/site-packages/sklearn/preprocessing/_data.py:2905: UserWarning: n_quantiles (1000) is greater than the total number of samples (444). n_quantiles is set to n_samples.
  warnings.warn(
/home/ubuntu/nba/.venv/lib/python3.12/site-packages/sklearn/preprocessing/_data.py:2905: UserWarning: n_quantiles (1000) is greater than the total number of samples (444). n_quantiles is set to n_samples.
  warnings.warn(
/home/ubuntu/nba/.venv/lib/python3.12/site-packages/sklearn/preprocessing/_data.py:2905: UserWarning: n_quantiles (1000) is greater than the total number of samples (666). n_quantiles is set to n_samples.
  warnings.warn(
/home/ubuntu/nba/.venv/lib/python3.12/site-packages/sklearn/preprocessing/_data.py:2905: UserWarning: n_quantiles (1000) is greater than the total number of samples (666). n_quantiles is set to n_samples.
  warnings.warn(
[00:27:25] gen175 die  WF +0.4487 gain +0.0000 folds 0/5  mut: resid=1/ixc=1  (180s)
   (critic suggestion) {'M': 250.0, 'resid': 1}
   (critic suggestion) {'M': 250.0, 'ixc': 1}
   (critic suggestion) {'icl_outlier': 4.0, 'M': 250.0}
   (critic suggestion) {'resid': 1, 'icl_n': 32}
/home/ubuntu/nba/.venv/lib/python3.12/site-packages/sklearn/preprocessing/_data.py:2905: UserWarning: n_quantiles (1000) is greater than the total number of samples (206). n_quantiles is set to n_samples.
  warnings.warn(
/home/ubuntu/nba/.venv/lib/python3.12/site-packages/sklearn/preprocessing/_data.py:2905: UserWarning: n_quantiles (1000) is greater than the total number of samples (207). n_quantiles is set to n_samples.
  warnings.warn(
/home/ubuntu/nba/.venv/lib/python3.12/site-packages/sklearn/preprocessing/_data.py:2905: UserWarning: n_quantiles (1000) is greater than the total number of samples (207). n_quantiles is set to n_samples.
  warnings.warn(
/home/ubuntu/nba/.venv/lib/python3.12/site-packages/sklearn/preprocessing/_data.py:2905: UserWarning: n_quantiles (1000) is greater than the total number of samples (310). n_quantiles is set to n_samples.
  warnings.warn(
/home/ubuntu/nba/.venv/lib/python3.12/site-packages/sklearn/preprocessing/_data.py:2905: UserWarning: n_quantiles (1000) is greater than the total number of samples (310). n_quantiles is set to n_samples.
  warnings.warn(
/home/ubuntu/nba/.venv/lib/python3.12/site-packages/sklearn/preprocessing/_data.py:2905: UserWarning: n_quantiles (1000) is greater than the total number of samples (262). n_quantiles is set to n_samples.
  warnings.warn(
/home/ubuntu/nba/.venv/lib/python3.12/site-packages/sklearn/preprocessing/_data.py:2905: UserWarning: n_quantiles (1000) is greater than the total number of samples (263). n_quantiles is set to n_samples.
  warnings.warn(
/home/ubuntu/nba/.venv/lib/python3.12/site-packages/sklearn/preprocessing/_data.py:2905: UserWarning: n_quantiles (1000) is greater than the total number of samples (263). n_quantiles is set to n_samples.
  warnings.warn(
/home/ubuntu/nba/.venv/lib/python3.12/site-packages/sklearn/preprocessing/_data.py:2905: UserWarning: n_quantiles (1000) is greater than the total number of samples (394). n_quantiles is set to n_samples.
  warnings.warn(
/home/ubuntu/nba/.venv/lib/python3.12/site-packages/sklearn/preprocessing/_data.py:2905: UserWarning: n_quantiles (1000) is greater than the total number of samples (394). n_quantiles is set to n_samples.
  warnings.warn(
/home/ubuntu/nba/.venv/lib/python3.12/site-packages/sklearn/preprocessing/_data.py:2905: UserWarning: n_quantiles (1000) is greater than the total number of samples (306). n_quantiles is set to n_samples.
  warnings.warn(
/home/ubuntu/nba/.venv/lib/python3.12/site-packages/sklearn/preprocessing/_data.py:2905: UserWarning: n_quantiles (1000) is greater than the total number of samples (307). n_quantiles is set to n_samples.
  warnings.warn(
/home/ubuntu/nba/.venv/lib/python3.12/site-packages/sklearn/preprocessing/_data.py:2905: UserWarning: n_quantiles (1000) is greater than the total number of samples (307). n_quantiles is set to n_samples.
  warnings.warn(
/home/ubuntu/nba/.venv/lib/python3.12/site-packages/sklearn/preprocessing/_data.py:2905: UserWarning: n_quantiles (1000) is greater than the total number of samples (460). n_quantiles is set to n_samples.
  warnings.warn(
/home/ubuntu/nba/.venv/lib/python3.12/site-packages/sklearn/preprocessing/_data.py:2905: UserWarning: n_quantiles (1000) is greater than the total number of samples (460). n_quantiles is set to n_samples.
  warnings.warn(
/home/ubuntu/nba/.venv/lib/python3.12/site-packages/sklearn/preprocessing/_data.py:2905: UserWarning: n_quantiles (1000) is greater than the total number of samples (366). n_quantiles is set to n_samples.
  warnings.warn(
/home/ubuntu/nba/.venv/lib/python3.12/site-packages/sklearn/preprocessing/_data.py:2905: UserWarning: n_quantiles (1000) is greater than the total number of samples (366). n_quantiles is set to n_samples.
  warnings.warn(
/home/ubuntu/nba/.venv/lib/python3.12/site-packages/sklearn/preprocessing/_data.py:2905: UserWarning: n_quantiles (1000) is greater than the total number of samples (366). n_quantiles is set to n_samples.
  warnings.warn(
/home/ubuntu/nba/.venv/lib/python3.12/site-packages/sklearn/preprocessing/_data.py:2905: UserWarning: n_quantiles (1000) is greater than the total number of samples (549). n_quantiles is set to n_samples.
  warnings.warn(
/home/ubuntu/nba/.venv/lib/python3.12/site-packages/sklearn/preprocessing/_data.py:2905: UserWarning: n_quantiles (1000) is greater than the total number of samples (549). n_quantiles is set to n_samples.
  warnings.warn(
/home/ubuntu/nba/.venv/lib/python3.12/site-packages/sklearn/preprocessing/_data.py:2905: UserWarning: n_quantiles (1000) is greater than the total number of samples (444). n_quantiles is set to n_samples.
  warnings.warn(
/home/ubuntu/nba/.venv/lib/python3.12/site-packages/sklearn/preprocessing/_data.py:2905: UserWarning: n_quantiles (1000) is greater than the total number of samples (444). n_quantiles is set to n_samples.
  warnings.warn(
/home/ubuntu/nba/.venv/lib/python3.12/site-packages/sklearn/preprocessing/_data.py:2905: UserWarning: n_quantiles (1000) is greater than the total number of samples (444). n_quantiles is set to n_samples.
  warnings.warn(
/home/ubuntu/nba/.venv/lib/python3.12/site-packages/sklearn/preprocessing/_data.py:2905: UserWarning: n_quantiles (1000) is greater than the total number of samples (666). n_quantiles is set to n_samples.
  warnings.warn(
/home/ubuntu/nba/.venv/lib/python3.12/site-packages/sklearn/preprocessing/_data.py:2905: UserWarning: n_quantiles (1000) is greater than the total number of samples (666). n_quantiles is set to n_samples.
  warnings.warn(
[00:30:22] gen176 die  WF +0.4431 gain -0.0056 folds 3/5  mut: resid=1/icl_n=32  (177s)
/home/ubuntu/nba/.venv/lib/python3.12/site-packages/sklearn/preprocessing/_data.py:2905: UserWarning: n_quantiles (1000) is greater than the total number of samples (310). n_quantiles is set to n_samples.
  warnings.warn(
/home/ubuntu/nba/.venv/lib/python3.12/site-packages/sklearn/preprocessing/_data.py:2905: UserWarning: n_quantiles (1000) is greater than the total number of samples (310). n_quantiles is set to n_samples.
  warnings.warn(
/home/ubuntu/nba/.venv/lib/python3.12/site-packages/sklearn/preprocessing/_data.py:2905: UserWarning: n_quantiles (1000) is greater than the total number of samples (310). n_quantiles is set to n_samples.
  warnings.warn(
/home/ubuntu/nba/.venv/lib/python3.12/site-packages/sklearn/preprocessing/_data.py:2905: UserWarning: n_quantiles (1000) is greater than the total number of samples (310). n_quantiles is set to n_samples.
  warnings.warn(
/home/ubuntu/nba/.venv/lib/python3.12/site-packages/sklearn/preprocessing/_data.py:2905: UserWarning: n_quantiles (1000) is greater than the total number of samples (310). n_quantiles is set to n_samples.
  warnings.warn(
/home/ubuntu/nba/.venv/lib/python3.12/site-packages/sklearn/preprocessing/_data.py:2905: UserWarning: n_quantiles (1000) is greater than the total number of samples (394). n_quantiles is set to n_samples.
  warnings.warn(
/home/ubuntu/nba/.venv/lib/python3.12/site-packages/sklearn/preprocessing/_data.py:2905: UserWarning: n_quantiles (1000) is greater than the total number of samples (394). n_quantiles is set to n_samples.
  warnings.warn(
/home/ubuntu/nba/.venv/lib/python3.12/site-packages/sklearn/preprocessing/_data.py:2905: UserWarning: n_quantiles (1000) is greater than the total number of samples (394). n_quantiles is set to n_samples.
  warnings.warn(
/home/ubuntu/nba/.venv/lib/python3.12/site-packages/sklearn/preprocessing/_data.py:2905: UserWarning: n_quantiles (1000) is greater than the total number of samples (394). n_quantiles is set to n_samples.
  warnings.warn(
/home/ubuntu/nba/.venv/lib/python3.12/site-packages/sklearn/preprocessing/_data.py:2905: UserWarning: n_quantiles (1000) is greater than the total number of samples (394). n_quantiles is set to n_samples.
  warnings.warn(
/home/ubuntu/nba/.venv/lib/python3.12/site-packages/sklearn/preprocessing/_data.py:2905: UserWarning: n_quantiles (1000) is greater than the total number of samples (460). n_quantiles is set to n_samples.
  warnings.warn(
/home/ubuntu/nba/.venv/lib/python3.12/site-packages/sklearn/preprocessing/_data.py:2905: UserWarning: n_quantiles (1000) is greater than the total number of samples (460). n_quantiles is set to n_samples.
  warnings.warn(
/home/ubuntu/nba/.venv/lib/python3.12/site-packages/sklearn/preprocessing/_data.py:2905: UserWarning: n_quantiles (1000) is greater than the total number of samples (460). n_quantiles is set to n_samples.
  warnings.warn(
/home/ubuntu/nba/.venv/lib/python3.12/site-packages/sklearn/preprocessing/_data.py:2905: UserWarning: n_quantiles (1000) is greater than the total number of samples (460). n_quantiles is set to n_samples.
  warnings.warn(
/home/ubuntu/nba/.venv/lib/python3.12/site-packages/sklearn/preprocessing/_data.py:2905: UserWarning: n_quantiles (1000) is greater than the total number of samples (460). n_quantiles is set to n_samples.
  warnings.warn(
/home/ubuntu/nba/.venv/lib/python3.12/site-packages/sklearn/preprocessing/_data.py:2905: UserWarning: n_quantiles (1000) is greater than the total number of samples (549). n_quantiles is set to n_samples.
  warnings.warn(
/home/ubuntu/nba/.venv/lib/python3.12/site-packages/sklearn/preprocessing/_data.py:2905: UserWarning: n_quantiles (1000) is greater than the total number of samples (549). n_quantiles is set to n_samples.
  warnings.warn(
/home/ubuntu/nba/.venv/lib/python3.12/site-packages/sklearn/preprocessing/_data.py:2905: UserWarning: n_quantiles (1000) is greater than the total number of samples (549). n_quantiles is set to n_samples.
  warnings.warn(
/home/ubuntu/nba/.venv/lib/python3.12/site-packages/sklearn/preprocessing/_data.py:2905: UserWarning: n_quantiles (1000) is greater than the total number of samples (549). n_quantiles is set to n_samples.
  warnings.warn(
/home/ubuntu/nba/.venv/lib/python3.12/site-packages/sklearn/preprocessing/_data.py:2905: UserWarning: n_quantiles (1000) is greater than the total number of samples (549). n_quantiles is set to n_samples.
  warnings.warn(
/home/ubuntu/nba/.venv/lib/python3.12/site-packages/sklearn/preprocessing/_data.py:2905: UserWarning: n_quantiles (1000) is greater than the total number of samples (666). n_quantiles is set to n_samples.
  warnings.warn(
/home/ubuntu/nba/.venv/lib/python3.12/site-packages/sklearn/preprocessing/_data.py:2905: UserWarning: n_quantiles (1000) is greater than the total number of samples (666). n_quantiles is set to n_samples.
  warnings.warn(
/home/ubuntu/nba/.venv/lib/python3.12/site-packages/sklearn/preprocessing/_data.py:2905: UserWarning: n_quantiles (1000) is greater than the total number of samples (666). n_quantiles is set to n_samples.
  warnings.warn(
/home/ubuntu/nba/.venv/lib/python3.12/site-packages/sklearn/preprocessing/_data.py:2905: UserWarning: n_quantiles (1000) is greater than the total number of samples (666). n_quantiles is set to n_samples.
  warnings.warn(
/home/ubuntu/nba/.venv/lib/python3.12/site-packages/sklearn/preprocessing/_data.py:2905: UserWarning: n_quantiles (1000) is greater than the total number of samples (666). n_quantiles is set to n_samples.
  warnings.warn(
[00:37:03] gen177 die  WF +0.4152 gain -0.0335 folds 1/5  mut: hz=1  (401s)
/home/ubuntu/nba/.venv/lib/python3.12/site-packages/sklearn/preprocessing/_data.py:2905: UserWarning: n_quantiles (1000) is greater than the total number of samples (310). n_quantiles is set to n_samples.
  warnings.warn(
/home/ubuntu/nba/.venv/lib/python3.12/site-packages/sklearn/preprocessing/_data.py:2905: UserWarning: n_quantiles (1000) is greater than the total number of samples (394). n_quantiles is set to n_samples.
  warnings.warn(
/home/ubuntu/nba/.venv/lib/python3.12/site-packages/sklearn/preprocessing/_data.py:2905: UserWarning: n_quantiles (1000) is greater than the total number of samples (460). n_quantiles is set to n_samples.
  warnings.warn(
/home/ubuntu/nba/.venv/lib/python3.12/site-packages/sklearn/preprocessing/_data.py:2905: UserWarning: n_quantiles (1000) is greater than the total number of samples (549). n_quantiles is set to n_samples.
  warnings.warn(
/home/ubuntu/nba/.venv/lib/python3.12/site-packages/sklearn/preprocessing/_data.py:2905: UserWarning: n_quantiles (1000) is greater than the total number of samples (666). n_quantiles is set to n_samples.
  warnings.warn(
[00:39:31] gen178 die  WF +0.4180 gain -0.0307 folds 1/5  mut: icl_topk=60/risk=q25  (148s)
/home/ubuntu/nba/.venv/lib/python3.12/site-packages/sklearn/preprocessing/_data.py:2905: UserWarning: n_quantiles (1000) is greater than the total number of samples (310). n_quantiles is set to n_samples.
  warnings.warn(
/home/ubuntu/nba/.venv/lib/python3.12/site-packages/sklearn/preprocessing/_data.py:2905: UserWarning: n_quantiles (1000) is greater than the total number of samples (394). n_quantiles is set to n_samples.
  warnings.warn(
/home/ubuntu/nba/.venv/lib/python3.12/site-packages/sklearn/preprocessing/_data.py:2905: UserWarning: n_quantiles (1000) is greater than the total number of samples (460). n_quantiles is set to n_samples.
  warnings.warn(
/home/ubuntu/nba/.venv/lib/python3.12/site-packages/sklearn/preprocessing/_data.py:2905: UserWarning: n_quantiles (1000) is greater than the total number of samples (549). n_quantiles is set to n_samples.
  warnings.warn(
/home/ubuntu/nba/.venv/lib/python3.12/site-packages/sklearn/preprocessing/_data.py:2905: UserWarning: n_quantiles (1000) is greater than the total number of samples (666). n_quantiles is set to n_samples.
  warnings.warn(
[00:42:02] gen179 die  WF +0.4482 gain -0.0006 folds 4/5  mut: M=250.0/anchor=top1  (152s)
/home/ubuntu/nba/.venv/lib/python3.12/site-packages/sklearn/preprocessing/_data.py:2905: UserWarning: n_quantiles (1000) is greater than the total number of samples (310). n_quantiles is set to n_samples.
  warnings.warn(
/home/ubuntu/nba/.venv/lib/python3.12/site-packages/sklearn/preprocessing/_data.py:2905: UserWarning: n_quantiles (1000) is greater than the total number of samples (394). n_quantiles is set to n_samples.
  warnings.warn(
/home/ubuntu/nba/.venv/lib/python3.12/site-packages/sklearn/preprocessing/_data.py:2905: UserWarning: n_quantiles (1000) is greater than the total number of samples (460). n_quantiles is set to n_samples.
  warnings.warn(
/home/ubuntu/nba/.venv/lib/python3.12/site-packages/sklearn/preprocessing/_data.py:2905: UserWarning: n_quantiles (1000) is greater than the total number of samples (549). n_quantiles is set to n_samples.
  warnings.warn(
/home/ubuntu/nba/.venv/lib/python3.12/site-packages/sklearn/preprocessing/_data.py:2905: UserWarning: n_quantiles (1000) is greater than the total number of samples (666). n_quantiles is set to n_samples.
  warnings.warn(
[00:44:28] gen180 die  WF +0.3812 gain -0.0675 folds 0/5  mut: hw=top2/intl=0  (146s)
/home/ubuntu/nba/.venv/lib/python3.12/site-packages/sklearn/preprocessing/_data.py:2905: UserWarning: n_quantiles (1000) is greater than the total number of samples (310). n_quantiles is set to n_samples.
  warnings.warn(
/home/ubuntu/nba/.venv/lib/python3.12/site-packages/sklearn/preprocessing/_data.py:2905: UserWarning: n_quantiles (1000) is greater than the total number of samples (394). n_quantiles is set to n_samples.
  warnings.warn(
/home/ubuntu/nba/.venv/lib/python3.12/site-packages/sklearn/preprocessing/_data.py:2905: UserWarning: n_quantiles (1000) is greater than the total number of samples (460). n_quantiles is set to n_samples.
  warnings.warn(
/home/ubuntu/nba/.venv/lib/python3.12/site-packages/sklearn/preprocessing/_data.py:2905: UserWarning: n_quantiles (1000) is greater than the total number of samples (549). n_quantiles is set to n_samples.
  warnings.warn(
/home/ubuntu/nba/.venv/lib/python3.12/site-packages/sklearn/preprocessing/_data.py:2905: UserWarning: n_quantiles (1000) is greater than the total number of samples (666). n_quantiles is set to n_samples.
  warnings.warn(
   >> review_request.json written for the critic
/home/ubuntu/nba/.venv/lib/python3.12/site-packages/sklearn/preprocessing/_data.py:2905: UserWarning: n_quantiles (1000) is greater than the total number of samples (310). n_quantiles is set to n_samples.
  warnings.warn(
/home/ubuntu/nba/.venv/lib/python3.12/site-packages/sklearn/preprocessing/_data.py:2905: UserWarning: n_quantiles (1000) is greater than the total number of samples (394). n_quantiles is set to n_samples.
  warnings.warn(
/home/ubuntu/nba/.venv/lib/python3.12/site-packages/sklearn/preprocessing/_data.py:2905: UserWarning: n_quantiles (1000) is greater than the total number of samples (460). n_quantiles is set to n_samples.
  warnings.warn(
/home/ubuntu/nba/.venv/lib/python3.12/site-packages/sklearn/preprocessing/_data.py:2905: UserWarning: n_quantiles (1000) is greater than the total number of samples (549). n_quantiles is set to n_samples.
  warnings.warn(
/home/ubuntu/nba/.venv/lib/python3.12/site-packages/sklearn/preprocessing/_data.py:2905: UserWarning: n_quantiles (1000) is greater than the total number of samples (666). n_quantiles is set to n_samples.
  warnings.warn(
[00:47:24] gen181 die  WF +0.4290 gain -0.0197 folds 2/5  mut: intl=0/bag=3  (111s)
/home/ubuntu/nba/.venv/lib/python3.12/site-packages/sklearn/preprocessing/_data.py:2905: UserWarning: n_quantiles (1000) is greater than the total number of samples (310). n_quantiles is set to n_samples.
  warnings.warn(
/home/ubuntu/nba/.venv/lib/python3.12/site-packages/sklearn/preprocessing/_data.py:2905: UserWarning: n_quantiles (1000) is greater than the total number of samples (394). n_quantiles is set to n_samples.
  warnings.warn(
/home/ubuntu/nba/.venv/lib/python3.12/site-packages/sklearn/preprocessing/_data.py:2905: UserWarning: n_quantiles (1000) is greater than the total number of samples (460). n_quantiles is set to n_samples.
  warnings.warn(
/home/ubuntu/nba/.venv/lib/python3.12/site-packages/sklearn/preprocessing/_data.py:2905: UserWarning: n_quantiles (1000) is greater than the total number of samples (549). n_quantiles is set to n_samples.
  warnings.warn(
/home/ubuntu/nba/.venv/lib/python3.12/site-packages/sklearn/preprocessing/_data.py:2905: UserWarning: n_quantiles (1000) is greater than the total number of samples (666). n_quantiles is set to n_samples.
  warnings.warn(
[00:49:51] gen182 die  WF +0.4320 gain -0.0167 folds 1/5  mut: el=0  (147s)
/home/ubuntu/nba/.venv/lib/python3.12/site-packages/sklearn/preprocessing/_data.py:2905: UserWarning: n_quantiles (1000) is greater than the total number of samples (310). n_quantiles is set to n_samples.
  warnings.warn(
/home/ubuntu/nba/.venv/lib/python3.12/site-packages/sklearn/preprocessing/_data.py:2905: UserWarning: n_quantiles (1000) is greater than the total number of samples (394). n_quantiles is set to n_samples.
  warnings.warn(
/home/ubuntu/nba/.venv/lib/python3.12/site-packages/sklearn/preprocessing/_data.py:2905: UserWarning: n_quantiles (1000) is greater than the total number of samples (460). n_quantiles is set to n_samples.
  warnings.warn(
/home/ubuntu/nba/.venv/lib/python3.12/site-packages/sklearn/preprocessing/_data.py:2905: UserWarning: n_quantiles (1000) is greater than the total number of samples (549). n_quantiles is set to n_samples.
  warnings.warn(
/home/ubuntu/nba/.venv/lib/python3.12/site-packages/sklearn/preprocessing/_data.py:2905: UserWarning: n_quantiles (1000) is greater than the total number of samples (666). n_quantiles is set to n_samples.
  warnings.warn(
[00:57:28] gen183 die  WF +0.4308 gain -0.0179 folds 3/5  mut: cat=1  (457s)
   (critic suggestion) {'icl_n': 32, 'icl_norm': 'power'}
[01:00:03] gen184 die  WF +0.4339 gain -0.0148 folds 2/5  mut: icl_norm=power/icl_n=32  (155s)
   (critic suggestion) {'M': 250.0, 'icl_n': 32}
   (critic suggestion) {'ixc': 1, 'mono': 'off'}
   (critic suggestion) {'M': 250.0, 'ixc': 1}
   (critic suggestion) {'resid': 1, 'icl_norm': 'power'}
[01:03:23] gen185 die  WF +0.4330 gain -0.0157 folds 1/5  mut: icl_norm=power/resid=1  (200s)
/home/ubuntu/nba/.venv/lib/python3.12/site-packages/sklearn/preprocessing/_data.py:2905: UserWarning: n_quantiles (1000) is greater than the total number of samples (310). n_quantiles is set to n_samples.
  warnings.warn(
/home/ubuntu/nba/.venv/lib/python3.12/site-packages/sklearn/preprocessing/_data.py:2905: UserWarning: n_quantiles (1000) is greater than the total number of samples (394). n_quantiles is set to n_samples.
  warnings.warn(
/home/ubuntu/nba/.venv/lib/python3.12/site-packages/sklearn/preprocessing/_data.py:2905: UserWarning: n_quantiles (1000) is greater than the total number of samples (460). n_quantiles is set to n_samples.
  warnings.warn(
/home/ubuntu/nba/.venv/lib/python3.12/site-packages/sklearn/preprocessing/_data.py:2905: UserWarning: n_quantiles (1000) is greater than the total number of samples (549). n_quantiles is set to n_samples.
  warnings.warn(
/home/ubuntu/nba/.venv/lib/python3.12/site-packages/sklearn/preprocessing/_data.py:2905: UserWarning: n_quantiles (1000) is greater than the total number of samples (666). n_quantiles is set to n_samples.
  warnings.warn(
[01:05:57] gen186 die  WF +0.4331 gain -0.0157 folds 2/5  mut: hw=cum3/label=rank  (154s)
/home/ubuntu/nba/.venv/lib/python3.12/site-packages/sklearn/preprocessing/_data.py:2905: UserWarning: n_quantiles (1000) is greater than the total number of samples (206). n_quantiles is set to n_samples.
  warnings.warn(
/home/ubuntu/nba/.venv/lib/python3.12/site-packages/sklearn/preprocessing/_data.py:2905: UserWarning: n_quantiles (1000) is greater than the total number of samples (207). n_quantiles is set to n_samples.
  warnings.warn(
/home/ubuntu/nba/.venv/lib/python3.12/site-packages/sklearn/preprocessing/_data.py:2905: UserWarning: n_quantiles (1000) is greater than the total number of samples (207). n_quantiles is set to n_samples.
  warnings.warn(
/home/ubuntu/nba/.venv/lib/python3.12/site-packages/sklearn/preprocessing/_data.py:2905: UserWarning: n_quantiles (1000) is greater than the total number of samples (310). n_quantiles is set to n_samples.
  warnings.warn(
/home/ubuntu/nba/.venv/lib/python3.12/site-packages/sklearn/preprocessing/_data.py:2905: UserWarning: n_quantiles (1000) is greater than the total number of samples (310). n_quantiles is set to n_samples.
  warnings.warn(
/home/ubuntu/nba/.venv/lib/python3.12/site-packages/sklearn/preprocessing/_data.py:2905: UserWarning: n_quantiles (1000) is greater than the total number of samples (262). n_quantiles is set to n_samples.
  warnings.warn(
/home/ubuntu/nba/.venv/lib/python3.12/site-packages/sklearn/preprocessing/_data.py:2905: UserWarning: n_quantiles (1000) is greater than the total number of samples (263). n_quantiles is set to n_samples.
  warnings.warn(
/home/ubuntu/nba/.venv/lib/python3.12/site-packages/sklearn/preprocessing/_data.py:2905: UserWarning: n_quantiles (1000) is greater than the total number of samples (263). n_quantiles is set to n_samples.
  warnings.warn(
/home/ubuntu/nba/.venv/lib/python3.12/site-packages/sklearn/preprocessing/_data.py:2905: UserWarning: n_quantiles (1000) is greater than the total number of samples (394). n_quantiles is set to n_samples.
  warnings.warn(
/home/ubuntu/nba/.venv/lib/python3.12/site-packages/sklearn/preprocessing/_data.py:2905: UserWarning: n_quantiles (1000) is greater than the total number of samples (394). n_quantiles is set to n_samples.
  warnings.warn(
/home/ubuntu/nba/.venv/lib/python3.12/site-packages/sklearn/preprocessing/_data.py:2905: UserWarning: n_quantiles (1000) is greater than the total number of samples (306). n_quantiles is set to n_samples.
  warnings.warn(
/home/ubuntu/nba/.venv/lib/python3.12/site-packages/sklearn/preprocessing/_data.py:2905: UserWarning: n_quantiles (1000) is greater than the total number of samples (307). n_quantiles is set to n_samples.
  warnings.warn(
/home/ubuntu/nba/.venv/lib/python3.12/site-packages/sklearn/preprocessing/_data.py:2905: UserWarning: n_quantiles (1000) is greater than the total number of samples (307). n_quantiles is set to n_samples.
  warnings.warn(
/home/ubuntu/nba/.venv/lib/python3.12/site-packages/sklearn/preprocessing/_data.py:2905: UserWarning: n_quantiles (1000) is greater than the total number of samples (460). n_quantiles is set to n_samples.
  warnings.warn(
/home/ubuntu/nba/.venv/lib/python3.12/site-packages/sklearn/preprocessing/_data.py:2905: UserWarning: n_quantiles (1000) is greater than the total number of samples (460). n_quantiles is set to n_samples.
  warnings.warn(
/home/ubuntu/nba/.venv/lib/python3.12/site-packages/sklearn/preprocessing/_data.py:2905: UserWarning: n_quantiles (1000) is greater than the total number of samples (366). n_quantiles is set to n_samples.
  warnings.warn(
/home/ubuntu/nba/.venv/lib/python3.12/site-packages/sklearn/preprocessing/_data.py:2905: UserWarning: n_quantiles (1000) is greater than the total number of samples (366). n_quantiles is set to n_samples.
  warnings.warn(
/home/ubuntu/nba/.venv/lib/python3.12/site-packages/sklearn/preprocessing/_data.py:2905: UserWarning: n_quantiles (1000) is greater than the total number of samples (366). n_quantiles is set to n_samples.
  warnings.warn(
/home/ubuntu/nba/.venv/lib/python3.12/site-packages/sklearn/preprocessing/_data.py:2905: UserWarning: n_quantiles (1000) is greater than the total number of samples (549). n_quantiles is set to n_samples.
  warnings.warn(
/home/ubuntu/nba/.venv/lib/python3.12/site-packages/sklearn/preprocessing/_data.py:2905: UserWarning: n_quantiles (1000) is greater than the total number of samples (549). n_quantiles is set to n_samples.
  warnings.warn(
/home/ubuntu/nba/.venv/lib/python3.12/site-packages/sklearn/preprocessing/_data.py:2905: UserWarning: n_quantiles (1000) is greater than the total number of samples (444). n_quantiles is set to n_samples.
  warnings.warn(
/home/ubuntu/nba/.venv/lib/python3.12/site-packages/sklearn/preprocessing/_data.py:2905: UserWarning: n_quantiles (1000) is greater than the total number of samples (444). n_quantiles is set to n_samples.
  warnings.warn(
/home/ubuntu/nba/.venv/lib/python3.12/site-packages/sklearn/preprocessing/_data.py:2905: UserWarning: n_quantiles (1000) is greater than the total number of samples (444). n_quantiles is set to n_samples.
  warnings.warn(
/home/ubuntu/nba/.venv/lib/python3.12/site-packages/sklearn/preprocessing/_data.py:2905: UserWarning: n_quantiles (1000) is greater than the total number of samples (666). n_quantiles is set to n_samples.
  warnings.warn(
/home/ubuntu/nba/.venv/lib/python3.12/site-packages/sklearn/preprocessing/_data.py:2905: UserWarning: n_quantiles (1000) is greater than the total number of samples (666). n_quantiles is set to n_samples.
  warnings.warn(
[01:08:46] gen187 die  WF +0.4513 gain +0.0026 folds 4/5  mut: resid=1  (169s)
/home/ubuntu/nba/.venv/lib/python3.12/site-packages/sklearn/preprocessing/_data.py:2905: UserWarning: n_quantiles (1000) is greater than the total number of samples (310). n_quantiles is set to n_samples.
  warnings.warn(
/home/ubuntu/nba/.venv/lib/python3.12/site-packages/sklearn/preprocessing/_data.py:2905: UserWarning: n_quantiles (1000) is greater than the total number of samples (394). n_quantiles is set to n_samples.
  warnings.warn(
/home/ubuntu/nba/.venv/lib/python3.12/site-packages/sklearn/preprocessing/_data.py:2905: UserWarning: n_quantiles (1000) is greater than the total number of samples (460). n_quantiles is set to n_samples.
  warnings.warn(
/home/ubuntu/nba/.venv/lib/python3.12/site-packages/sklearn/preprocessing/_data.py:2905: UserWarning: n_quantiles (1000) is greater than the total number of samples (549). n_quantiles is set to n_samples.
  warnings.warn(
/home/ubuntu/nba/.venv/lib/python3.12/site-packages/sklearn/preprocessing/_data.py:2905: UserWarning: n_quantiles (1000) is greater than the total number of samples (666). n_quantiles is set to n_samples.
  warnings.warn(
[01:11:42] gen188 die  WF +0.4452 gain -0.0035 folds 1/5  mut: ixc=1  (177s)
/home/ubuntu/nba/.venv/lib/python3.12/site-packages/sklearn/preprocessing/_data.py:2905: UserWarning: n_quantiles (1000) is greater than the total number of samples (310). n_quantiles is set to n_samples.
  warnings.warn(
/home/ubuntu/nba/.venv/lib/python3.12/site-packages/sklearn/preprocessing/_data.py:2905: UserWarning: n_quantiles (1000) is greater than the total number of samples (394). n_quantiles is set to n_samples.
  warnings.warn(
/home/ubuntu/nba/.venv/lib/python3.12/site-packages/sklearn/preprocessing/_data.py:2905: UserWarning: n_quantiles (1000) is greater than the total number of samples (460). n_quantiles is set to n_samples.
  warnings.warn(
/home/ubuntu/nba/.venv/lib/python3.12/site-packages/sklearn/preprocessing/_data.py:2905: UserWarning: n_quantiles (1000) is greater than the total number of samples (549). n_quantiles is set to n_samples.
  warnings.warn(
/home/ubuntu/nba/.venv/lib/python3.12/site-packages/sklearn/preprocessing/_data.py:2905: UserWarning: n_quantiles (1000) is greater than the total number of samples (666). n_quantiles is set to n_samples.
  warnings.warn(
[01:13:59] gen189 die  WF +0.4315 gain -0.0173 folds 2/5  mut: el=0  (137s)
/home/ubuntu/nba/.venv/lib/python3.12/site-packages/sklearn/preprocessing/_data.py:2905: UserWarning: n_quantiles (1000) is greater than the total number of samples (310). n_quantiles is set to n_samples.
  warnings.warn(
/home/ubuntu/nba/.venv/lib/python3.12/site-packages/sklearn/preprocessing/_data.py:2905: UserWarning: n_quantiles (1000) is greater than the total number of samples (394). n_quantiles is set to n_samples.
  warnings.warn(
/home/ubuntu/nba/.venv/lib/python3.12/site-packages/sklearn/preprocessing/_data.py:2905: UserWarning: n_quantiles (1000) is greater than the total number of samples (460). n_quantiles is set to n_samples.
  warnings.warn(
/home/ubuntu/nba/.venv/lib/python3.12/site-packages/sklearn/preprocessing/_data.py:2905: UserWarning: n_quantiles (1000) is greater than the total number of samples (549). n_quantiles is set to n_samples.
  warnings.warn(
/home/ubuntu/nba/.venv/lib/python3.12/site-packages/sklearn/preprocessing/_data.py:2905: UserWarning: n_quantiles (1000) is greater than the total number of samples (666). n_quantiles is set to n_samples.
  warnings.warn(
[01:15:17] gen190 die  WF +0.4273 gain -0.0214 folds 1/5  mut: icl_shuffle=random/knn=0  (78s)
/home/ubuntu/nba/.venv/lib/python3.12/site-packages/sklearn/preprocessing/_data.py:2905: UserWarning: n_quantiles (1000) is greater than the total number of samples (310). n_quantiles is set to n_samples.
  warnings.warn(
/home/ubuntu/nba/.venv/lib/python3.12/site-packages/sklearn/preprocessing/_data.py:2905: UserWarning: n_quantiles (1000) is greater than the total number of samples (394). n_quantiles is set to n_samples.
  warnings.warn(
/home/ubuntu/nba/.venv/lib/python3.12/site-packages/sklearn/preprocessing/_data.py:2905: UserWarning: n_quantiles (1000) is greater than the total number of samples (460). n_quantiles is set to n_samples.
  warnings.warn(
/home/ubuntu/nba/.venv/lib/python3.12/site-packages/sklearn/preprocessing/_data.py:2905: UserWarning: n_quantiles (1000) is greater than the total number of samples (549). n_quantiles is set to n_samples.
  warnings.warn(
/home/ubuntu/nba/.venv/lib/python3.12/site-packages/sklearn/preprocessing/_data.py:2905: UserWarning: n_quantiles (1000) is greater than the total number of samples (666). n_quantiles is set to n_samples.
  warnings.warn(
   >> review_request.json written for the critic
/home/ubuntu/nba/.venv/lib/python3.12/site-packages/sklearn/preprocessing/_data.py:2905: UserWarning: n_quantiles (1000) is greater than the total number of samples (215). n_quantiles is set to n_samples.
  warnings.warn(
/home/ubuntu/nba/.venv/lib/python3.12/site-packages/sklearn/preprocessing/_data.py:2905: UserWarning: n_quantiles (1000) is greater than the total number of samples (269). n_quantiles is set to n_samples.
  warnings.warn(
/home/ubuntu/nba/.venv/lib/python3.12/site-packages/sklearn/preprocessing/_data.py:2905: UserWarning: n_quantiles (1000) is greater than the total number of samples (313). n_quantiles is set to n_samples.
  warnings.warn(
/home/ubuntu/nba/.venv/lib/python3.12/site-packages/sklearn/preprocessing/_data.py:2905: UserWarning: n_quantiles (1000) is greater than the total number of samples (368). n_quantiles is set to n_samples.
  warnings.warn(
/home/ubuntu/nba/.venv/lib/python3.12/site-packages/sklearn/preprocessing/_data.py:2905: UserWarning: n_quantiles (1000) is greater than the total number of samples (425). n_quantiles is set to n_samples.
  warnings.warn(
[01:18:52] gen191 die  WF +0.4236 gain -0.0251 folds 2/5  mut: icl_ctx=drafted/risk=q25  (149s)
/home/ubuntu/nba/.venv/lib/python3.12/site-packages/sklearn/preprocessing/_data.py:2905: UserWarning: n_quantiles (1000) is greater than the total number of samples (310). n_quantiles is set to n_samples.
  warnings.warn(
/home/ubuntu/nba/.venv/lib/python3.12/site-packages/sklearn/preprocessing/_data.py:2905: UserWarning: n_quantiles (1000) is greater than the total number of samples (310). n_quantiles is set to n_samples.
  warnings.warn(
/home/ubuntu/nba/.venv/lib/python3.12/site-packages/sklearn/preprocessing/_data.py:2905: UserWarning: n_quantiles (1000) is greater than the total number of samples (394). n_quantiles is set to n_samples.
  warnings.warn(
/home/ubuntu/nba/.venv/lib/python3.12/site-packages/sklearn/preprocessing/_data.py:2905: UserWarning: n_quantiles (1000) is greater than the total number of samples (394). n_quantiles is set to n_samples.
  warnings.warn(
/home/ubuntu/nba/.venv/lib/python3.12/site-packages/sklearn/preprocessing/_data.py:2905: UserWarning: n_quantiles (1000) is greater than the total number of samples (460). n_quantiles is set to n_samples.
  warnings.warn(
/home/ubuntu/nba/.venv/lib/python3.12/site-packages/sklearn/preprocessing/_data.py:2905: UserWarning: n_quantiles (1000) is greater than the total number of samples (460). n_quantiles is set to n_samples.
  warnings.warn(
/home/ubuntu/nba/.venv/lib/python3.12/site-packages/sklearn/preprocessing/_data.py:2905: UserWarning: n_quantiles (1000) is greater than the total number of samples (549). n_quantiles is set to n_samples.
  warnings.warn(
/home/ubuntu/nba/.venv/lib/python3.12/site-packages/sklearn/preprocessing/_data.py:2905: UserWarning: n_quantiles (1000) is greater than the total number of samples (549). n_quantiles is set to n_samples.
  warnings.warn(
/home/ubuntu/nba/.venv/lib/python3.12/site-packages/sklearn/preprocessing/_data.py:2905: UserWarning: n_quantiles (1000) is greater than the total number of samples (666). n_quantiles is set to n_samples.
  warnings.warn(
/home/ubuntu/nba/.venv/lib/python3.12/site-packages/sklearn/preprocessing/_data.py:2905: UserWarning: n_quantiles (1000) is greater than the total number of samples (666). n_quantiles is set to n_samples.
  warnings.warn(
[01:22:21] gen192 die  WF +0.4379 gain -0.0108 folds 1/5  mut: labelmix=mix2  (209s)
   (critic suggestion) {'resid': 1, 'M': 250.0}
   (critic suggestion) {'ixc': 1, 'M': 250.0}
   (critic suggestion) {'icl_outlier': 4.0, 'M': 250.0}
/home/ubuntu/nba/.venv/lib/python3.12/site-packages/sklearn/preprocessing/_data.py:2905: UserWarning: n_quantiles (1000) is greater than the total number of samples (206). n_quantiles is set to n_samples.
  warnings.warn(
/home/ubuntu/nba/.venv/lib/python3.12/site-packages/sklearn/preprocessing/_data.py:2905: UserWarning: n_quantiles (1000) is greater than the total number of samples (207). n_quantiles is set to n_samples.
  warnings.warn(
/home/ubuntu/nba/.venv/lib/python3.12/site-packages/sklearn/preprocessing/_data.py:2905: UserWarning: n_quantiles (1000) is greater than the total number of samples (207). n_quantiles is set to n_samples.
  warnings.warn(
/home/ubuntu/nba/.venv/lib/python3.12/site-packages/sklearn/preprocessing/_data.py:2905: UserWarning: n_quantiles (1000) is greater than the total number of samples (310). n_quantiles is set to n_samples.
  warnings.warn(
/home/ubuntu/nba/.venv/lib/python3.12/site-packages/sklearn/preprocessing/_data.py:2905: UserWarning: n_quantiles (1000) is greater than the total number of samples (310). n_quantiles is set to n_samples.
  warnings.warn(
/home/ubuntu/nba/.venv/lib/python3.12/site-packages/sklearn/preprocessing/_data.py:2905: UserWarning: n_quantiles (1000) is greater than the total number of samples (262). n_quantiles is set to n_samples.
  warnings.warn(
/home/ubuntu/nba/.venv/lib/python3.12/site-packages/sklearn/preprocessing/_data.py:2905: UserWarning: n_quantiles (1000) is greater than the total number of samples (263). n_quantiles is set to n_samples.
  warnings.warn(
/home/ubuntu/nba/.venv/lib/python3.12/site-packages/sklearn/preprocessing/_data.py:2905: UserWarning: n_quantiles (1000) is greater than the total number of samples (263). n_quantiles is set to n_samples.
  warnings.warn(
/home/ubuntu/nba/.venv/lib/python3.12/site-packages/sklearn/preprocessing/_data.py:2905: UserWarning: n_quantiles (1000) is greater than the total number of samples (394). n_quantiles is set to n_samples.
  warnings.warn(
/home/ubuntu/nba/.venv/lib/python3.12/site-packages/sklearn/preprocessing/_data.py:2905: UserWarning: n_quantiles (1000) is greater than the total number of samples (394). n_quantiles is set to n_samples.
  warnings.warn(
/home/ubuntu/nba/.venv/lib/python3.12/site-packages/sklearn/preprocessing/_data.py:2905: UserWarning: n_quantiles (1000) is greater than the total number of samples (306). n_quantiles is set to n_samples.
  warnings.warn(
/home/ubuntu/nba/.venv/lib/python3.12/site-packages/sklearn/preprocessing/_data.py:2905: UserWarning: n_quantiles (1000) is greater than the total number of samples (307). n_quantiles is set to n_samples.
  warnings.warn(
/home/ubuntu/nba/.venv/lib/python3.12/site-packages/sklearn/preprocessing/_data.py:2905: UserWarning: n_quantiles (1000) is greater than the total number of samples (307). n_quantiles is set to n_samples.
  warnings.warn(
/home/ubuntu/nba/.venv/lib/python3.12/site-packages/sklearn/preprocessing/_data.py:2905: UserWarning: n_quantiles (1000) is greater than the total number of samples (460). n_quantiles is set to n_samples.
  warnings.warn(
/home/ubuntu/nba/.venv/lib/python3.12/site-packages/sklearn/preprocessing/_data.py:2905: UserWarning: n_quantiles (1000) is greater than the total number of samples (460). n_quantiles is set to n_samples.
  warnings.warn(
/home/ubuntu/nba/.venv/lib/python3.12/site-packages/sklearn/preprocessing/_data.py:2905: UserWarning: n_quantiles (1000) is greater than the total number of samples (366). n_quantiles is set to n_samples.
  warnings.warn(
/home/ubuntu/nba/.venv/lib/python3.12/site-packages/sklearn/preprocessing/_data.py:2905: UserWarning: n_quantiles (1000) is greater than the total number of samples (366). n_quantiles is set to n_samples.
  warnings.warn(
/home/ubuntu/nba/.venv/lib/python3.12/site-packages/sklearn/preprocessing/_data.py:2905: UserWarning: n_quantiles (1000) is greater than the total number of samples (366). n_quantiles is set to n_samples.
  warnings.warn(
/home/ubuntu/nba/.venv/lib/python3.12/site-packages/sklearn/preprocessing/_data.py:2905: UserWarning: n_quantiles (1000) is greater than the total number of samples (549). n_quantiles is set to n_samples.
  warnings.warn(
/home/ubuntu/nba/.venv/lib/python3.12/site-packages/sklearn/preprocessing/_data.py:2905: UserWarning: n_quantiles (1000) is greater than the total number of samples (549). n_quantiles is set to n_samples.
  warnings.warn(
/home/ubuntu/nba/.venv/lib/python3.12/site-packages/sklearn/preprocessing/_data.py:2905: UserWarning: n_quantiles (1000) is greater than the total number of samples (444). n_quantiles is set to n_samples.
  warnings.warn(
/home/ubuntu/nba/.venv/lib/python3.12/site-packages/sklearn/preprocessing/_data.py:2905: UserWarning: n_quantiles (1000) is greater than the total number of samples (444). n_quantiles is set to n_samples.
  warnings.warn(
/home/ubuntu/nba/.venv/lib/python3.12/site-packages/sklearn/preprocessing/_data.py:2905: UserWarning: n_quantiles (1000) is greater than the total number of samples (444). n_quantiles is set to n_samples.
  warnings.warn(
/home/ubuntu/nba/.venv/lib/python3.12/site-packages/sklearn/preprocessing/_data.py:2905: UserWarning: n_quantiles (1000) is greater than the total number of samples (666). n_quantiles is set to n_samples.
  warnings.warn(
/home/ubuntu/nba/.venv/lib/python3.12/site-packages/sklearn/preprocessing/_data.py:2905: UserWarning: n_quantiles (1000) is greater than the total number of samples (666). n_quantiles is set to n_samples.
  warnings.warn(
[01:25:09] gen193 die  WF +0.4274 gain -0.0213 folds 1/5  mut: resid=1  (168s)
/home/ubuntu/nba/.venv/lib/python3.12/site-packages/sklearn/preprocessing/_data.py:2905: UserWarning: n_quantiles (1000) is greater than the total number of samples (310). n_quantiles is set to n_samples.
  warnings.warn(
/home/ubuntu/nba/.venv/lib/python3.12/site-packages/sklearn/preprocessing/_data.py:2905: UserWarning: n_quantiles (1000) is greater than the total number of samples (394). n_quantiles is set to n_samples.
  warnings.warn(
/home/ubuntu/nba/.venv/lib/python3.12/site-packages/sklearn/preprocessing/_data.py:2905: UserWarning: n_quantiles (1000) is greater than the total number of samples (460). n_quantiles is set to n_samples.
  warnings.warn(
/home/ubuntu/nba/.venv/lib/python3.12/site-packages/sklearn/preprocessing/_data.py:2905: UserWarning: n_quantiles (1000) is greater than the total number of samples (549). n_quantiles is set to n_samples.
  warnings.warn(
/home/ubuntu/nba/.venv/lib/python3.12/site-packages/sklearn/preprocessing/_data.py:2905: UserWarning: n_quantiles (1000) is greater than the total number of samples (666). n_quantiles is set to n_samples.
  warnings.warn(
[01:27:38] gen194 die  WF +0.4374 gain -0.0113 folds 1/5  mut: ridge_alpha=100.0/icl_n=32  (149s)
/home/ubuntu/nba/.venv/lib/python3.12/site-packages/sklearn/preprocessing/_data.py:2905: UserWarning: n_quantiles (1000) is greater than the total number of samples (310). n_quantiles is set to n_samples.
  warnings.warn(
/home/ubuntu/nba/.venv/lib/python3.12/site-packages/sklearn/preprocessing/_data.py:2905: UserWarning: n_quantiles (1000) is greater than the total number of samples (394). n_quantiles is set to n_samples.
  warnings.warn(
/home/ubuntu/nba/.venv/lib/python3.12/site-packages/sklearn/preprocessing/_data.py:2905: UserWarning: n_quantiles (1000) is greater than the total number of samples (460). n_quantiles is set to n_samples.
  warnings.warn(
/home/ubuntu/nba/.venv/lib/python3.12/site-packages/sklearn/preprocessing/_data.py:2905: UserWarning: n_quantiles (1000) is greater than the total number of samples (549). n_quantiles is set to n_samples.
  warnings.warn(
/home/ubuntu/nba/.venv/lib/python3.12/site-packages/sklearn/preprocessing/_data.py:2905: UserWarning: n_quantiles (1000) is greater than the total number of samples (666). n_quantiles is set to n_samples.
  warnings.warn(
[01:30:25] gen195 die  WF +0.4487 gain +0.0000 folds 0/5  mut: ixc=1  (167s)
/home/ubuntu/nba/.venv/lib/python3.12/site-packages/sklearn/preprocessing/_data.py:2905: UserWarning: n_quantiles (1000) is greater than the total number of samples (310). n_quantiles is set to n_samples.
  warnings.warn(
/home/ubuntu/nba/.venv/lib/python3.12/site-packages/sklearn/preprocessing/_data.py:2905: UserWarning: n_quantiles (1000) is greater than the total number of samples (394). n_quantiles is set to n_samples.
  warnings.warn(
/home/ubuntu/nba/.venv/lib/python3.12/site-packages/sklearn/preprocessing/_data.py:2905: UserWarning: n_quantiles (1000) is greater than the total number of samples (460). n_quantiles is set to n_samples.
  warnings.warn(
/home/ubuntu/nba/.venv/lib/python3.12/site-packages/sklearn/preprocessing/_data.py:2905: UserWarning: n_quantiles (1000) is greater than the total number of samples (549). n_quantiles is set to n_samples.
  warnings.warn(
/home/ubuntu/nba/.venv/lib/python3.12/site-packages/sklearn/preprocessing/_data.py:2905: UserWarning: n_quantiles (1000) is greater than the total number of samples (666). n_quantiles is set to n_samples.
  warnings.warn(
[01:32:50] gen196 die  WF +0.3828 gain -0.0659 folds 0/5  mut: hw=top2/M=250.0  (145s)
/home/ubuntu/nba/.venv/lib/python3.12/site-packages/sklearn/preprocessing/_data.py:2905: UserWarning: n_quantiles (1000) is greater than the total number of samples (310). n_quantiles is set to n_samples.
  warnings.warn(
/home/ubuntu/nba/.venv/lib/python3.12/site-packages/sklearn/preprocessing/_data.py:2905: UserWarning: n_quantiles (1000) is greater than the total number of samples (394). n_quantiles is set to n_samples.
  warnings.warn(
/home/ubuntu/nba/.venv/lib/python3.12/site-packages/sklearn/preprocessing/_data.py:2905: UserWarning: n_quantiles (1000) is greater than the total number of samples (460). n_quantiles is set to n_samples.
  warnings.warn(
/home/ubuntu/nba/.venv/lib/python3.12/site-packages/sklearn/preprocessing/_data.py:2905: UserWarning: n_quantiles (1000) is greater than the total number of samples (549). n_quantiles is set to n_samples.
  warnings.warn(
/home/ubuntu/nba/.venv/lib/python3.12/site-packages/sklearn/preprocessing/_data.py:2905: UserWarning: n_quantiles (1000) is greater than the total number of samples (666). n_quantiles is set to n_samples.
  warnings.warn(
[01:35:27] gen197 die  WF +0.4306 gain -0.0181 folds 1/5  mut: intl=0/hurdle=1  (157s)
/home/ubuntu/nba/.venv/lib/python3.12/site-packages/sklearn/preprocessing/_data.py:2905: UserWarning: n_quantiles (1000) is greater than the total number of samples (310). n_quantiles is set to n_samples.
  warnings.warn(
/home/ubuntu/nba/.venv/lib/python3.12/site-packages/sklearn/preprocessing/_data.py:2905: UserWarning: n_quantiles (1000) is greater than the total number of samples (310). n_quantiles is set to n_samples.
  warnings.warn(
/home/ubuntu/nba/.venv/lib/python3.12/site-packages/sklearn/preprocessing/_data.py:2905: UserWarning: n_quantiles (1000) is greater than the total number of samples (310). n_quantiles is set to n_samples.
  warnings.warn(
/home/ubuntu/nba/.venv/lib/python3.12/site-packages/sklearn/preprocessing/_data.py:2905: UserWarning: n_quantiles (1000) is greater than the total number of samples (310). n_quantiles is set to n_samples.
  warnings.warn(
/home/ubuntu/nba/.venv/lib/python3.12/site-packages/sklearn/preprocessing/_data.py:2905: UserWarning: n_quantiles (1000) is greater than the total number of samples (310). n_quantiles is set to n_samples.
  warnings.warn(
/home/ubuntu/nba/.venv/lib/python3.12/site-packages/sklearn/preprocessing/_data.py:2905: UserWarning: n_quantiles (1000) is greater than the total number of samples (394). n_quantiles is set to n_samples.
  warnings.warn(
/home/ubuntu/nba/.venv/lib/python3.12/site-packages/sklearn/preprocessing/_data.py:2905: UserWarning: n_quantiles (1000) is greater than the total number of samples (394). n_quantiles is set to n_samples.
  warnings.warn(
/home/ubuntu/nba/.venv/lib/python3.12/site-packages/sklearn/preprocessing/_data.py:2905: UserWarning: n_quantiles (1000) is greater than the total number of samples (394). n_quantiles is set to n_samples.
  warnings.warn(
/home/ubuntu/nba/.venv/lib/python3.12/site-packages/sklearn/preprocessing/_data.py:2905: UserWarning: n_quantiles (1000) is greater than the total number of samples (394). n_quantiles is set to n_samples.
  warnings.warn(
/home/ubuntu/nba/.venv/lib/python3.12/site-packages/sklearn/preprocessing/_data.py:2905: UserWarning: n_quantiles (1000) is greater than the total number of samples (394). n_quantiles is set to n_samples.
  warnings.warn(
/home/ubuntu/nba/.venv/lib/python3.12/site-packages/sklearn/preprocessing/_data.py:2905: UserWarning: n_quantiles (1000) is greater than the total number of samples (460). n_quantiles is set to n_samples.
  warnings.warn(
/home/ubuntu/nba/.venv/lib/python3.12/site-packages/sklearn/preprocessing/_data.py:2905: UserWarning: n_quantiles (1000) is greater than the total number of samples (460). n_quantiles is set to n_samples.
  warnings.warn(
/home/ubuntu/nba/.venv/lib/python3.12/site-packages/sklearn/preprocessing/_data.py:2905: UserWarning: n_quantiles (1000) is greater than the total number of samples (460). n_quantiles is set to n_samples.
  warnings.warn(
/home/ubuntu/nba/.venv/lib/python3.12/site-packages/sklearn/preprocessing/_data.py:2905: UserWarning: n_quantiles (1000) is greater than the total number of samples (460). n_quantiles is set to n_samples.
  warnings.warn(
/home/ubuntu/nba/.venv/lib/python3.12/site-packages/sklearn/preprocessing/_data.py:2905: UserWarning: n_quantiles (1000) is greater than the total number of samples (460). n_quantiles is set to n_samples.
  warnings.warn(
/home/ubuntu/nba/.venv/lib/python3.12/site-packages/sklearn/preprocessing/_data.py:2905: UserWarning: n_quantiles (1000) is greater than the total number of samples (549). n_quantiles is set to n_samples.
  warnings.warn(
/home/ubuntu/nba/.venv/lib/python3.12/site-packages/sklearn/preprocessing/_data.py:2905: UserWarning: n_quantiles (1000) is greater than the total number of samples (549). n_quantiles is set to n_samples.
  warnings.warn(
/home/ubuntu/nba/.venv/lib/python3.12/site-packages/sklearn/preprocessing/_data.py:2905: UserWarning: n_quantiles (1000) is greater than the total number of samples (549). n_quantiles is set to n_samples.
  warnings.warn(
/home/ubuntu/nba/.venv/lib/python3.12/site-packages/sklearn/preprocessing/_data.py:2905: UserWarning: n_quantiles (1000) is greater than the total number of samples (549). n_quantiles is set to n_samples.
  warnings.warn(
/home/ubuntu/nba/.venv/lib/python3.12/site-packages/sklearn/preprocessing/_data.py:2905: UserWarning: n_quantiles (1000) is greater than the total number of samples (549). n_quantiles is set to n_samples.
  warnings.warn(
/home/ubuntu/nba/.venv/lib/python3.12/site-packages/sklearn/preprocessing/_data.py:2905: UserWarning: n_quantiles (1000) is greater than the total number of samples (666). n_quantiles is set to n_samples.
  warnings.warn(
/home/ubuntu/nba/.venv/lib/python3.12/site-packages/sklearn/preprocessing/_data.py:2905: UserWarning: n_quantiles (1000) is greater than the total number of samples (666). n_quantiles is set to n_samples.
  warnings.warn(
/home/ubuntu/nba/.venv/lib/python3.12/site-packages/sklearn/preprocessing/_data.py:2905: UserWarning: n_quantiles (1000) is greater than the total number of samples (666). n_quantiles is set to n_samples.
  warnings.warn(
/home/ubuntu/nba/.venv/lib/python3.12/site-packages/sklearn/preprocessing/_data.py:2905: UserWarning: n_quantiles (1000) is greater than the total number of samples (666). n_quantiles is set to n_samples.
  warnings.warn(
/home/ubuntu/nba/.venv/lib/python3.12/site-packages/sklearn/preprocessing/_data.py:2905: UserWarning: n_quantiles (1000) is greater than the total number of samples (666). n_quantiles is set to n_samples.
  warnings.warn(
[01:40:51] gen198 die  WF +0.4195 gain -0.0292 folds 1/5  mut: hz=1/ridge=0  (324s)
/home/ubuntu/nba/.venv/lib/python3.12/site-packages/sklearn/preprocessing/_data.py:2905: UserWarning: n_quantiles (1000) is greater than the total number of samples (310). n_quantiles is set to n_samples.
  warnings.warn(
/home/ubuntu/nba/.venv/lib/python3.12/site-packages/sklearn/preprocessing/_data.py:2905: UserWarning: n_quantiles (1000) is greater than the total number of samples (394). n_quantiles is set to n_samples.
  warnings.warn(
/home/ubuntu/nba/.venv/lib/python3.12/site-packages/sklearn/preprocessing/_data.py:2905: UserWarning: n_quantiles (1000) is greater than the total number of samples (460). n_quantiles is set to n_samples.
  warnings.warn(
/home/ubuntu/nba/.venv/lib/python3.12/site-packages/sklearn/preprocessing/_data.py:2905: UserWarning: n_quantiles (1000) is greater than the total number of samples (549). n_quantiles is set to n_samples.
  warnings.warn(
/home/ubuntu/nba/.venv/lib/python3.12/site-packages/sklearn/preprocessing/_data.py:2905: UserWarning: n_quantiles (1000) is greater than the total number of samples (666). n_quantiles is set to n_samples.
  warnings.warn(
[01:43:25] gen199 die  WF +0.4267 gain -0.0221 folds 2/5  mut: icl_n=32  (154s)
/home/ubuntu/nba/.venv/lib/python3.12/site-packages/sklearn/preprocessing/_data.py:2905: UserWarning: n_quantiles (1000) is greater than the total number of samples (310). n_quantiles is set to n_samples.
  warnings.warn(
/home/ubuntu/nba/.venv/lib/python3.12/site-packages/sklearn/preprocessing/_data.py:2905: UserWarning: n_quantiles (1000) is greater than the total number of samples (394). n_quantiles is set to n_samples.
  warnings.warn(
/home/ubuntu/nba/.venv/lib/python3.12/site-packages/sklearn/preprocessing/_data.py:2905: UserWarning: n_quantiles (1000) is greater than the total number of samples (460). n_quantiles is set to n_samples.
  warnings.warn(
/home/ubuntu/nba/.venv/lib/python3.12/site-packages/sklearn/preprocessing/_data.py:2905: UserWarning: n_quantiles (1000) is greater than the total number of samples (549). n_quantiles is set to n_samples.
  warnings.warn(
/home/ubuntu/nba/.venv/lib/python3.12/site-packages/sklearn/preprocessing/_data.py:2905: UserWarning: n_quantiles (1000) is greater than the total number of samples (666). n_quantiles is set to n_samples.
  warnings.warn(
[01:45:50] gen200 die  WF +0.4253 gain -0.0234 folds 2/5  mut: icl_shuffle=random  (145s)
/home/ubuntu/nba/.venv/lib/python3.12/site-packages/sklearn/preprocessing/_data.py:2905: UserWarning: n_quantiles (1000) is greater than the total number of samples (310). n_quantiles is set to n_samples.
  warnings.warn(
/home/ubuntu/nba/.venv/lib/python3.12/site-packages/sklearn/preprocessing/_data.py:2905: UserWarning: n_quantiles (1000) is greater than the total number of samples (394). n_quantiles is set to n_samples.
  warnings.warn(
/home/ubuntu/nba/.venv/lib/python3.12/site-packages/sklearn/preprocessing/_data.py:2905: UserWarning: n_quantiles (1000) is greater than the total number of samples (460). n_quantiles is set to n_samples.
  warnings.warn(
/home/ubuntu/nba/.venv/lib/python3.12/site-packages/sklearn/preprocessing/_data.py:2905: UserWarning: n_quantiles (1000) is greater than the total number of samples (549). n_quantiles is set to n_samples.
  warnings.warn(
/home/ubuntu/nba/.venv/lib/python3.12/site-packages/sklearn/preprocessing/_data.py:2905: UserWarning: n_quantiles (1000) is greater than the total number of samples (666). n_quantiles is set to n_samples.
  warnings.warn(
   >> review_request.json written for the critic
/home/ubuntu/nba/.venv/lib/python3.12/site-packages/sklearn/preprocessing/_data.py:2905: UserWarning: n_quantiles (1000) is greater than the total number of samples (310). n_quantiles is set to n_samples.
  warnings.warn(
/home/ubuntu/nba/.venv/lib/python3.12/site-packages/sklearn/preprocessing/_data.py:2905: UserWarning: n_quantiles (1000) is greater than the total number of samples (310). n_quantiles is set to n_samples.
  warnings.warn(
/home/ubuntu/nba/.venv/lib/python3.12/site-packages/sklearn/preprocessing/_data.py:2905: UserWarning: n_quantiles (1000) is greater than the total number of samples (310). n_quantiles is set to n_samples.
  warnings.warn(
/home/ubuntu/nba/.venv/lib/python3.12/site-packages/sklearn/preprocessing/_data.py:2905: UserWarning: n_quantiles (1000) is greater than the total number of samples (310). n_quantiles is set to n_samples.
  warnings.warn(
/home/ubuntu/nba/.venv/lib/python3.12/site-packages/sklearn/preprocessing/_data.py:2905: UserWarning: n_quantiles (1000) is greater than the total number of samples (310). n_quantiles is set to n_samples.
  warnings.warn(
/home/ubuntu/nba/.venv/lib/python3.12/site-packages/sklearn/preprocessing/_data.py:2905: UserWarning: n_quantiles (1000) is greater than the total number of samples (394). n_quantiles is set to n_samples.
  warnings.warn(
/home/ubuntu/nba/.venv/lib/python3.12/site-packages/sklearn/preprocessing/_data.py:2905: UserWarning: n_quantiles (1000) is greater than the total number of samples (394). n_quantiles is set to n_samples.
  warnings.warn(
/home/ubuntu/nba/.venv/lib/python3.12/site-packages/sklearn/preprocessing/_data.py:2905: UserWarning: n_quantiles (1000) is greater than the total number of samples (394). n_quantiles is set to n_samples.
  warnings.warn(
/home/ubuntu/nba/.venv/lib/python3.12/site-packages/sklearn/preprocessing/_data.py:2905: UserWarning: n_quantiles (1000) is greater than the total number of samples (394). n_quantiles is set to n_samples.
  warnings.warn(
/home/ubuntu/nba/.venv/lib/python3.12/site-packages/sklearn/preprocessing/_data.py:2905: UserWarning: n_quantiles (1000) is greater than the total number of samples (394). n_quantiles is set to n_samples.
  warnings.warn(
/home/ubuntu/nba/.venv/lib/python3.12/site-packages/sklearn/preprocessing/_data.py:2905: UserWarning: n_quantiles (1000) is greater than the total number of samples (460). n_quantiles is set to n_samples.
  warnings.warn(
/home/ubuntu/nba/.venv/lib/python3.12/site-packages/sklearn/preprocessing/_data.py:2905: UserWarning: n_quantiles (1000) is greater than the total number of samples (460). n_quantiles is set to n_samples.
  warnings.warn(
/home/ubuntu/nba/.venv/lib/python3.12/site-packages/sklearn/preprocessing/_data.py:2905: UserWarning: n_quantiles (1000) is greater than the total number of samples (460). n_quantiles is set to n_samples.
  warnings.warn(
/home/ubuntu/nba/.venv/lib/python3.12/site-packages/sklearn/preprocessing/_data.py:2905: UserWarning: n_quantiles (1000) is greater than the total number of samples (460). n_quantiles is set to n_samples.
  warnings.warn(
/home/ubuntu/nba/.venv/lib/python3.12/site-packages/sklearn/preprocessing/_data.py:2905: UserWarning: n_quantiles (1000) is greater than the total number of samples (460). n_quantiles is set to n_samples.
  warnings.warn(
/home/ubuntu/nba/.venv/lib/python3.12/site-packages/sklearn/preprocessing/_data.py:2905: UserWarning: n_quantiles (1000) is greater than the total number of samples (549). n_quantiles is set to n_samples.
  warnings.warn(
/home/ubuntu/nba/.venv/lib/python3.12/site-packages/sklearn/preprocessing/_data.py:2905: UserWarning: n_quantiles (1000) is greater than the total number of samples (549). n_quantiles is set to n_samples.
  warnings.warn(
/home/ubuntu/nba/.venv/lib/python3.12/site-packages/sklearn/preprocessing/_data.py:2905: UserWarning: n_quantiles (1000) is greater than the total number of samples (549). n_quantiles is set to n_samples.
  warnings.warn(
/home/ubuntu/nba/.venv/lib/python3.12/site-packages/sklearn/preprocessing/_data.py:2905: UserWarning: n_quantiles (1000) is greater than the total number of samples (549). n_quantiles is set to n_samples.
  warnings.warn(
/home/ubuntu/nba/.venv/lib/python3.12/site-packages/sklearn/preprocessing/_data.py:2905: UserWarning: n_quantiles (1000) is greater than the total number of samples (549). n_quantiles is set to n_samples.
  warnings.warn(
/home/ubuntu/nba/.venv/lib/python3.12/site-packages/sklearn/preprocessing/_data.py:2905: UserWarning: n_quantiles (1000) is greater than the total number of samples (666). n_quantiles is set to n_samples.
  warnings.warn(
/home/ubuntu/nba/.venv/lib/python3.12/site-packages/sklearn/preprocessing/_data.py:2905: UserWarning: n_quantiles (1000) is greater than the total number of samples (666). n_quantiles is set to n_samples.
  warnings.warn(
/home/ubuntu/nba/.venv/lib/python3.12/site-packages/sklearn/preprocessing/_data.py:2905: UserWarning: n_quantiles (1000) is greater than the total number of samples (666). n_quantiles is set to n_samples.
  warnings.warn(
/home/ubuntu/nba/.venv/lib/python3.12/site-packages/sklearn/preprocessing/_data.py:2905: UserWarning: n_quantiles (1000) is greater than the total number of samples (666). n_quantiles is set to n_samples.
  warnings.warn(
/home/ubuntu/nba/.venv/lib/python3.12/site-packages/sklearn/preprocessing/_data.py:2905: UserWarning: n_quantiles (1000) is greater than the total number of samples (666). n_quantiles is set to n_samples.
  warnings.warn(
[01:53:23] gen201 die  WF +0.4133 gain -0.0354 folds 2/5  mut: pss=1  (385s)
   (critic suggestion) {'ixc': 1, 'icl_n': 32}
/home/ubuntu/nba/.venv/lib/python3.12/site-packages/sklearn/preprocessing/_data.py:2905: UserWarning: n_quantiles (1000) is greater than the total number of samples (310). n_quantiles is set to n_samples.
  warnings.warn(
/home/ubuntu/nba/.venv/lib/python3.12/site-packages/sklearn/preprocessing/_data.py:2905: UserWarning: n_quantiles (1000) is greater than the total number of samples (394). n_quantiles is set to n_samples.
  warnings.warn(
/home/ubuntu/nba/.venv/lib/python3.12/site-packages/sklearn/preprocessing/_data.py:2905: UserWarning: n_quantiles (1000) is greater than the total number of samples (460). n_quantiles is set to n_samples.
  warnings.warn(
/home/ubuntu/nba/.venv/lib/python3.12/site-packages/sklearn/preprocessing/_data.py:2905: UserWarning: n_quantiles (1000) is greater than the total number of samples (549). n_quantiles is set to n_samples.
  warnings.warn(
/home/ubuntu/nba/.venv/lib/python3.12/site-packages/sklearn/preprocessing/_data.py:2905: UserWarning: n_quantiles (1000) is greater than the total number of samples (666). n_quantiles is set to n_samples.
  warnings.warn(
[01:56:10] gen202 die  WF +0.4431 gain -0.0056 folds 3/5  mut: ixc=1/icl_n=32  (166s)
   (critic suggestion) {'labelmix': 'mix3'}
/home/ubuntu/nba/.venv/lib/python3.12/site-packages/sklearn/preprocessing/_data.py:2905: UserWarning: n_quantiles (1000) is greater than the total number of samples (310). n_quantiles is set to n_samples.
  warnings.warn(
/home/ubuntu/nba/.venv/lib/python3.12/site-packages/sklearn/preprocessing/_data.py:2905: UserWarning: n_quantiles (1000) is greater than the total number of samples (310). n_quantiles is set to n_samples.
  warnings.warn(
/home/ubuntu/nba/.venv/lib/python3.12/site-packages/sklearn/preprocessing/_data.py:2905: UserWarning: n_quantiles (1000) is greater than the total number of samples (310). n_quantiles is set to n_samples.
  warnings.warn(
/home/ubuntu/nba/.venv/lib/python3.12/site-packages/sklearn/preprocessing/_data.py:2905: UserWarning: n_quantiles (1000) is greater than the total number of samples (394). n_quantiles is set to n_samples.
  warnings.warn(
/home/ubuntu/nba/.venv/lib/python3.12/site-packages/sklearn/preprocessing/_data.py:2905: UserWarning: n_quantiles (1000) is greater than the total number of samples (394). n_quantiles is set to n_samples.
  warnings.warn(
/home/ubuntu/nba/.venv/lib/python3.12/site-packages/sklearn/preprocessing/_data.py:2905: UserWarning: n_quantiles (1000) is greater than the total number of samples (394). n_quantiles is set to n_samples.
  warnings.warn(
/home/ubuntu/nba/.venv/lib/python3.12/site-packages/sklearn/preprocessing/_data.py:2905: UserWarning: n_quantiles (1000) is greater than the total number of samples (460). n_quantiles is set to n_samples.
  warnings.warn(
/home/ubuntu/nba/.venv/lib/python3.12/site-packages/sklearn/preprocessing/_data.py:2905: UserWarning: n_quantiles (1000) is greater than the total number of samples (460). n_quantiles is set to n_samples.
  warnings.warn(
/home/ubuntu/nba/.venv/lib/python3.12/site-packages/sklearn/preprocessing/_data.py:2905: UserWarning: n_quantiles (1000) is greater than the total number of samples (460). n_quantiles is set to n_samples.
  warnings.warn(
/home/ubuntu/nba/.venv/lib/python3.12/site-packages/sklearn/preprocessing/_data.py:2905: UserWarning: n_quantiles (1000) is greater than the total number of samples (549). n_quantiles is set to n_samples.
  warnings.warn(
/home/ubuntu/nba/.venv/lib/python3.12/site-packages/sklearn/preprocessing/_data.py:2905: UserWarning: n_quantiles (1000) is greater than the total number of samples (549). n_quantiles is set to n_samples.
  warnings.warn(
/home/ubuntu/nba/.venv/lib/python3.12/site-packages/sklearn/preprocessing/_data.py:2905: UserWarning: n_quantiles (1000) is greater than the total number of samples (549). n_quantiles is set to n_samples.
  warnings.warn(
/home/ubuntu/nba/.venv/lib/python3.12/site-packages/sklearn/preprocessing/_data.py:2905: UserWarning: n_quantiles (1000) is greater than the total number of samples (666). n_quantiles is set to n_samples.
  warnings.warn(
/home/ubuntu/nba/.venv/lib/python3.12/site-packages/sklearn/preprocessing/_data.py:2905: UserWarning: n_quantiles (1000) is greater than the total number of samples (666). n_quantiles is set to n_samples.
  warnings.warn(
/home/ubuntu/nba/.venv/lib/python3.12/site-packages/sklearn/preprocessing/_data.py:2905: UserWarning: n_quantiles (1000) is greater than the total number of samples (666). n_quantiles is set to n_samples.
  warnings.warn(
[02:00:35] gen203 die  WF +0.4475 gain -0.0012 folds 2/5  mut: labelmix=mix3  (265s)
   (critic suggestion) {'mono': 'off', 'ixc': 1}
   (critic suggestion) {'icl_n': 32, 'M': 250.0}
   (critic suggestion) {'labelmix': 'mix3', 'M': 250.0}
/home/ubuntu/nba/.venv/lib/python3.12/site-packages/sklearn/preprocessing/_data.py:2905: UserWarning: n_quantiles (1000) is greater than the total number of samples (310). n_quantiles is set to n_samples.
  warnings.warn(
/home/ubuntu/nba/.venv/lib/python3.12/site-packages/sklearn/preprocessing/_data.py:2905: UserWarning: n_quantiles (1000) is greater than the total number of samples (310). n_quantiles is set to n_samples.
  warnings.warn(
/home/ubuntu/nba/.venv/lib/python3.12/site-packages/sklearn/preprocessing/_data.py:2905: UserWarning: n_quantiles (1000) is greater than the total number of samples (310). n_quantiles is set to n_samples.
  warnings.warn(
/home/ubuntu/nba/.venv/lib/python3.12/site-packages/sklearn/preprocessing/_data.py:2905: UserWarning: n_quantiles (1000) is greater than the total number of samples (394). n_quantiles is set to n_samples.
  warnings.warn(
/home/ubuntu/nba/.venv/lib/python3.12/site-packages/sklearn/preprocessing/_data.py:2905: UserWarning: n_quantiles (1000) is greater than the total number of samples (394). n_quantiles is set to n_samples.
  warnings.warn(
/home/ubuntu/nba/.venv/lib/python3.12/site-packages/sklearn/preprocessing/_data.py:2905: UserWarning: n_quantiles (1000) is greater than the total number of samples (394). n_quantiles is set to n_samples.
  warnings.warn(
/home/ubuntu/nba/.venv/lib/python3.12/site-packages/sklearn/preprocessing/_data.py:2905: UserWarning: n_quantiles (1000) is greater than the total number of samples (460). n_quantiles is set to n_samples.
  warnings.warn(
/home/ubuntu/nba/.venv/lib/python3.12/site-packages/sklearn/preprocessing/_data.py:2905: UserWarning: n_quantiles (1000) is greater than the total number of samples (460). n_quantiles is set to n_samples.
  warnings.warn(
/home/ubuntu/nba/.venv/lib/python3.12/site-packages/sklearn/preprocessing/_data.py:2905: UserWarning: n_quantiles (1000) is greater than the total number of samples (460). n_quantiles is set to n_samples.
  warnings.warn(
/home/ubuntu/nba/.venv/lib/python3.12/site-packages/sklearn/preprocessing/_data.py:2905: UserWarning: n_quantiles (1000) is greater than the total number of samples (549). n_quantiles is set to n_samples.
  warnings.warn(
/home/ubuntu/nba/.venv/lib/python3.12/site-packages/sklearn/preprocessing/_data.py:2905: UserWarning: n_quantiles (1000) is greater than the total number of samples (549). n_quantiles is set to n_samples.
  warnings.warn(
/home/ubuntu/nba/.venv/lib/python3.12/site-packages/sklearn/preprocessing/_data.py:2905: UserWarning: n_quantiles (1000) is greater than the total number of samples (549). n_quantiles is set to n_samples.
  warnings.warn(
/home/ubuntu/nba/.venv/lib/python3.12/site-packages/sklearn/preprocessing/_data.py:2905: UserWarning: n_quantiles (1000) is greater than the total number of samples (666). n_quantiles is set to n_samples.
  warnings.warn(
/home/ubuntu/nba/.venv/lib/python3.12/site-packages/sklearn/preprocessing/_data.py:2905: UserWarning: n_quantiles (1000) is greater than the total number of samples (666). n_quantiles is set to n_samples.
  warnings.warn(
/home/ubuntu/nba/.venv/lib/python3.12/site-packages/sklearn/preprocessing/_data.py:2905: UserWarning: n_quantiles (1000) is greater than the total number of samples (666). n_quantiles is set to n_samples.
  warnings.warn(
[02:05:02] gen204 die  WF +0.4467 gain -0.0021 folds 3/5  mut: labelmix=mix3  (267s)
/home/ubuntu/nba/.venv/lib/python3.12/site-packages/sklearn/preprocessing/_data.py:2905: UserWarning: n_quantiles (1000) is greater than the total number of samples (310). n_quantiles is set to n_samples.
  warnings.warn(
/home/ubuntu/nba/.venv/lib/python3.12/site-packages/sklearn/preprocessing/_data.py:2905: UserWarning: n_quantiles (1000) is greater than the total number of samples (394). n_quantiles is set to n_samples.
  warnings.warn(
/home/ubuntu/nba/.venv/lib/python3.12/site-packages/sklearn/preprocessing/_data.py:2905: UserWarning: n_quantiles (1000) is greater than the total number of samples (460). n_quantiles is set to n_samples.
  warnings.warn(
/home/ubuntu/nba/.venv/lib/python3.12/site-packages/sklearn/preprocessing/_data.py:2905: UserWarning: n_quantiles (1000) is greater than the total number of samples (549). n_quantiles is set to n_samples.
  warnings.warn(
/home/ubuntu/nba/.venv/lib/python3.12/site-packages/sklearn/preprocessing/_data.py:2905: UserWarning: n_quantiles (1000) is greater than the total number of samples (666). n_quantiles is set to n_samples.
  warnings.warn(
[02:06:20] gen205 die  WF +0.4324 gain -0.0163 folds 0/5  mut: ixc=1/covw=0  (78s)
[02:08:46] gen206 die  WF +0.4313 gain -0.0174 folds 1/5  mut: icl_norm=none  (146s)
/home/ubuntu/nba/.venv/lib/python3.12/site-packages/sklearn/preprocessing/_data.py:2905: UserWarning: n_quantiles (1000) is greater than the total number of samples (310). n_quantiles is set to n_samples.
  warnings.warn(
/home/ubuntu/nba/.venv/lib/python3.12/site-packages/sklearn/preprocessing/_data.py:2905: UserWarning: n_quantiles (1000) is greater than the total number of samples (394). n_quantiles is set to n_samples.
  warnings.warn(
/home/ubuntu/nba/.venv/lib/python3.12/site-packages/sklearn/preprocessing/_data.py:2905: UserWarning: n_quantiles (1000) is greater than the total number of samples (460). n_quantiles is set to n_samples.
  warnings.warn(
/home/ubuntu/nba/.venv/lib/python3.12/site-packages/sklearn/preprocessing/_data.py:2905: UserWarning: n_quantiles (1000) is greater than the total number of samples (549). n_quantiles is set to n_samples.
  warnings.warn(
/home/ubuntu/nba/.venv/lib/python3.12/site-packages/sklearn/preprocessing/_data.py:2905: UserWarning: n_quantiles (1000) is greater than the total number of samples (666). n_quantiles is set to n_samples.
  warnings.warn(
[02:11:16] gen207 die  WF +0.4356 gain -0.0131 folds 1/5  mut: icl_outlier=4.0  (149s)
/home/ubuntu/nba/.venv/lib/python3.12/site-packages/sklearn/preprocessing/_data.py:2905: UserWarning: n_quantiles (1000) is greater than the total number of samples (310). n_quantiles is set to n_samples.
  warnings.warn(
/home/ubuntu/nba/.venv/lib/python3.12/site-packages/sklearn/preprocessing/_data.py:2905: UserWarning: n_quantiles (1000) is greater than the total number of samples (310). n_quantiles is set to n_samples.
  warnings.warn(
/home/ubuntu/nba/.venv/lib/python3.12/site-packages/sklearn/preprocessing/_data.py:2905: UserWarning: n_quantiles (1000) is greater than the total number of samples (310). n_quantiles is set to n_samples.
  warnings.warn(
/home/ubuntu/nba/.venv/lib/python3.12/site-packages/sklearn/preprocessing/_data.py:2905: UserWarning: n_quantiles (1000) is greater than the total number of samples (394). n_quantiles is set to n_samples.
  warnings.warn(
/home/ubuntu/nba/.venv/lib/python3.12/site-packages/sklearn/preprocessing/_data.py:2905: UserWarning: n_quantiles (1000) is greater than the total number of samples (394). n_quantiles is set to n_samples.
  warnings.warn(
/home/ubuntu/nba/.venv/lib/python3.12/site-packages/sklearn/preprocessing/_data.py:2905: UserWarning: n_quantiles (1000) is greater than the total number of samples (394). n_quantiles is set to n_samples.
  warnings.warn(
/home/ubuntu/nba/.venv/lib/python3.12/site-packages/sklearn/preprocessing/_data.py:2905: UserWarning: n_quantiles (1000) is greater than the total number of samples (460). n_quantiles is set to n_samples.
  warnings.warn(
/home/ubuntu/nba/.venv/lib/python3.12/site-packages/sklearn/preprocessing/_data.py:2905: UserWarning: n_quantiles (1000) is greater than the total number of samples (460). n_quantiles is set to n_samples.
  warnings.warn(
/home/ubuntu/nba/.venv/lib/python3.12/site-packages/sklearn/preprocessing/_data.py:2905: UserWarning: n_quantiles (1000) is greater than the total number of samples (460). n_quantiles is set to n_samples.
  warnings.warn(
/home/ubuntu/nba/.venv/lib/python3.12/site-packages/sklearn/preprocessing/_data.py:2905: UserWarning: n_quantiles (1000) is greater than the total number of samples (549). n_quantiles is set to n_samples.
  warnings.warn(
/home/ubuntu/nba/.venv/lib/python3.12/site-packages/sklearn/preprocessing/_data.py:2905: UserWarning: n_quantiles (1000) is greater than the total number of samples (549). n_quantiles is set to n_samples.
  warnings.warn(
/home/ubuntu/nba/.venv/lib/python3.12/site-packages/sklearn/preprocessing/_data.py:2905: UserWarning: n_quantiles (1000) is greater than the total number of samples (549). n_quantiles is set to n_samples.
  warnings.warn(
/home/ubuntu/nba/.venv/lib/python3.12/site-packages/sklearn/preprocessing/_data.py:2905: UserWarning: n_quantiles (1000) is greater than the total number of samples (666). n_quantiles is set to n_samples.
  warnings.warn(
/home/ubuntu/nba/.venv/lib/python3.12/site-packages/sklearn/preprocessing/_data.py:2905: UserWarning: n_quantiles (1000) is greater than the total number of samples (666). n_quantiles is set to n_samples.
  warnings.warn(
/home/ubuntu/nba/.venv/lib/python3.12/site-packages/sklearn/preprocessing/_data.py:2905: UserWarning: n_quantiles (1000) is greater than the total number of samples (666). n_quantiles is set to n_samples.
  warnings.warn(
[02:15:41] gen208 die  WF +0.4451 gain -0.0037 folds 3/5  mut: labelmix=mix3  (265s)
[02:18:17] gen209 die  WF +0.4218 gain -0.0269 folds 1/5  mut: icl_norm=power/icl_ctx=drafted  (157s)
/home/ubuntu/nba/.venv/lib/python3.12/site-packages/sklearn/preprocessing/_data.py:2905: UserWarning: n_quantiles (1000) is greater than the total number of samples (310). n_quantiles is set to n_samples.
  warnings.warn(
/home/ubuntu/nba/.venv/lib/python3.12/site-packages/sklearn/preprocessing/_data.py:2905: UserWarning: n_quantiles (1000) is greater than the total number of samples (394). n_quantiles is set to n_samples.
  warnings.warn(
/home/ubuntu/nba/.venv/lib/python3.12/site-packages/sklearn/preprocessing/_data.py:2905: UserWarning: n_quantiles (1000) is greater than the total number of samples (460). n_quantiles is set to n_samples.
  warnings.warn(
/home/ubuntu/nba/.venv/lib/python3.12/site-packages/sklearn/preprocessing/_data.py:2905: UserWarning: n_quantiles (1000) is greater than the total number of samples (549). n_quantiles is set to n_samples.
  warnings.warn(
/home/ubuntu/nba/.venv/lib/python3.12/site-packages/sklearn/preprocessing/_data.py:2905: UserWarning: n_quantiles (1000) is greater than the total number of samples (666). n_quantiles is set to n_samples.
  warnings.warn(
[02:20:51] gen210 die  WF +0.4487 gain +0.0000 folds 0/5  mut: risk=q25  (154s)
/home/ubuntu/nba/.venv/lib/python3.12/site-packages/sklearn/preprocessing/_data.py:2905: UserWarning: n_quantiles (1000) is greater than the total number of samples (310). n_quantiles is set to n_samples.
  warnings.warn(
/home/ubuntu/nba/.venv/lib/python3.12/site-packages/sklearn/preprocessing/_data.py:2905: UserWarning: n_quantiles (1000) is greater than the total number of samples (394). n_quantiles is set to n_samples.
  warnings.warn(
/home/ubuntu/nba/.venv/lib/python3.12/site-packages/sklearn/preprocessing/_data.py:2905: UserWarning: n_quantiles (1000) is greater than the total number of samples (460). n_quantiles is set to n_samples.
  warnings.warn(
/home/ubuntu/nba/.venv/lib/python3.12/site-packages/sklearn/preprocessing/_data.py:2905: UserWarning: n_quantiles (1000) is greater than the total number of samples (549). n_quantiles is set to n_samples.
  warnings.warn(
/home/ubuntu/nba/.venv/lib/python3.12/site-packages/sklearn/preprocessing/_data.py:2905: UserWarning: n_quantiles (1000) is greater than the total number of samples (666). n_quantiles is set to n_samples.
  warnings.warn(
   >> review_request.json written for the critic
[02:25:25] gen211 die  WF +0.4316 gain -0.0172 folds 1/5  mut: icl_norm=default/resid=1  (212s)
/home/ubuntu/nba/.venv/lib/python3.12/site-packages/sklearn/preprocessing/_data.py:2905: UserWarning: n_quantiles (1000) is greater than the total number of samples (310). n_quantiles is set to n_samples.
  warnings.warn(
/home/ubuntu/nba/.venv/lib/python3.12/site-packages/sklearn/preprocessing/_data.py:2905: UserWarning: n_quantiles (1000) is greater than the total number of samples (394). n_quantiles is set to n_samples.
  warnings.warn(
/home/ubuntu/nba/.venv/lib/python3.12/site-packages/sklearn/preprocessing/_data.py:2905: UserWarning: n_quantiles (1000) is greater than the total number of samples (460). n_quantiles is set to n_samples.
  warnings.warn(
/home/ubuntu/nba/.venv/lib/python3.12/site-packages/sklearn/preprocessing/_data.py:2905: UserWarning: n_quantiles (1000) is greater than the total number of samples (549). n_quantiles is set to n_samples.
  warnings.warn(
/home/ubuntu/nba/.venv/lib/python3.12/site-packages/sklearn/preprocessing/_data.py:2905: UserWarning: n_quantiles (1000) is greater than the total number of samples (666). n_quantiles is set to n_samples.
  warnings.warn(
[02:27:14] gen212 die  WF +0.4291 gain -0.0196 folds 2/5  mut: wk=1  (110s)
/home/ubuntu/nba/.venv/lib/python3.12/site-packages/sklearn/preprocessing/_data.py:2905: UserWarning: n_quantiles (1000) is greater than the total number of samples (310). n_quantiles is set to n_samples.
  warnings.warn(
/home/ubuntu/nba/.venv/lib/python3.12/site-packages/sklearn/preprocessing/_data.py:2905: UserWarning: n_quantiles (1000) is greater than the total number of samples (394). n_quantiles is set to n_samples.
  warnings.warn(
/home/ubuntu/nba/.venv/lib/python3.12/site-packages/sklearn/preprocessing/_data.py:2905: UserWarning: n_quantiles (1000) is greater than the total number of samples (460). n_quantiles is set to n_samples.
  warnings.warn(
/home/ubuntu/nba/.venv/lib/python3.12/site-packages/sklearn/preprocessing/_data.py:2905: UserWarning: n_quantiles (1000) is greater than the total number of samples (549). n_quantiles is set to n_samples.
  warnings.warn(
/home/ubuntu/nba/.venv/lib/python3.12/site-packages/sklearn/preprocessing/_data.py:2905: UserWarning: n_quantiles (1000) is greater than the total number of samples (666). n_quantiles is set to n_samples.
  warnings.warn(
[02:29:35] gen213 die  WF +0.4315 gain -0.0173 folds 2/5  mut: el=0  (141s)
   (critic suggestion) {'resid': 1, 'M': 250.0}
   (critic suggestion) {'icl_outlier': 4.0, 'M': 250.0}
   (critic suggestion) {'ixc': 1, 'mono': 'off'}
   (critic suggestion) {'ixc': 1, 'M': 250.0}
   (critic suggestion) {'ridge_alpha': 300.0, 'M': 250.0}
/home/ubuntu/nba/.venv/lib/python3.12/site-packages/sklearn/preprocessing/_data.py:2905: UserWarning: n_quantiles (1000) is greater than the total number of samples (310). n_quantiles is set to n_samples.
  warnings.warn(
/home/ubuntu/nba/.venv/lib/python3.12/site-packages/sklearn/preprocessing/_data.py:2905: UserWarning: n_quantiles (1000) is greater than the total number of samples (394). n_quantiles is set to n_samples.
  warnings.warn(
/home/ubuntu/nba/.venv/lib/python3.12/site-packages/sklearn/preprocessing/_data.py:2905: UserWarning: n_quantiles (1000) is greater than the total number of samples (460). n_quantiles is set to n_samples.
  warnings.warn(
/home/ubuntu/nba/.venv/lib/python3.12/site-packages/sklearn/preprocessing/_data.py:2905: UserWarning: n_quantiles (1000) is greater than the total number of samples (549). n_quantiles is set to n_samples.
  warnings.warn(
/home/ubuntu/nba/.venv/lib/python3.12/site-packages/sklearn/preprocessing/_data.py:2905: UserWarning: n_quantiles (1000) is greater than the total number of samples (666). n_quantiles is set to n_samples.
  warnings.warn(
[02:32:06] gen214 die  WF +0.4305 gain -0.0183 folds 1/5  mut: wk=1  (151s)
/home/ubuntu/nba/.venv/lib/python3.12/site-packages/sklearn/preprocessing/_data.py:2905: UserWarning: n_quantiles (1000) is greater than the total number of samples (310). n_quantiles is set to n_samples.
  warnings.warn(
/home/ubuntu/nba/.venv/lib/python3.12/site-packages/sklearn/preprocessing/_data.py:2905: UserWarning: n_quantiles (1000) is greater than the total number of samples (394). n_quantiles is set to n_samples.
  warnings.warn(
/home/ubuntu/nba/.venv/lib/python3.12/site-packages/sklearn/preprocessing/_data.py:2905: UserWarning: n_quantiles (1000) is greater than the total number of samples (460). n_quantiles is set to n_samples.
  warnings.warn(
/home/ubuntu/nba/.venv/lib/python3.12/site-packages/sklearn/preprocessing/_data.py:2905: UserWarning: n_quantiles (1000) is greater than the total number of samples (549). n_quantiles is set to n_samples.
  warnings.warn(
/home/ubuntu/nba/.venv/lib/python3.12/site-packages/sklearn/preprocessing/_data.py:2905: UserWarning: n_quantiles (1000) is greater than the total number of samples (666). n_quantiles is set to n_samples.
  warnings.warn(
[02:33:26] gen215 die  WF +0.4265 gain -0.0222 folds 1/5  mut: ridge=0  (80s)
/home/ubuntu/nba/.venv/lib/python3.12/site-packages/sklearn/preprocessing/_data.py:2905: UserWarning: n_quantiles (1000) is greater than the total number of samples (310). n_quantiles is set to n_samples.
  warnings.warn(
/home/ubuntu/nba/.venv/lib/python3.12/site-packages/sklearn/preprocessing/_data.py:2905: UserWarning: n_quantiles (1000) is greater than the total number of samples (310). n_quantiles is set to n_samples.
  warnings.warn(
/home/ubuntu/nba/.venv/lib/python3.12/site-packages/sklearn/preprocessing/_data.py:2905: UserWarning: n_quantiles (1000) is greater than the total number of samples (310). n_quantiles is set to n_samples.
  warnings.warn(
/home/ubuntu/nba/.venv/lib/python3.12/site-packages/sklearn/preprocessing/_data.py:2905: UserWarning: n_quantiles (1000) is greater than the total number of samples (310). n_quantiles is set to n_samples.
  warnings.warn(
/home/ubuntu/nba/.venv/lib/python3.12/site-packages/sklearn/preprocessing/_data.py:2905: UserWarning: n_quantiles (1000) is greater than the total number of samples (310). n_quantiles is set to n_samples.
  warnings.warn(
/home/ubuntu/nba/.venv/lib/python3.12/site-packages/sklearn/preprocessing/_data.py:2905: UserWarning: n_quantiles (1000) is greater than the total number of samples (394). n_quantiles is set to n_samples.
  warnings.warn(
/home/ubuntu/nba/.venv/lib/python3.12/site-packages/sklearn/preprocessing/_data.py:2905: UserWarning: n_quantiles (1000) is greater than the total number of samples (394). n_quantiles is set to n_samples.
  warnings.warn(
/home/ubuntu/nba/.venv/lib/python3.12/site-packages/sklearn/preprocessing/_data.py:2905: UserWarning: n_quantiles (1000) is greater than the total number of samples (394). n_quantiles is set to n_samples.
  warnings.warn(
/home/ubuntu/nba/.venv/lib/python3.12/site-packages/sklearn/preprocessing/_data.py:2905: UserWarning: n_quantiles (1000) is greater than the total number of samples (394). n_quantiles is set to n_samples.
  warnings.warn(
/home/ubuntu/nba/.venv/lib/python3.12/site-packages/sklearn/preprocessing/_data.py:2905: UserWarning: n_quantiles (1000) is greater than the total number of samples (394). n_quantiles is set to n_samples.
  warnings.warn(
/home/ubuntu/nba/.venv/lib/python3.12/site-packages/sklearn/preprocessing/_data.py:2905: UserWarning: n_quantiles (1000) is greater than the total number of samples (460). n_quantiles is set to n_samples.
  warnings.warn(
/home/ubuntu/nba/.venv/lib/python3.12/site-packages/sklearn/preprocessing/_data.py:2905: UserWarning: n_quantiles (1000) is greater than the total number of samples (460). n_quantiles is set to n_samples.
  warnings.warn(
/home/ubuntu/nba/.venv/lib/python3.12/site-packages/sklearn/preprocessing/_data.py:2905: UserWarning: n_quantiles (1000) is greater than the total number of samples (460). n_quantiles is set to n_samples.
  warnings.warn(
/home/ubuntu/nba/.venv/lib/python3.12/site-packages/sklearn/preprocessing/_data.py:2905: UserWarning: n_quantiles (1000) is greater than the total number of samples (460). n_quantiles is set to n_samples.
  warnings.warn(
/home/ubuntu/nba/.venv/lib/python3.12/site-packages/sklearn/preprocessing/_data.py:2905: UserWarning: n_quantiles (1000) is greater than the total number of samples (460). n_quantiles is set to n_samples.
  warnings.warn(
/home/ubuntu/nba/.venv/lib/python3.12/site-packages/sklearn/preprocessing/_data.py:2905: UserWarning: n_quantiles (1000) is greater than the total number of samples (549). n_quantiles is set to n_samples.
  warnings.warn(
/home/ubuntu/nba/.venv/lib/python3.12/site-packages/sklearn/preprocessing/_data.py:2905: UserWarning: n_quantiles (1000) is greater than the total number of samples (549). n_quantiles is set to n_samples.
  warnings.warn(
/home/ubuntu/nba/.venv/lib/python3.12/site-packages/sklearn/preprocessing/_data.py:2905: UserWarning: n_quantiles (1000) is greater than the total number of samples (549). n_quantiles is set to n_samples.
  warnings.warn(
/home/ubuntu/nba/.venv/lib/python3.12/site-packages/sklearn/preprocessing/_data.py:2905: UserWarning: n_quantiles (1000) is greater than the total number of samples (549). n_quantiles is set to n_samples.
  warnings.warn(
/home/ubuntu/nba/.venv/lib/python3.12/site-packages/sklearn/preprocessing/_data.py:2905: UserWarning: n_quantiles (1000) is greater than the total number of samples (549). n_quantiles is set to n_samples.
  warnings.warn(
/home/ubuntu/nba/.venv/lib/python3.12/site-packages/sklearn/preprocessing/_data.py:2905: UserWarning: n_quantiles (1000) is greater than the total number of samples (666). n_quantiles is set to n_samples.
  warnings.warn(
/home/ubuntu/nba/.venv/lib/python3.12/site-packages/sklearn/preprocessing/_data.py:2905: UserWarning: n_quantiles (1000) is greater than the total number of samples (666). n_quantiles is set to n_samples.
  warnings.warn(
/home/ubuntu/nba/.venv/lib/python3.12/site-packages/sklearn/preprocessing/_data.py:2905: UserWarning: n_quantiles (1000) is greater than the total number of samples (666). n_quantiles is set to n_samples.
  warnings.warn(
/home/ubuntu/nba/.venv/lib/python3.12/site-packages/sklearn/preprocessing/_data.py:2905: UserWarning: n_quantiles (1000) is greater than the total number of samples (666). n_quantiles is set to n_samples.
  warnings.warn(
/home/ubuntu/nba/.venv/lib/python3.12/site-packages/sklearn/preprocessing/_data.py:2905: UserWarning: n_quantiles (1000) is greater than the total number of samples (666). n_quantiles is set to n_samples.
  warnings.warn(
[02:40:05] gen216 die  WF +0.4223 gain -0.0264 folds 0/5  mut: pss=1/icl_n=32  (399s)
/home/ubuntu/nba/.venv/lib/python3.12/site-packages/sklearn/preprocessing/_data.py:2905: UserWarning: n_quantiles (1000) is greater than the total number of samples (310). n_quantiles is set to n_samples.
  warnings.warn(
/home/ubuntu/nba/.venv/lib/python3.12/site-packages/sklearn/preprocessing/_data.py:2905: UserWarning: n_quantiles (1000) is greater than the total number of samples (394). n_quantiles is set to n_samples.
  warnings.warn(
/home/ubuntu/nba/.venv/lib/python3.12/site-packages/sklearn/preprocessing/_data.py:2905: UserWarning: n_quantiles (1000) is greater than the total number of samples (460). n_quantiles is set to n_samples.
  warnings.warn(
/home/ubuntu/nba/.venv/lib/python3.12/site-packages/sklearn/preprocessing/_data.py:2905: UserWarning: n_quantiles (1000) is greater than the total number of samples (549). n_quantiles is set to n_samples.
  warnings.warn(
/home/ubuntu/nba/.venv/lib/python3.12/site-packages/sklearn/preprocessing/_data.py:2905: UserWarning: n_quantiles (1000) is greater than the total number of samples (666). n_quantiles is set to n_samples.
  warnings.warn(
[02:42:35] gen217 die  WF +0.4431 gain -0.0056 folds 3/5  mut: risk=q25/icl_n=32  (151s)
[02:49:39] gen218 die  WF +0.4277 gain -0.0210 folds 1/5  mut: icl_norm=power/hz=1  (424s)
/home/ubuntu/nba/.venv/lib/python3.12/site-packages/sklearn/preprocessing/_data.py:2905: UserWarning: n_quantiles (1000) is greater than the total number of samples (310). n_quantiles is set to n_samples.
  warnings.warn(
/home/ubuntu/nba/.venv/lib/python3.12/site-packages/sklearn/preprocessing/_data.py:2905: UserWarning: n_quantiles (1000) is greater than the total number of samples (310). n_quantiles is set to n_samples.
  warnings.warn(
/home/ubuntu/nba/.venv/lib/python3.12/site-packages/sklearn/preprocessing/_data.py:2905: UserWarning: n_quantiles (1000) is greater than the total number of samples (310). n_quantiles is set to n_samples.
  warnings.warn(
/home/ubuntu/nba/.venv/lib/python3.12/site-packages/sklearn/preprocessing/_data.py:2905: UserWarning: n_quantiles (1000) is greater than the total number of samples (394). n_quantiles is set to n_samples.
  warnings.warn(
/home/ubuntu/nba/.venv/lib/python3.12/site-packages/sklearn/preprocessing/_data.py:2905: UserWarning: n_quantiles (1000) is greater than the total number of samples (394). n_quantiles is set to n_samples.
  warnings.warn(
/home/ubuntu/nba/.venv/lib/python3.12/site-packages/sklearn/preprocessing/_data.py:2905: UserWarning: n_quantiles (1000) is greater than the total number of samples (394). n_quantiles is set to n_samples.
  warnings.warn(
/home/ubuntu/nba/.venv/lib/python3.12/site-packages/sklearn/preprocessing/_data.py:2905: UserWarning: n_quantiles (1000) is greater than the total number of samples (460). n_quantiles is set to n_samples.
  warnings.warn(
/home/ubuntu/nba/.venv/lib/python3.12/site-packages/sklearn/preprocessing/_data.py:2905: UserWarning: n_quantiles (1000) is greater than the total number of samples (460). n_quantiles is set to n_samples.
  warnings.warn(
/home/ubuntu/nba/.venv/lib/python3.12/site-packages/sklearn/preprocessing/_data.py:2905: UserWarning: n_quantiles (1000) is greater than the total number of samples (460). n_quantiles is set to n_samples.
  warnings.warn(
/home/ubuntu/nba/.venv/lib/python3.12/site-packages/sklearn/preprocessing/_data.py:2905: UserWarning: n_quantiles (1000) is greater than the total number of samples (549). n_quantiles is set to n_samples.
  warnings.warn(
/home/ubuntu/nba/.venv/lib/python3.12/site-packages/sklearn/preprocessing/_data.py:2905: UserWarning: n_quantiles (1000) is greater than the total number of samples (549). n_quantiles is set to n_samples.
  warnings.warn(
/home/ubuntu/nba/.venv/lib/python3.12/site-packages/sklearn/preprocessing/_data.py:2905: UserWarning: n_quantiles (1000) is greater than the total number of samples (549). n_quantiles is set to n_samples.
  warnings.warn(
/home/ubuntu/nba/.venv/lib/python3.12/site-packages/sklearn/preprocessing/_data.py:2905: UserWarning: n_quantiles (1000) is greater than the total number of samples (666). n_quantiles is set to n_samples.
  warnings.warn(
/home/ubuntu/nba/.venv/lib/python3.12/site-packages/sklearn/preprocessing/_data.py:2905: UserWarning: n_quantiles (1000) is greater than the total number of samples (666). n_quantiles is set to n_samples.
  warnings.warn(
/home/ubuntu/nba/.venv/lib/python3.12/site-packages/sklearn/preprocessing/_data.py:2905: UserWarning: n_quantiles (1000) is greater than the total number of samples (666). n_quantiles is set to n_samples.
  warnings.warn(
[02:53:01] gen219 die  WF +0.4301 gain -0.0187 folds 1/5  mut: labelmix=mix3/ridge=0  (202s)
/home/ubuntu/nba/.venv/lib/python3.12/site-packages/sklearn/preprocessing/_data.py:2905: UserWarning: n_quantiles (1000) is greater than the total number of samples (206). n_quantiles is set to n_samples.
  warnings.warn(
/home/ubuntu/nba/.venv/lib/python3.12/site-packages/sklearn/preprocessing/_data.py:2905: UserWarning: n_quantiles (1000) is greater than the total number of samples (207). n_quantiles is set to n_samples.
  warnings.warn(
/home/ubuntu/nba/.venv/lib/python3.12/site-packages/sklearn/preprocessing/_data.py:2905: UserWarning: n_quantiles (1000) is greater than the total number of samples (207). n_quantiles is set to n_samples.
  warnings.warn(
/home/ubuntu/nba/.venv/lib/python3.12/site-packages/sklearn/preprocessing/_data.py:2905: UserWarning: n_quantiles (1000) is greater than the total number of samples (310). n_quantiles is set to n_samples.
  warnings.warn(
/home/ubuntu/nba/.venv/lib/python3.12/site-packages/sklearn/preprocessing/_data.py:2905: UserWarning: n_quantiles (1000) is greater than the total number of samples (310). n_quantiles is set to n_samples.
  warnings.warn(
/home/ubuntu/nba/.venv/lib/python3.12/site-packages/sklearn/preprocessing/_data.py:2905: UserWarning: n_quantiles (1000) is greater than the total number of samples (262). n_quantiles is set to n_samples.
  warnings.warn(
/home/ubuntu/nba/.venv/lib/python3.12/site-packages/sklearn/preprocessing/_data.py:2905: UserWarning: n_quantiles (1000) is greater than the total number of samples (263). n_quantiles is set to n_samples.
  warnings.warn(
/home/ubuntu/nba/.venv/lib/python3.12/site-packages/sklearn/preprocessing/_data.py:2905: UserWarning: n_quantiles (1000) is greater than the total number of samples (263). n_quantiles is set to n_samples.
  warnings.warn(
/home/ubuntu/nba/.venv/lib/python3.12/site-packages/sklearn/preprocessing/_data.py:2905: UserWarning: n_quantiles (1000) is greater than the total number of samples (394). n_quantiles is set to n_samples.
  warnings.warn(
/home/ubuntu/nba/.venv/lib/python3.12/site-packages/sklearn/preprocessing/_data.py:2905: UserWarning: n_quantiles (1000) is greater than the total number of samples (394). n_quantiles is set to n_samples.
  warnings.warn(
/home/ubuntu/nba/.venv/lib/python3.12/site-packages/sklearn/preprocessing/_data.py:2905: UserWarning: n_quantiles (1000) is greater than the total number of samples (306). n_quantiles is set to n_samples.
  warnings.warn(
/home/ubuntu/nba/.venv/lib/python3.12/site-packages/sklearn/preprocessing/_data.py:2905: UserWarning: n_quantiles (1000) is greater than the total number of samples (307). n_quantiles is set to n_samples.
  warnings.warn(
/home/ubuntu/nba/.venv/lib/python3.12/site-packages/sklearn/preprocessing/_data.py:2905: UserWarning: n_quantiles (1000) is greater than the total number of samples (307). n_quantiles is set to n_samples.
  warnings.warn(
/home/ubuntu/nba/.venv/lib/python3.12/site-packages/sklearn/preprocessing/_data.py:2905: UserWarning: n_quantiles (1000) is greater than the total number of samples (460). n_quantiles is set to n_samples.
  warnings.warn(
/home/ubuntu/nba/.venv/lib/python3.12/site-packages/sklearn/preprocessing/_data.py:2905: UserWarning: n_quantiles (1000) is greater than the total number of samples (460). n_quantiles is set to n_samples.
  warnings.warn(
/home/ubuntu/nba/.venv/lib/python3.12/site-packages/sklearn/preprocessing/_data.py:2905: UserWarning: n_quantiles (1000) is greater than the total number of samples (366). n_quantiles is set to n_samples.
  warnings.warn(
/home/ubuntu/nba/.venv/lib/python3.12/site-packages/sklearn/preprocessing/_data.py:2905: UserWarning: n_quantiles (1000) is greater than the total number of samples (366). n_quantiles is set to n_samples.
  warnings.warn(
/home/ubuntu/nba/.venv/lib/python3.12/site-packages/sklearn/preprocessing/_data.py:2905: UserWarning: n_quantiles (1000) is greater than the total number of samples (366). n_quantiles is set to n_samples.
  warnings.warn(
/home/ubuntu/nba/.venv/lib/python3.12/site-packages/sklearn/preprocessing/_data.py:2905: UserWarning: n_quantiles (1000) is greater than the total number of samples (549). n_quantiles is set to n_samples.
  warnings.warn(
/home/ubuntu/nba/.venv/lib/python3.12/site-packages/sklearn/preprocessing/_data.py:2905: UserWarning: n_quantiles (1000) is greater than the total number of samples (549). n_quantiles is set to n_samples.
  warnings.warn(
/home/ubuntu/nba/.venv/lib/python3.12/site-packages/sklearn/preprocessing/_data.py:2905: UserWarning: n_quantiles (1000) is greater than the total number of samples (444). n_quantiles is set to n_samples.
  warnings.warn(
/home/ubuntu/nba/.venv/lib/python3.12/site-packages/sklearn/preprocessing/_data.py:2905: UserWarning: n_quantiles (1000) is greater than the total number of samples (444). n_quantiles is set to n_samples.
  warnings.warn(
/home/ubuntu/nba/.venv/lib/python3.12/site-packages/sklearn/preprocessing/_data.py:2905: UserWarning: n_quantiles (1000) is greater than the total number of samples (444). n_quantiles is set to n_samples.
  warnings.warn(
/home/ubuntu/nba/.venv/lib/python3.12/site-packages/sklearn/preprocessing/_data.py:2905: UserWarning: n_quantiles (1000) is greater than the total number of samples (666). n_quantiles is set to n_samples.
  warnings.warn(
/home/ubuntu/nba/.venv/lib/python3.12/site-packages/sklearn/preprocessing/_data.py:2905: UserWarning: n_quantiles (1000) is greater than the total number of samples (666). n_quantiles is set to n_samples.
  warnings.warn(
[02:56:01] gen220 die  WF +0.4483 gain -0.0004 folds 1/5  mut: resid=1  (180s)
/home/ubuntu/nba/.venv/lib/python3.12/site-packages/sklearn/preprocessing/_data.py:2905: UserWarning: n_quantiles (1000) is greater than the total number of samples (310). n_quantiles is set to n_samples.
  warnings.warn(
/home/ubuntu/nba/.venv/lib/python3.12/site-packages/sklearn/preprocessing/_data.py:2905: UserWarning: n_quantiles (1000) is greater than the total number of samples (394). n_quantiles is set to n_samples.
  warnings.warn(
/home/ubuntu/nba/.venv/lib/python3.12/site-packages/sklearn/preprocessing/_data.py:2905: UserWarning: n_quantiles (1000) is greater than the total number of samples (460). n_quantiles is set to n_samples.
  warnings.warn(
/home/ubuntu/nba/.venv/lib/python3.12/site-packages/sklearn/preprocessing/_data.py:2905: UserWarning: n_quantiles (1000) is greater than the total number of samples (549). n_quantiles is set to n_samples.
  warnings.warn(
/home/ubuntu/nba/.venv/lib/python3.12/site-packages/sklearn/preprocessing/_data.py:2905: UserWarning: n_quantiles (1000) is greater than the total number of samples (666). n_quantiles is set to n_samples.
  warnings.warn(
   >> review_request.json written for the critic
/home/ubuntu/nba/.venv/lib/python3.12/site-packages/sklearn/preprocessing/_data.py:2905: UserWarning: n_quantiles (1000) is greater than the total number of samples (310). n_quantiles is set to n_samples.
  warnings.warn(
/home/ubuntu/nba/.venv/lib/python3.12/site-packages/sklearn/preprocessing/_data.py:2905: UserWarning: n_quantiles (1000) is greater than the total number of samples (394). n_quantiles is set to n_samples.
  warnings.warn(
/home/ubuntu/nba/.venv/lib/python3.12/site-packages/sklearn/preprocessing/_data.py:2905: UserWarning: n_quantiles (1000) is greater than the total number of samples (460). n_quantiles is set to n_samples.
  warnings.warn(
/home/ubuntu/nba/.venv/lib/python3.12/site-packages/sklearn/preprocessing/_data.py:2905: UserWarning: n_quantiles (1000) is greater than the total number of samples (549). n_quantiles is set to n_samples.
  warnings.warn(
/home/ubuntu/nba/.venv/lib/python3.12/site-packages/sklearn/preprocessing/_data.py:2905: UserWarning: n_quantiles (1000) is greater than the total number of samples (666). n_quantiles is set to n_samples.
  warnings.warn(
[02:58:08] gen221 die  WF +0.4301 gain -0.0187 folds 0/5  mut: covw=0  (65s)
/home/ubuntu/nba/.venv/lib/python3.12/site-packages/sklearn/preprocessing/_data.py:2905: UserWarning: n_quantiles (1000) is greater than the total number of samples (310). n_quantiles is set to n_samples.
  warnings.warn(
/home/ubuntu/nba/.venv/lib/python3.12/site-packages/sklearn/preprocessing/_data.py:2905: UserWarning: n_quantiles (1000) is greater than the total number of samples (394). n_quantiles is set to n_samples.
  warnings.warn(
/home/ubuntu/nba/.venv/lib/python3.12/site-packages/sklearn/preprocessing/_data.py:2905: UserWarning: n_quantiles (1000) is greater than the total number of samples (460). n_quantiles is set to n_samples.
  warnings.warn(
/home/ubuntu/nba/.venv/lib/python3.12/site-packages/sklearn/preprocessing/_data.py:2905: UserWarning: n_quantiles (1000) is greater than the total number of samples (549). n_quantiles is set to n_samples.
  warnings.warn(
/home/ubuntu/nba/.venv/lib/python3.12/site-packages/sklearn/preprocessing/_data.py:2905: UserWarning: n_quantiles (1000) is greater than the total number of samples (666). n_quantiles is set to n_samples.
  warnings.warn(
[02:59:25] gen222 die  WF +0.4216 gain -0.0271 folds 1/5  mut: icl_shuffle=random/ridge=0  (76s)
/home/ubuntu/nba/.venv/lib/python3.12/site-packages/sklearn/preprocessing/_data.py:2905: UserWarning: n_quantiles (1000) is greater than the total number of samples (310). n_quantiles is set to n_samples.
  warnings.warn(
/home/ubuntu/nba/.venv/lib/python3.12/site-packages/sklearn/preprocessing/_data.py:2905: UserWarning: n_quantiles (1000) is greater than the total number of samples (394). n_quantiles is set to n_samples.
  warnings.warn(
/home/ubuntu/nba/.venv/lib/python3.12/site-packages/sklearn/preprocessing/_data.py:2905: UserWarning: n_quantiles (1000) is greater than the total number of samples (460). n_quantiles is set to n_samples.
  warnings.warn(
/home/ubuntu/nba/.venv/lib/python3.12/site-packages/sklearn/preprocessing/_data.py:2905: UserWarning: n_quantiles (1000) is greater than the total number of samples (549). n_quantiles is set to n_samples.
  warnings.warn(
/home/ubuntu/nba/.venv/lib/python3.12/site-packages/sklearn/preprocessing/_data.py:2905: UserWarning: n_quantiles (1000) is greater than the total number of samples (666). n_quantiles is set to n_samples.
  warnings.warn(
[03:00:29] gen223 die  WF +0.4213 gain -0.0275 folds 0/5  mut: covw=0  (65s)
/home/ubuntu/nba/.venv/lib/python3.12/site-packages/sklearn/preprocessing/_data.py:2905: UserWarning: n_quantiles (1000) is greater than the total number of samples (310). n_quantiles is set to n_samples.
  warnings.warn(
/home/ubuntu/nba/.venv/lib/python3.12/site-packages/sklearn/preprocessing/_data.py:2905: UserWarning: n_quantiles (1000) is greater than the total number of samples (394). n_quantiles is set to n_samples.
  warnings.warn(
/home/ubuntu/nba/.venv/lib/python3.12/site-packages/sklearn/preprocessing/_data.py:2905: UserWarning: n_quantiles (1000) is greater than the total number of samples (460). n_quantiles is set to n_samples.
  warnings.warn(
/home/ubuntu/nba/.venv/lib/python3.12/site-packages/sklearn/preprocessing/_data.py:2905: UserWarning: n_quantiles (1000) is greater than the total number of samples (549). n_quantiles is set to n_samples.
  warnings.warn(
/home/ubuntu/nba/.venv/lib/python3.12/site-packages/sklearn/preprocessing/_data.py:2905: UserWarning: n_quantiles (1000) is greater than the total number of samples (666). n_quantiles is set to n_samples.
  warnings.warn(
[03:01:34] gen224 die  WF +0.4341 gain -0.0146 folds 0/5  mut: covw=0/icl_n=32  (65s)
/home/ubuntu/nba/.venv/lib/python3.12/site-packages/sklearn/preprocessing/_data.py:2905: UserWarning: n_quantiles (1000) is greater than the total number of samples (310). n_quantiles is set to n_samples.
  warnings.warn(
/home/ubuntu/nba/.venv/lib/python3.12/site-packages/sklearn/preprocessing/_data.py:2905: UserWarning: n_quantiles (1000) is greater than the total number of samples (394). n_quantiles is set to n_samples.
  warnings.warn(
/home/ubuntu/nba/.venv/lib/python3.12/site-packages/sklearn/preprocessing/_data.py:2905: UserWarning: n_quantiles (1000) is greater than the total number of samples (460). n_quantiles is set to n_samples.
  warnings.warn(
/home/ubuntu/nba/.venv/lib/python3.12/site-packages/sklearn/preprocessing/_data.py:2905: UserWarning: n_quantiles (1000) is greater than the total number of samples (549). n_quantiles is set to n_samples.
  warnings.warn(
/home/ubuntu/nba/.venv/lib/python3.12/site-packages/sklearn/preprocessing/_data.py:2905: UserWarning: n_quantiles (1000) is greater than the total number of samples (666). n_quantiles is set to n_samples.
  warnings.warn(
[03:03:02] gen225 die  WF +0.4337 gain -0.0150 folds 1/5  mut: ridge=0  (87s)
   (critic suggestion) {'fx': 'shoot+age'}
/home/ubuntu/nba/.venv/lib/python3.12/site-packages/sklearn/preprocessing/_data.py:2905: UserWarning: n_quantiles (1000) is greater than the total number of samples (310). n_quantiles is set to n_samples.
  warnings.warn(
/home/ubuntu/nba/.venv/lib/python3.12/site-packages/sklearn/preprocessing/_data.py:2905: UserWarning: n_quantiles (1000) is greater than the total number of samples (394). n_quantiles is set to n_samples.
  warnings.warn(
/home/ubuntu/nba/.venv/lib/python3.12/site-packages/sklearn/preprocessing/_data.py:2905: UserWarning: n_quantiles (1000) is greater than the total number of samples (460). n_quantiles is set to n_samples.
  warnings.warn(
/home/ubuntu/nba/.venv/lib/python3.12/site-packages/sklearn/preprocessing/_data.py:2905: UserWarning: n_quantiles (1000) is greater than the total number of samples (549). n_quantiles is set to n_samples.
  warnings.warn(
/home/ubuntu/nba/.venv/lib/python3.12/site-packages/sklearn/preprocessing/_data.py:2905: UserWarning: n_quantiles (1000) is greater than the total number of samples (666). n_quantiles is set to n_samples.
  warnings.warn(
[03:05:24] gen226 die  WF +0.4149 gain -0.0339 folds 2/5  mut: fx=shoot+age  (142s)
   (critic suggestion) {'fx': 'shoot+age', 'resid': 1}
/home/ubuntu/nba/.venv/lib/python3.12/site-packages/sklearn/preprocessing/_data.py:2905: UserWarning: n_quantiles (1000) is greater than the total number of samples (206). n_quantiles is set to n_samples.
  warnings.warn(
/home/ubuntu/nba/.venv/lib/python3.12/site-packages/sklearn/preprocessing/_data.py:2905: UserWarning: n_quantiles (1000) is greater than the total number of samples (207). n_quantiles is set to n_samples.
  warnings.warn(
/home/ubuntu/nba/.venv/lib/python3.12/site-packages/sklearn/preprocessing/_data.py:2905: UserWarning: n_quantiles (1000) is greater than the total number of samples (207). n_quantiles is set to n_samples.
  warnings.warn(
/home/ubuntu/nba/.venv/lib/python3.12/site-packages/sklearn/preprocessing/_data.py:2905: UserWarning: n_quantiles (1000) is greater than the total number of samples (310). n_quantiles is set to n_samples.
  warnings.warn(
/home/ubuntu/nba/.venv/lib/python3.12/site-packages/sklearn/preprocessing/_data.py:2905: UserWarning: n_quantiles (1000) is greater than the total number of samples (310). n_quantiles is set to n_samples.
  warnings.warn(
/home/ubuntu/nba/.venv/lib/python3.12/site-packages/sklearn/preprocessing/_data.py:2905: UserWarning: n_quantiles (1000) is greater than the total number of samples (262). n_quantiles is set to n_samples.
  warnings.warn(
/home/ubuntu/nba/.venv/lib/python3.12/site-packages/sklearn/preprocessing/_data.py:2905: UserWarning: n_quantiles (1000) is greater than the total number of samples (263). n_quantiles is set to n_samples.
  warnings.warn(
/home/ubuntu/nba/.venv/lib/python3.12/site-packages/sklearn/preprocessing/_data.py:2905: UserWarning: n_quantiles (1000) is greater than the total number of samples (263). n_quantiles is set to n_samples.
  warnings.warn(
/home/ubuntu/nba/.venv/lib/python3.12/site-packages/sklearn/preprocessing/_data.py:2905: UserWarning: n_quantiles (1000) is greater than the total number of samples (394). n_quantiles is set to n_samples.
  warnings.warn(
/home/ubuntu/nba/.venv/lib/python3.12/site-packages/sklearn/preprocessing/_data.py:2905: UserWarning: n_quantiles (1000) is greater than the total number of samples (394). n_quantiles is set to n_samples.
  warnings.warn(
/home/ubuntu/nba/.venv/lib/python3.12/site-packages/sklearn/preprocessing/_data.py:2905: UserWarning: n_quantiles (1000) is greater than the total number of samples (306). n_quantiles is set to n_samples.
  warnings.warn(
/home/ubuntu/nba/.venv/lib/python3.12/site-packages/sklearn/preprocessing/_data.py:2905: UserWarning: n_quantiles (1000) is greater than the total number of samples (307). n_quantiles is set to n_samples.
  warnings.warn(
/home/ubuntu/nba/.venv/lib/python3.12/site-packages/sklearn/preprocessing/_data.py:2905: UserWarning: n_quantiles (1000) is greater than the total number of samples (307). n_quantiles is set to n_samples.
  warnings.warn(
/home/ubuntu/nba/.venv/lib/python3.12/site-packages/sklearn/preprocessing/_data.py:2905: UserWarning: n_quantiles (1000) is greater than the total number of samples (460). n_quantiles is set to n_samples.
  warnings.warn(
/home/ubuntu/nba/.venv/lib/python3.12/site-packages/sklearn/preprocessing/_data.py:2905: UserWarning: n_quantiles (1000) is greater than the total number of samples (460). n_quantiles is set to n_samples.
  warnings.warn(
/home/ubuntu/nba/.venv/lib/python3.12/site-packages/sklearn/preprocessing/_data.py:2905: UserWarning: n_quantiles (1000) is greater than the total number of samples (366). n_quantiles is set to n_samples.
  warnings.warn(
/home/ubuntu/nba/.venv/lib/python3.12/site-packages/sklearn/preprocessing/_data.py:2905: UserWarning: n_quantiles (1000) is greater than the total number of samples (366). n_quantiles is set to n_samples.
  warnings.warn(
/home/ubuntu/nba/.venv/lib/python3.12/site-packages/sklearn/preprocessing/_data.py:2905: UserWarning: n_quantiles (1000) is greater than the total number of samples (366). n_quantiles is set to n_samples.
  warnings.warn(
/home/ubuntu/nba/.venv/lib/python3.12/site-packages/sklearn/preprocessing/_data.py:2905: UserWarning: n_quantiles (1000) is greater than the total number of samples (549). n_quantiles is set to n_samples.
  warnings.warn(
/home/ubuntu/nba/.venv/lib/python3.12/site-packages/sklearn/preprocessing/_data.py:2905: UserWarning: n_quantiles (1000) is greater than the total number of samples (549). n_quantiles is set to n_samples.
  warnings.warn(
/home/ubuntu/nba/.venv/lib/python3.12/site-packages/sklearn/preprocessing/_data.py:2905: UserWarning: n_quantiles (1000) is greater than the total number of samples (444). n_quantiles is set to n_samples.
  warnings.warn(
/home/ubuntu/nba/.venv/lib/python3.12/site-packages/sklearn/preprocessing/_data.py:2905: UserWarning: n_quantiles (1000) is greater than the total number of samples (444). n_quantiles is set to n_samples.
  warnings.warn(
/home/ubuntu/nba/.venv/lib/python3.12/site-packages/sklearn/preprocessing/_data.py:2905: UserWarning: n_quantiles (1000) is greater than the total number of samples (444). n_quantiles is set to n_samples.
  warnings.warn(
/home/ubuntu/nba/.venv/lib/python3.12/site-packages/sklearn/preprocessing/_data.py:2905: UserWarning: n_quantiles (1000) is greater than the total number of samples (666). n_quantiles is set to n_samples.
  warnings.warn(
/home/ubuntu/nba/.venv/lib/python3.12/site-packages/sklearn/preprocessing/_data.py:2905: UserWarning: n_quantiles (1000) is greater than the total number of samples (666). n_quantiles is set to n_samples.
  warnings.warn(
[03:08:11] gen227 die  WF +0.4140 gain -0.0347 folds 2/5  mut: resid=1  (167s)
   (critic suggestion) {'icl_norm': 'default'}
   (critic suggestion) {'icl_norm': 'default', 'icl_topk': 100}
[03:10:44] gen228 die  WF +0.4209 gain -0.0278 folds 1/5  mut: icl_norm=default/icl_topk=100  (153s)
   (critic suggestion) {'fx': 'shoot+age', 'icl_norm': 'default'}
[03:13:14] gen229 die  WF +0.4263 gain -0.0224 folds 1/5  mut: icl_norm=default  (150s)
/home/ubuntu/nba/.venv/lib/python3.12/site-packages/sklearn/preprocessing/_data.py:2905: UserWarning: n_quantiles (1000) is greater than the total number of samples (310). n_quantiles is set to n_samples.
  warnings.warn(
/home/ubuntu/nba/.venv/lib/python3.12/site-packages/sklearn/preprocessing/_data.py:2905: UserWarning: n_quantiles (1000) is greater than the total number of samples (310). n_quantiles is set to n_samples.
  warnings.warn(
/home/ubuntu/nba/.venv/lib/python3.12/site-packages/sklearn/preprocessing/_data.py:2905: UserWarning: n_quantiles (1000) is greater than the total number of samples (310). n_quantiles is set to n_samples.
  warnings.warn(
/home/ubuntu/nba/.venv/lib/python3.12/site-packages/sklearn/preprocessing/_data.py:2905: UserWarning: n_quantiles (1000) is greater than the total number of samples (310). n_quantiles is set to n_samples.
  warnings.warn(
/home/ubuntu/nba/.venv/lib/python3.12/site-packages/sklearn/preprocessing/_data.py:2905: UserWarning: n_quantiles (1000) is greater than the total number of samples (310). n_quantiles is set to n_samples.
  warnings.warn(
/home/ubuntu/nba/.venv/lib/python3.12/site-packages/sklearn/preprocessing/_data.py:2905: UserWarning: n_quantiles (1000) is greater than the total number of samples (394). n_quantiles is set to n_samples.
  warnings.warn(
/home/ubuntu/nba/.venv/lib/python3.12/site-packages/sklearn/preprocessing/_data.py:2905: UserWarning: n_quantiles (1000) is greater than the total number of samples (394). n_quantiles is set to n_samples.
  warnings.warn(
/home/ubuntu/nba/.venv/lib/python3.12/site-packages/sklearn/preprocessing/_data.py:2905: UserWarning: n_quantiles (1000) is greater than the total number of samples (394). n_quantiles is set to n_samples.
  warnings.warn(
/home/ubuntu/nba/.venv/lib/python3.12/site-packages/sklearn/preprocessing/_data.py:2905: UserWarning: n_quantiles (1000) is greater than the total number of samples (394). n_quantiles is set to n_samples.
  warnings.warn(
/home/ubuntu/nba/.venv/lib/python3.12/site-packages/sklearn/preprocessing/_data.py:2905: UserWarning: n_quantiles (1000) is greater than the total number of samples (394). n_quantiles is set to n_samples.
  warnings.warn(
/home/ubuntu/nba/.venv/lib/python3.12/site-packages/sklearn/preprocessing/_data.py:2905: UserWarning: n_quantiles (1000) is greater than the total number of samples (460). n_quantiles is set to n_samples.
  warnings.warn(
/home/ubuntu/nba/.venv/lib/python3.12/site-packages/sklearn/preprocessing/_data.py:2905: UserWarning: n_quantiles (1000) is greater than the total number of samples (460). n_quantiles is set to n_samples.
  warnings.warn(
/home/ubuntu/nba/.venv/lib/python3.12/site-packages/sklearn/preprocessing/_data.py:2905: UserWarning: n_quantiles (1000) is greater than the total number of samples (460). n_quantiles is set to n_samples.
  warnings.warn(
/home/ubuntu/nba/.venv/lib/python3.12/site-packages/sklearn/preprocessing/_data.py:2905: UserWarning: n_quantiles (1000) is greater than the total number of samples (460). n_quantiles is set to n_samples.
  warnings.warn(
/home/ubuntu/nba/.venv/lib/python3.12/site-packages/sklearn/preprocessing/_data.py:2905: UserWarning: n_quantiles (1000) is greater than the total number of samples (460). n_quantiles is set to n_samples.
  warnings.warn(
/home/ubuntu/nba/.venv/lib/python3.12/site-packages/sklearn/preprocessing/_data.py:2905: UserWarning: n_quantiles (1000) is greater than the total number of samples (549). n_quantiles is set to n_samples.
  warnings.warn(
/home/ubuntu/nba/.venv/lib/python3.12/site-packages/sklearn/preprocessing/_data.py:2905: UserWarning: n_quantiles (1000) is greater than the total number of samples (549). n_quantiles is set to n_samples.
  warnings.warn(
/home/ubuntu/nba/.venv/lib/python3.12/site-packages/sklearn/preprocessing/_data.py:2905: UserWarning: n_quantiles (1000) is greater than the total number of samples (549). n_quantiles is set to n_samples.
  warnings.warn(
/home/ubuntu/nba/.venv/lib/python3.12/site-packages/sklearn/preprocessing/_data.py:2905: UserWarning: n_quantiles (1000) is greater than the total number of samples (549). n_quantiles is set to n_samples.
  warnings.warn(
/home/ubuntu/nba/.venv/lib/python3.12/site-packages/sklearn/preprocessing/_data.py:2905: UserWarning: n_quantiles (1000) is greater than the total number of samples (549). n_quantiles is set to n_samples.
  warnings.warn(
/home/ubuntu/nba/.venv/lib/python3.12/site-packages/sklearn/preprocessing/_data.py:2905: UserWarning: n_quantiles (1000) is greater than the total number of samples (666). n_quantiles is set to n_samples.
  warnings.warn(
/home/ubuntu/nba/.venv/lib/python3.12/site-packages/sklearn/preprocessing/_data.py:2905: UserWarning: n_quantiles (1000) is greater than the total number of samples (666). n_quantiles is set to n_samples.
  warnings.warn(
/home/ubuntu/nba/.venv/lib/python3.12/site-packages/sklearn/preprocessing/_data.py:2905: UserWarning: n_quantiles (1000) is greater than the total number of samples (666). n_quantiles is set to n_samples.
  warnings.warn(
/home/ubuntu/nba/.venv/lib/python3.12/site-packages/sklearn/preprocessing/_data.py:2905: UserWarning: n_quantiles (1000) is greater than the total number of samples (666). n_quantiles is set to n_samples.
  warnings.warn(
/home/ubuntu/nba/.venv/lib/python3.12/site-packages/sklearn/preprocessing/_data.py:2905: UserWarning: n_quantiles (1000) is greater than the total number of samples (666). n_quantiles is set to n_samples.
  warnings.warn(
[03:19:45] gen230 die  WF +0.4369 gain -0.0118 folds 2/5  mut: hz=1  (392s)
/home/ubuntu/nba/.venv/lib/python3.12/site-packages/sklearn/preprocessing/_data.py:2905: UserWarning: n_quantiles (1000) is greater than the total number of samples (310). n_quantiles is set to n_samples.
  warnings.warn(
/home/ubuntu/nba/.venv/lib/python3.12/site-packages/sklearn/preprocessing/_data.py:2905: UserWarning: n_quantiles (1000) is greater than the total number of samples (394). n_quantiles is set to n_samples.
  warnings.warn(
/home/ubuntu/nba/.venv/lib/python3.12/site-packages/sklearn/preprocessing/_data.py:2905: UserWarning: n_quantiles (1000) is greater than the total number of samples (460). n_quantiles is set to n_samples.
  warnings.warn(
/home/ubuntu/nba/.venv/lib/python3.12/site-packages/sklearn/preprocessing/_data.py:2905: UserWarning: n_quantiles (1000) is greater than the total number of samples (549). n_quantiles is set to n_samples.
  warnings.warn(
/home/ubuntu/nba/.venv/lib/python3.12/site-packages/sklearn/preprocessing/_data.py:2905: UserWarning: n_quantiles (1000) is greater than the total number of samples (666). n_quantiles is set to n_samples.
  warnings.warn(
   >> review_request.json written for the critic
/home/ubuntu/nba/.venv/lib/python3.12/site-packages/sklearn/preprocessing/_data.py:2905: UserWarning: n_quantiles (1000) is greater than the total number of samples (310). n_quantiles is set to n_samples.
  warnings.warn(
/home/ubuntu/nba/.venv/lib/python3.12/site-packages/sklearn/preprocessing/_data.py:2905: UserWarning: n_quantiles (1000) is greater than the total number of samples (394). n_quantiles is set to n_samples.
  warnings.warn(
/home/ubuntu/nba/.venv/lib/python3.12/site-packages/sklearn/preprocessing/_data.py:2905: UserWarning: n_quantiles (1000) is greater than the total number of samples (460). n_quantiles is set to n_samples.
  warnings.warn(
/home/ubuntu/nba/.venv/lib/python3.12/site-packages/sklearn/preprocessing/_data.py:2905: UserWarning: n_quantiles (1000) is greater than the total number of samples (549). n_quantiles is set to n_samples.
  warnings.warn(
/home/ubuntu/nba/.venv/lib/python3.12/site-packages/sklearn/preprocessing/_data.py:2905: UserWarning: n_quantiles (1000) is greater than the total number of samples (666). n_quantiles is set to n_samples.
  warnings.warn(
[03:23:18] gen231 die  WF +0.4290 gain -0.0197 folds 2/5  mut: risk=q25  (148s)
/home/ubuntu/nba/.venv/lib/python3.12/site-packages/sklearn/preprocessing/_data.py:2905: UserWarning: n_quantiles (1000) is greater than the total number of samples (310). n_quantiles is set to n_samples.
  warnings.warn(
/home/ubuntu/nba/.venv/lib/python3.12/site-packages/sklearn/preprocessing/_data.py:2905: UserWarning: n_quantiles (1000) is greater than the total number of samples (394). n_quantiles is set to n_samples.
  warnings.warn(
/home/ubuntu/nba/.venv/lib/python3.12/site-packages/sklearn/preprocessing/_data.py:2905: UserWarning: n_quantiles (1000) is greater than the total number of samples (460). n_quantiles is set to n_samples.
  warnings.warn(
/home/ubuntu/nba/.venv/lib/python3.12/site-packages/sklearn/preprocessing/_data.py:2905: UserWarning: n_quantiles (1000) is greater than the total number of samples (549). n_quantiles is set to n_samples.
  warnings.warn(
/home/ubuntu/nba/.venv/lib/python3.12/site-packages/sklearn/preprocessing/_data.py:2905: UserWarning: n_quantiles (1000) is greater than the total number of samples (666). n_quantiles is set to n_samples.
  warnings.warn(
[03:26:00] gen232 die  WF +0.4421 gain -0.0067 folds 3/5  mut: ixc=1/ridge_alpha=300.0  (162s)
/home/ubuntu/nba/.venv/lib/python3.12/site-packages/sklearn/preprocessing/_data.py:2905: UserWarning: n_quantiles (1000) is greater than the total number of samples (310). n_quantiles is set to n_samples.
  warnings.warn(
/home/ubuntu/nba/.venv/lib/python3.12/site-packages/sklearn/preprocessing/_data.py:2905: UserWarning: n_quantiles (1000) is greater than the total number of samples (394). n_quantiles is set to n_samples.
  warnings.warn(
/home/ubuntu/nba/.venv/lib/python3.12/site-packages/sklearn/preprocessing/_data.py:2905: UserWarning: n_quantiles (1000) is greater than the total number of samples (460). n_quantiles is set to n_samples.
  warnings.warn(
/home/ubuntu/nba/.venv/lib/python3.12/site-packages/sklearn/preprocessing/_data.py:2905: UserWarning: n_quantiles (1000) is greater than the total number of samples (549). n_quantiles is set to n_samples.
  warnings.warn(
/home/ubuntu/nba/.venv/lib/python3.12/site-packages/sklearn/preprocessing/_data.py:2905: UserWarning: n_quantiles (1000) is greater than the total number of samples (666). n_quantiles is set to n_samples.
  warnings.warn(
[03:33:41] gen233 die  WF +0.4445 gain -0.0042 folds 1/5  mut: icl_outlier=8.0/cat=1  (461s)
   (critic suggestion) {'M': 250.0, 'resid': 1}
   (critic suggestion) {'M': 250.0, 'icl_outlier': 4.0}
   (critic suggestion) {'resid': 1, 'mono': 'off'}
/home/ubuntu/nba/.venv/lib/python3.12/site-packages/sklearn/preprocessing/_data.py:2905: UserWarning: n_quantiles (1000) is greater than the total number of samples (206). n_quantiles is set to n_samples.
  warnings.warn(
/home/ubuntu/nba/.venv/lib/python3.12/site-packages/sklearn/preprocessing/_data.py:2905: UserWarning: n_quantiles (1000) is greater than the total number of samples (207). n_quantiles is set to n_samples.
  warnings.warn(
/home/ubuntu/nba/.venv/lib/python3.12/site-packages/sklearn/preprocessing/_data.py:2905: UserWarning: n_quantiles (1000) is greater than the total number of samples (207). n_quantiles is set to n_samples.
  warnings.warn(
/home/ubuntu/nba/.venv/lib/python3.12/site-packages/sklearn/preprocessing/_data.py:2905: UserWarning: n_quantiles (1000) is greater than the total number of samples (310). n_quantiles is set to n_samples.
  warnings.warn(
/home/ubuntu/nba/.venv/lib/python3.12/site-packages/sklearn/preprocessing/_data.py:2905: UserWarning: n_quantiles (1000) is greater than the total number of samples (310). n_quantiles is set to n_samples.
  warnings.warn(
/home/ubuntu/nba/.venv/lib/python3.12/site-packages/sklearn/preprocessing/_data.py:2905: UserWarning: n_quantiles (1000) is greater than the total number of samples (262). n_quantiles is set to n_samples.
  warnings.warn(
/home/ubuntu/nba/.venv/lib/python3.12/site-packages/sklearn/preprocessing/_data.py:2905: UserWarning: n_quantiles (1000) is greater than the total number of samples (263). n_quantiles is set to n_samples.
  warnings.warn(
/home/ubuntu/nba/.venv/lib/python3.12/site-packages/sklearn/preprocessing/_data.py:2905: UserWarning: n_quantiles (1000) is greater than the total number of samples (263). n_quantiles is set to n_samples.
  warnings.warn(
/home/ubuntu/nba/.venv/lib/python3.12/site-packages/sklearn/preprocessing/_data.py:2905: UserWarning: n_quantiles (1000) is greater than the total number of samples (394). n_quantiles is set to n_samples.
  warnings.warn(
/home/ubuntu/nba/.venv/lib/python3.12/site-packages/sklearn/preprocessing/_data.py:2905: UserWarning: n_quantiles (1000) is greater than the total number of samples (394). n_quantiles is set to n_samples.
  warnings.warn(
/home/ubuntu/nba/.venv/lib/python3.12/site-packages/sklearn/preprocessing/_data.py:2905: UserWarning: n_quantiles (1000) is greater than the total number of samples (306). n_quantiles is set to n_samples.
  warnings.warn(
/home/ubuntu/nba/.venv/lib/python3.12/site-packages/sklearn/preprocessing/_data.py:2905: UserWarning: n_quantiles (1000) is greater than the total number of samples (307). n_quantiles is set to n_samples.
  warnings.warn(
/home/ubuntu/nba/.venv/lib/python3.12/site-packages/sklearn/preprocessing/_data.py:2905: UserWarning: n_quantiles (1000) is greater than the total number of samples (307). n_quantiles is set to n_samples.
  warnings.warn(
/home/ubuntu/nba/.venv/lib/python3.12/site-packages/sklearn/preprocessing/_data.py:2905: UserWarning: n_quantiles (1000) is greater than the total number of samples (460). n_quantiles is set to n_samples.
  warnings.warn(
/home/ubuntu/nba/.venv/lib/python3.12/site-packages/sklearn/preprocessing/_data.py:2905: UserWarning: n_quantiles (1000) is greater than the total number of samples (460). n_quantiles is set to n_samples.
  warnings.warn(
/home/ubuntu/nba/.venv/lib/python3.12/site-packages/sklearn/preprocessing/_data.py:2905: UserWarning: n_quantiles (1000) is greater than the total number of samples (366). n_quantiles is set to n_samples.
  warnings.warn(
/home/ubuntu/nba/.venv/lib/python3.12/site-packages/sklearn/preprocessing/_data.py:2905: UserWarning: n_quantiles (1000) is greater than the total number of samples (366). n_quantiles is set to n_samples.
  warnings.warn(
/home/ubuntu/nba/.venv/lib/python3.12/site-packages/sklearn/preprocessing/_data.py:2905: UserWarning: n_quantiles (1000) is greater than the total number of samples (366). n_quantiles is set to n_samples.
  warnings.warn(
/home/ubuntu/nba/.venv/lib/python3.12/site-packages/sklearn/preprocessing/_data.py:2905: UserWarning: n_quantiles (1000) is greater than the total number of samples (549). n_quantiles is set to n_samples.
  warnings.warn(
/home/ubuntu/nba/.venv/lib/python3.12/site-packages/sklearn/preprocessing/_data.py:2905: UserWarning: n_quantiles (1000) is greater than the total number of samples (549). n_quantiles is set to n_samples.
  warnings.warn(
/home/ubuntu/nba/.venv/lib/python3.12/site-packages/sklearn/preprocessing/_data.py:2905: UserWarning: n_quantiles (1000) is greater than the total number of samples (444). n_quantiles is set to n_samples.
  warnings.warn(
/home/ubuntu/nba/.venv/lib/python3.12/site-packages/sklearn/preprocessing/_data.py:2905: UserWarning: n_quantiles (1000) is greater than the total number of samples (444). n_quantiles is set to n_samples.
  warnings.warn(
/home/ubuntu/nba/.venv/lib/python3.12/site-packages/sklearn/preprocessing/_data.py:2905: UserWarning: n_quantiles (1000) is greater than the total number of samples (444). n_quantiles is set to n_samples.
  warnings.warn(
/home/ubuntu/nba/.venv/lib/python3.12/site-packages/sklearn/preprocessing/_data.py:2905: UserWarning: n_quantiles (1000) is greater than the total number of samples (666). n_quantiles is set to n_samples.
  warnings.warn(
/home/ubuntu/nba/.venv/lib/python3.12/site-packages/sklearn/preprocessing/_data.py:2905: UserWarning: n_quantiles (1000) is greater than the total number of samples (666). n_quantiles is set to n_samples.
  warnings.warn(
[03:36:25] gen234 die  WF +0.4487 gain +0.0000 folds 0/5  mut: resid=1  (165s)
   (critic suggestion) {'icl_outlier': 4.0, 'mono': 'off'}
   (critic suggestion) {'M': 250.0, 'ixc': 1}
/home/ubuntu/nba/.venv/lib/python3.12/site-packages/sklearn/preprocessing/_data.py:2905: UserWarning: n_quantiles (1000) is greater than the total number of samples (310). n_quantiles is set to n_samples.
  warnings.warn(
/home/ubuntu/nba/.venv/lib/python3.12/site-packages/sklearn/preprocessing/_data.py:2905: UserWarning: n_quantiles (1000) is greater than the total number of samples (394). n_quantiles is set to n_samples.
  warnings.warn(
/home/ubuntu/nba/.venv/lib/python3.12/site-packages/sklearn/preprocessing/_data.py:2905: UserWarning: n_quantiles (1000) is greater than the total number of samples (460). n_quantiles is set to n_samples.
  warnings.warn(
/home/ubuntu/nba/.venv/lib/python3.12/site-packages/sklearn/preprocessing/_data.py:2905: UserWarning: n_quantiles (1000) is greater than the total number of samples (549). n_quantiles is set to n_samples.
  warnings.warn(
/home/ubuntu/nba/.venv/lib/python3.12/site-packages/sklearn/preprocessing/_data.py:2905: UserWarning: n_quantiles (1000) is greater than the total number of samples (666). n_quantiles is set to n_samples.
  warnings.warn(
[03:37:29] gen235 die  WF +0.4334 gain -0.0153 folds 0/5  mut: icl_shuffle=random/covw=0  (64s)
/home/ubuntu/nba/.venv/lib/python3.12/site-packages/sklearn/preprocessing/_data.py:2905: UserWarning: n_quantiles (1000) is greater than the total number of samples (310). n_quantiles is set to n_samples.
  warnings.warn(
/home/ubuntu/nba/.venv/lib/python3.12/site-packages/sklearn/preprocessing/_data.py:2905: UserWarning: n_quantiles (1000) is greater than the total number of samples (394). n_quantiles is set to n_samples.
  warnings.warn(
/home/ubuntu/nba/.venv/lib/python3.12/site-packages/sklearn/preprocessing/_data.py:2905: UserWarning: n_quantiles (1000) is greater than the total number of samples (460). n_quantiles is set to n_samples.
  warnings.warn(
/home/ubuntu/nba/.venv/lib/python3.12/site-packages/sklearn/preprocessing/_data.py:2905: UserWarning: n_quantiles (1000) is greater than the total number of samples (549). n_quantiles is set to n_samples.
  warnings.warn(
/home/ubuntu/nba/.venv/lib/python3.12/site-packages/sklearn/preprocessing/_data.py:2905: UserWarning: n_quantiles (1000) is greater than the total number of samples (666). n_quantiles is set to n_samples.
  warnings.warn(
[03:39:52] gen236 die  WF +0.4439 gain -0.0048 folds 3/5  mut: label=rank/mono=off  (143s)
/home/ubuntu/nba/.venv/lib/python3.12/site-packages/sklearn/preprocessing/_data.py:2905: UserWarning: n_quantiles (1000) is greater than the total number of samples (310). n_quantiles is set to n_samples.
  warnings.warn(
/home/ubuntu/nba/.venv/lib/python3.12/site-packages/sklearn/preprocessing/_data.py:2905: UserWarning: n_quantiles (1000) is greater than the total number of samples (394). n_quantiles is set to n_samples.
  warnings.warn(
/home/ubuntu/nba/.venv/lib/python3.12/site-packages/sklearn/preprocessing/_data.py:2905: UserWarning: n_quantiles (1000) is greater than the total number of samples (460). n_quantiles is set to n_samples.
  warnings.warn(
/home/ubuntu/nba/.venv/lib/python3.12/site-packages/sklearn/preprocessing/_data.py:2905: UserWarning: n_quantiles (1000) is greater than the total number of samples (549). n_quantiles is set to n_samples.
  warnings.warn(
/home/ubuntu/nba/.venv/lib/python3.12/site-packages/sklearn/preprocessing/_data.py:2905: UserWarning: n_quantiles (1000) is greater than the total number of samples (666). n_quantiles is set to n_samples.
  warnings.warn(
[03:42:35] gen237 die  WF +0.4349 gain -0.0138 folds 1/5  mut: cons=0.1/hurdle=1  (163s)
/home/ubuntu/nba/.venv/lib/python3.12/site-packages/sklearn/preprocessing/_data.py:2905: UserWarning: n_quantiles (1000) is greater than the total number of samples (310). n_quantiles is set to n_samples.
  warnings.warn(
/home/ubuntu/nba/.venv/lib/python3.12/site-packages/sklearn/preprocessing/_data.py:2905: UserWarning: n_quantiles (1000) is greater than the total number of samples (394). n_quantiles is set to n_samples.
  warnings.warn(
/home/ubuntu/nba/.venv/lib/python3.12/site-packages/sklearn/preprocessing/_data.py:2905: UserWarning: n_quantiles (1000) is greater than the total number of samples (460). n_quantiles is set to n_samples.
  warnings.warn(
/home/ubuntu/nba/.venv/lib/python3.12/site-packages/sklearn/preprocessing/_data.py:2905: UserWarning: n_quantiles (1000) is greater than the total number of samples (549). n_quantiles is set to n_samples.
  warnings.warn(
/home/ubuntu/nba/.venv/lib/python3.12/site-packages/sklearn/preprocessing/_data.py:2905: UserWarning: n_quantiles (1000) is greater than the total number of samples (666). n_quantiles is set to n_samples.
  warnings.warn(
[03:44:58] gen238 die  WF +0.4435 gain -0.0052 folds 2/5  mut: icl_shuffle=random  (143s)
/home/ubuntu/nba/.venv/lib/python3.12/site-packages/sklearn/preprocessing/_data.py:2905: UserWarning: n_quantiles (1000) is greater than the total number of samples (310). n_quantiles is set to n_samples.
  warnings.warn(
/home/ubuntu/nba/.venv/lib/python3.12/site-packages/sklearn/preprocessing/_data.py:2905: UserWarning: n_quantiles (1000) is greater than the total number of samples (394). n_quantiles is set to n_samples.
  warnings.warn(
/home/ubuntu/nba/.venv/lib/python3.12/site-packages/sklearn/preprocessing/_data.py:2905: UserWarning: n_quantiles (1000) is greater than the total number of samples (460). n_quantiles is set to n_samples.
  warnings.warn(
/home/ubuntu/nba/.venv/lib/python3.12/site-packages/sklearn/preprocessing/_data.py:2905: UserWarning: n_quantiles (1000) is greater than the total number of samples (549). n_quantiles is set to n_samples.
  warnings.warn(
/home/ubuntu/nba/.venv/lib/python3.12/site-packages/sklearn/preprocessing/_data.py:2905: UserWarning: n_quantiles (1000) is greater than the total number of samples (666). n_quantiles is set to n_samples.
  warnings.warn(
[03:47:29] gen239 die  WF +0.4332 gain -0.0155 folds 2/5  mut: ridge_alpha=1000.0  (151s)
/home/ubuntu/nba/.venv/lib/python3.12/site-packages/sklearn/preprocessing/_data.py:2905: UserWarning: n_quantiles (1000) is greater than the total number of samples (310). n_quantiles is set to n_samples.
  warnings.warn(
/home/ubuntu/nba/.venv/lib/python3.12/site-packages/sklearn/preprocessing/_data.py:2905: UserWarning: n_quantiles (1000) is greater than the total number of samples (394). n_quantiles is set to n_samples.
  warnings.warn(
/home/ubuntu/nba/.venv/lib/python3.12/site-packages/sklearn/preprocessing/_data.py:2905: UserWarning: n_quantiles (1000) is greater than the total number of samples (460). n_quantiles is set to n_samples.
  warnings.warn(
/home/ubuntu/nba/.venv/lib/python3.12/site-packages/sklearn/preprocessing/_data.py:2905: UserWarning: n_quantiles (1000) is greater than the total number of samples (549). n_quantiles is set to n_samples.
  warnings.warn(
/home/ubuntu/nba/.venv/lib/python3.12/site-packages/sklearn/preprocessing/_data.py:2905: UserWarning: n_quantiles (1000) is greater than the total number of samples (666). n_quantiles is set to n_samples.
  warnings.warn(
[03:49:56] gen240 die  WF +0.4218 gain -0.0269 folds 2/5  mut: label=rank/intl=0  (147s)
/home/ubuntu/nba/.venv/lib/python3.12/site-packages/sklearn/preprocessing/_data.py:2905: UserWarning: n_quantiles (1000) is greater than the total number of samples (310). n_quantiles is set to n_samples.
  warnings.warn(
/home/ubuntu/nba/.venv/lib/python3.12/site-packages/sklearn/preprocessing/_data.py:2905: UserWarning: n_quantiles (1000) is greater than the total number of samples (394). n_quantiles is set to n_samples.
  warnings.warn(
/home/ubuntu/nba/.venv/lib/python3.12/site-packages/sklearn/preprocessing/_data.py:2905: UserWarning: n_quantiles (1000) is greater than the total number of samples (460). n_quantiles is set to n_samples.
  warnings.warn(
/home/ubuntu/nba/.venv/lib/python3.12/site-packages/sklearn/preprocessing/_data.py:2905: UserWarning: n_quantiles (1000) is greater than the total number of samples (549). n_quantiles is set to n_samples.
  warnings.warn(
/home/ubuntu/nba/.venv/lib/python3.12/site-packages/sklearn/preprocessing/_data.py:2905: UserWarning: n_quantiles (1000) is greater than the total number of samples (666). n_quantiles is set to n_samples.
  warnings.warn(
   >> review_request.json written for the critic
/home/ubuntu/nba/.venv/lib/python3.12/site-packages/sklearn/preprocessing/_data.py:2905: UserWarning: n_quantiles (1000) is greater than the total number of samples (310). n_quantiles is set to n_samples.
  warnings.warn(
/home/ubuntu/nba/.venv/lib/python3.12/site-packages/sklearn/preprocessing/_data.py:2905: UserWarning: n_quantiles (1000) is greater than the total number of samples (394). n_quantiles is set to n_samples.
  warnings.warn(
/home/ubuntu/nba/.venv/lib/python3.12/site-packages/sklearn/preprocessing/_data.py:2905: UserWarning: n_quantiles (1000) is greater than the total number of samples (460). n_quantiles is set to n_samples.
  warnings.warn(
/home/ubuntu/nba/.venv/lib/python3.12/site-packages/sklearn/preprocessing/_data.py:2905: UserWarning: n_quantiles (1000) is greater than the total number of samples (549). n_quantiles is set to n_samples.
  warnings.warn(
/home/ubuntu/nba/.venv/lib/python3.12/site-packages/sklearn/preprocessing/_data.py:2905: UserWarning: n_quantiles (1000) is greater than the total number of samples (666). n_quantiles is set to n_samples.
  warnings.warn(
[03:53:26] gen241 die  WF +0.4185 gain -0.0302 folds 0/5  mut: icl_topk=60  (144s)
/home/ubuntu/nba/.venv/lib/python3.12/site-packages/sklearn/preprocessing/_data.py:2905: UserWarning: n_quantiles (1000) is greater than the total number of samples (310). n_quantiles is set to n_samples.
  warnings.warn(
/home/ubuntu/nba/.venv/lib/python3.12/site-packages/sklearn/preprocessing/_data.py:2905: UserWarning: n_quantiles (1000) is greater than the total number of samples (394). n_quantiles is set to n_samples.
  warnings.warn(
/home/ubuntu/nba/.venv/lib/python3.12/site-packages/sklearn/preprocessing/_data.py:2905: UserWarning: n_quantiles (1000) is greater than the total number of samples (460). n_quantiles is set to n_samples.
  warnings.warn(
/home/ubuntu/nba/.venv/lib/python3.12/site-packages/sklearn/preprocessing/_data.py:2905: UserWarning: n_quantiles (1000) is greater than the total number of samples (549). n_quantiles is set to n_samples.
  warnings.warn(
/home/ubuntu/nba/.venv/lib/python3.12/site-packages/sklearn/preprocessing/_data.py:2905: UserWarning: n_quantiles (1000) is greater than the total number of samples (666). n_quantiles is set to n_samples.
  warnings.warn(
[03:55:52] gen242 die  WF +0.4141 gain -0.0346 folds 0/5  mut: el=0  (145s)
   (critic suggestion) {'M': 250.0, 'icl_outlier': 4.0}
   (critic suggestion) {'M': 250.0, 'icl_n': 32}
   (critic suggestion) {'M': 250.0, 'ixc': 1}
   (critic suggestion) {'icl_outlier': 4.0, 'icl_norm': 'power'}
[03:56:57] STOPPED by user request (data rebuild)
